Workbook

Sheet README
A1: README — Master Regression Template (มาตรฐานทีม QA)
A2: คู่มือการใช้งาน File และเงื่อนไขการคำนวณอัตโนมัติ — อ่านก่อนเริ่มลงผล | Version เอกสาร 1.0 | อัปเดตล่าสุด: 2026-09-29
A4: 1. โครงสร้าง File
A5: Sheet | B5: หน้าที่
A6: Dashboard | B6: สรุปผลของทั้ง 3 Sheet, Release Decision (READY / NOT READY / NO-GO), Risk Level, Defect Summary, Tester Workload, Module Risk — คำนวณอัตโนมัติ ห้ามแก้ (ยกเว้น Environment Sign-off และ Risk Log)
A7: E2E core flow | B7: Test Scenario หลัก (Flow-based Regression) — QA ลงผลการทดสอบที่นี่
A8: Cards | B8: การ์ด (Linear) ที่ Release ใน Version นี้ + การ์ดที่ต้อง Retest จาก Version ก่อน · Map เข้ากับ Scenario ใน E2E · QA Site ตัดสิน Card Result ที่นี่
A9: Card Test Cases | B9: รายการ Test Case ของการ์ดแบบย่อ (1 แถว = 1 TC: ID, ชื่อ, ผล, Tester, วันที่, Defect ID) — ใช้ดูความคืบหน้า ส่วนรายละเอียด Step อยู่ในไฟล์ TC ของการ์ด
A10: Ownership Matrix | B10: ตารางทีมเจ้าของ ต่อ Module / Feature — PO / BA ดูแล ใช้หาว่า Bug ต้องส่งให้ทีมไหน และเป็นรายชื่อ Module ของ Dashboard หัวข้อ 10
A11: README | B11: คู่มือนี้
A13: 2. Priority และ Severity (มาตรฐานเดียวกันทั้ง File และ Linear)
A14: ค่า | B14: ความหมาย
A15: Severity (ความรุนแรงของ Bug) | B15: Critical / High / Medium / Low — ตาม SOP-QA-CORTEX-01 (Critical = Patient Safety / Financial Leakage / Workflow หยุดชะงัก / Data Corruption)
A16: Priority (ลำดับความสำคัญ) | B16: Urgent / High / Medium / Low — ตรงกับ Priority ใน Linear ใช้กับ Flow Priority (E2E L), Card Priority (Cards F), Bug Priority และ Risk Level
A17: Bug Priority = Severity × Impact | B17: Critical: Urgent Urgent High High · High: Urgent High High Medium · Medium: High High Medium Medium · Low: Medium Medium Low Low (Impact เรียงเป็น Extensive · Significant · Moderate · Minor)
A18: SLA ของ Bug Priority | B18: Urgent = แก้ทันที (Hotfix) · High = แก้ก่อนปิด Sprint · Medium = Sprint ถัดไป · Low = เมื่อมีเวลา / รวมกับงาน UI
A19: Priority ว่าง | B19: นับเป็น Urgent / High ไว้ก่อนเพื่อความปลอดภัย และไฮไลต์แดง — QA Site / BA ต้องกรอกให้ครบภายใน Day 0
A21: 3. กฎการกรอกข้อมูล (สำคัญ)
A22: หัวข้อ | B22: รายละเอียด
A23: ช่องพื้นสีเทา = สูตร | B23: ห้ามพิมพ์หรือ Paste ทับ: E2E Column G, R, W, Y, Z และ D4–D6 | Cards Column G, L–S | Card Test Cases Column C, D | Dashboard ทั้งหมด (ยกเว้นหัวข้อ 4 และ 5)
A24: เพิ่มแถวใหม่ | B24: พิมพ์ต่อท้ายในแถวว่างถัดไป สูตรจะคำนวณให้ทันทีเมื่อใส่ ID ในคอลัมน์ A ห้ามใช้ Insert Row แทรกระหว่างแถว เพราะแถวที่แทรกจะไม่มีสูตร — ถ้าจำเป็นต้องแทรก ให้ Copy ช่องสูตรจากแถวด้านบนลงมา
A25: Copy ข้อมูล | B25: Paste เฉพาะช่องที่ต้องกรอก ห้าม Paste ทั้งแถว เพราะจะทับสูตรในช่องสีเทา
A26: ขอบเขตข้อมูล | B26: สูตรและ Dropdown รองรับถึงแถว 1000 (E2E: แถว 15–1000 | Cards: แถว 4–1000 | Card Test Cases: แถว 4–1000) หากใกล้เต็มให้แจ้งผู้ดูแล File ขยายช่วง
A27: Tested Environment | B27: เลือกที่ E2E › B4 ครั้งเดียวต่อรอบ (demo-x / stg-tmh / stg-sbh / stg-nuh) — 1 File = 1 Environment
A28: Link SOP | B28: วาง URL ที่ E2E › C12 แล้ว Link ที่ A12 จะคลิกได้อัตโนมัติ
A29: โปรแกรมที่รองรับ | B29: Excel 365 / Excel Web — สูตรใช้ LET, FILTER, UNIQUE, SORT, VSTACK, HSTACK, TEXTJOIN ถ้าเปิดด้วย Excel 2019 หรือเก่ากว่าจะขึ้น #NAME? หลีกเลี่ยงการเปิดใน Google Sheets แล้ว Export กลับมาทับ File Master
A30: การป้องกัน (Protect) | B30: E2E, Cards และ Card Test Cases ถูก Protect ไว้ (ไม่มีรหัสผ่าน) — ล็อกเฉพาะ Priority (E2E L, Cards F), TOR (Cards H) และช่องสูตรของ Cards / Card Test Cases | แก้โครงสร้าง: Review › Unprotect Sheet แล้ว Protect กลับ
A32: 4. การลงผลใน E2E core flow
A33: Column | B33: วิธีกรอก
A34: สีหัวตาราง | B34: 🟦 น้ำเงิน (A–L) = Static Prep ที่ QA Site / BA เตรียมไว้ · 🟨 เหลือง (M–V, X) = Execution ที่ QA กรอกระหว่างรัน · ⬛ เทา (R, W, Y, Z) = Auto
A35: A — Scenario ID | B35: รหัส Scenario เช่น SMK-OPD-001 ต้องไม่ซ้ำ และใช้เลขรันจำนวนหลักเท่ากันทุกข้อ
A36: B — Module | B36: ต้องตรงกับชื่อ Module ใน Ownership Matrix (ใช้หา Owner Team, Module ของการ์ด และ Module Risk)
A37: L — Flow Priority | B37: Urgent / High / Medium / Low — QA Site / BA กรอกให้ครบตั้งแต่ Day 0 (ว่าง = ไฮไลต์แดง และนับเป็น Urgent / High) ใช้ร่วมกับ Card Priority ของการ์ดที่ผูกอยู่ เมื่อพบ Bug ระบบใช้ค่าที่สูงที่สุด (Highest Priority Wins)
A38: M — Execution Status | B38: ToDo → Ready for Testing → Testing → Done | Blocked = รันต่อไม่ได้ | Out of Scope / Canceled = ไม่นับในรอบนี้ ห้ามใช้ Passed / Failed ในคอลัมน์นี้ — ผลคุณภาพดูที่ Column W
A39: O — Defect ID | B39: ใส่ ID ของทุก Bug ที่พบใน Scenario นี้ (Issue ของ Site ตาม Case C ในหัวข้อ 8) — ถ้ามีหลาย ID ให้คั่นด้วย , (Risk Log จับคู่ได้เฉพาะช่องที่มี ID เดียว)
A40: P / Q — Severity / Impact | B40: กรอกเมื่อมี Defect ID (ช่องจะเป็นสีแดงอ่อน) — ถ้ายังไม่กรอก Bug Priority จะขึ้น "ระบุ Severity + Impact" และนับเป็น Blocking ไว้ก่อน
A41: R — Bug Priority (Auto) | B41: Severity × Impact → Urgent / High / Medium / Low ตาม Matrix ในหัวข้อ 2
A42: S / T — Root Cause / Defect Status | B42: Root Cause: Config / Master Data / Code Bug | Defect Status: Open (หรือว่าง) = ยังเปิด · Fixed – Retest Passed = ผ่าน Direct Fix + Impact Area แล้ว (Defect ID เก็บไว้เป็นหลักฐาน) ถ้ามีหลาย ID ให้เปลี่ยนเป็น Fixed เมื่อทุก ID ผ่าน Retest แล้วเท่านั้น
A43: U, V, X | B43: Tester | Executed Date (yyyy-mm-dd) | Remark (สรุป Impact Area / เหตุผลที่ Blocked)
A44: W — Overall Verdict (Auto) | B44: 1) Out of Scope / Canceled → Out of Scope 2) Blocked → Blocked 3) มี Bug ที่ยังไม่ Fixed: Flow หรือ Card Priority ใดเป็น Urgent / High / ว่าง → Failed · ทั้งหมด Medium / Low → Conditionally Passed 4) Done → Passed 5) อื่นๆ → Not Run
A45: Z — Release Gate (Auto) | B45: Blocking = Bug ที่ยังไม่ Fixed และ (Verdict = Failed หรือ Bug Priority = Urgent / High / ยังไม่ระบุ) → NO-GO Accepted (CF) = Blocking ที่ได้ CF แล้ว (แถว CAB ใน Risk Log) · Deferrable = ที่เหลือ → Risk Acceptance โดย PO
A47: 5. Cards
A48: Column | B48: วิธีใช้ / ผล
A49: A–C Card ID / Title / Owner | B49: ก๊อปวางจาก Linear ได้ทันที (Ctrl+Shift+V วางเฉพาะค่า) — ดึงการ์ดที่ Release ใน Version นี้ + การ์ด Label regression-fail ของ Version ก่อน
A50: E Map to Scenario ID | B50: ใส่ Scenario ID จาก E2E ได้หลาย ID ในช่องเดียว (คั่นด้วย , หรือขึ้นบรรทัดใหม่) ค้นหาแบบ Partial Match — ใช้เลขรันจำนวนหลักเท่ากันเสมอ (SMK-OPD-001 กับ SMK-OPD-0011 จะถูกจับคู่ซ้ำ)
A51: F Card Priority | B51: Urgent / High / Medium / Low — กรอกภายใน Day 0 (ว่าง = นับเป็น Urgent / High) · Protect หลัง Day 0
A52: G E2E Status (Auto) | B52: ผลที่แย่ที่สุดของทุก Scenario ที่ผูก: Failed > Blocked > Ready for Testing > Conditionally Passed > Passed > Out of Scope | E ว่าง → Pending Mapping
A53: H TOR (Yes / No) | B53: QA Site ระบุตอนดึงการ์ดเข้า File (Day 0) ว่าการ์ดอยู่ใน TOR หรือไม่ · ว่าง = ไฮไลต์แดง และนับเป็น TOR ไว้ก่อน · Protect หลัง Day 0
A54: I Retest from Version | B54: ใส่ Version ที่การ์ดไม่ผ่าน (เช่น v{X}) เมื่อเป็นการ์ดที่ยกมา Retest จาก Regression รอบก่อน
A55: J Card Result | B55: QA Site ตัดสินผลของการ์ดจาก E2E Status + ผล TC: Passed · Passed with Known Issue · Failed · Not Tested TC ไม่ผ่านครบก็ให้การ์ดผ่านได้ ถ้าเป็นสิ่งที่ยอมรับได้ → เลือก Passed with Known Issue ซึ่งต้องให้ QA Lead ยืนยัน
A56: K Result Note | B56: เหตุผลของ Card Result, Sub-issue ID ของ Known Issue และชื่อ QA Lead ที่ยืนยัน
A57: L Release Gate (Auto) | B57: การ์ดที่อยู่ใน Gate = TOR (หรือยังไม่ระบุ) หรือ Card Priority Urgent / High (หรือว่าง) Pending Result = การ์ดใน Gate ที่ยังไม่มี Card Result → NO-GO · Blocking = การ์ดใน Gate ที่ Failed / Not Tested → NO-GO จนกว่าจะได้ CF · Accepted (CF) การ์ดนอก Gate: Failed → Deferrable (Risk Acceptance โดย PO) · Not Tested → Carry Over · Passed with Known Issue → Known Issue
A58: M Module (Auto) | B58: Module ของ Scenario แรกที่ผูกไว้ใน Column E
A59: N–R TC Status / Total / Passed / Failed / Remaining (Auto) | B59: สรุปจาก Card Test Cases ไว้ช่วยตัดสิน Card Result: No TC · Failed · Blocked · In Progress · Passed · Out of Scope
A60: S Tester (Auto) | B60: รวมรายชื่อ Tester จาก Card Test Cases และ Scenario ที่ผูกอยู่ — ใช้ดูว่าใครเทสการ์ดใบไหน
A62: 6. Card Test Cases (กรอกให้น้อยที่สุด)
A63: Column | B63: วิธีใช้ / ผล
A64: A / B TC ID / Card ID | B64: TC ID รูปแบบ TC-{Site}-{Card no.}-001 · Card ID ต้องตรงกับ Cards Column A (ถ้าไม่ตรง Column C จะขึ้น "ไม่พบ Card ID")
A65: C / D Card Title / Module (Auto) | B65: ดึงจาก Cards — คลิกชื่อการ์ดเพื่อกลับไปที่แถวการ์ด
A66: E Test Case Name | B66: ชื่อ TC แบบย่อ — Precondition / Step / Expected อยู่ในไฟล์ TC ของการ์ด ไม่ต้องกรอกซ้ำ
A67: F Result | B67: Passed / Failed / Blocked / Not Run / Out of Scope (ว่าง = Not Run)
A68: G / H Tester / Executed Date | B68: ใครรัน และวันที่รัน (yyyy-mm-dd)
A69: I / J Defect ID / Remark | B69: Failed → สร้าง Sub-issue ใต้การ์ดแล้วใส่ ID (ถ้าว่างจะไฮไลต์แดง) · Remark = อาการที่พบ / เหตุผลที่ Blocked Severity / Priority ของ Bug กำหนดใน Sub-issue ที่ Linear — ผล TC ไม่ตัดสิน Release เอง การตัดสินอยู่ที่ Card Result
A71: 7. Release Decision (Dashboard B10) และ Risk Level (K10)
A72: เงื่อนไข | B72: ผล
A73: NO-GO ข้อ 1 | B73: Scenario Failed (Flow / Card Priority Urgent / High / ว่าง) ที่ยังไม่ได้ CF → "Failed (Urgent/High): n"
A74: NO-GO ข้อ 2 | B74: Scenario Flow Priority Urgent / High / ว่าง ที่ยัง Not Run หรือ Blocked → "Urgent/High Untested: n | Blocked: n"
A75: NO-GO ข้อ 3 | B75: การ์ดใน Gate (TOR หรือ Urgent / High) ที่ยังไม่มี Card Result (Cards L = Pending Result) → "Cards Pending Result (TOR / Urgent-High): n"
A76: NO-GO ข้อ 4 | B76: Bug Urgent / High ใน E2E ที่ยังไม่ Fixed และไม่ได้ CF (Column Z = Blocking) → "Open Urgent/High Bug (no CF): n"
A77: NO-GO ข้อ 5 | B77: การ์ดใน Gate ที่ Card Result = Failed หรือ Not Tested และยังไม่ได้ CF (Cards L = Blocking) → "Cards Failed / Not Tested (TOR / Urgent-High, no CF): n"
A78: READY TO RELEASE | B78: ไม่เข้าเงื่อนไข NO-GO และมีเคสที่ประเมินผลแล้ว — ต่อท้ายด้วย (Medium/Low Untested: n), Accepted by CF: n, Known Issues: E2E n / Cards n ถ้ามี
A79: NOT READY | B79: ยังไม่มีเคสที่ประเมินผลเลย
A80: Risk Level | B80: Urgent = NO-GO หรือมี Bug Urgent ค้าง · High = มี Bug High ค้าง หรือมีรายการที่ผ่านด้วย CF · Medium = มี Bug Medium ค้าง, Pending Risk Acceptance, การ์ด Known Issue หรือยังเทสไม่ครบ · Low = ที่เหลือ Feed P12 (Risk Reason) บอกเหตุผล — Module Risk (หัวข้อ 10) ใช้เกณฑ์เดียวกันราย Module
A81: ตัวชี้วัดหลัก | B81: Total Scope = Scenario − Out of Scope · Execution Rate = (Testing + Blocked + Done) / Scope · Pass Rate = (Passed + Cond. Passed) / (Passed + Cond. Passed + Failed) · % Evaluated = เคสที่มีผล Passed / Cond. Passed / Failed ÷ Scope
A82: Dashboard หัวข้อ 6–10 | B82: 6 Blocking Bug List · 7 Test Progress ของ 3 Sheet · 8 Defect & Gate Summary (E2E Bug ตาม Severity / Bug Priority, Release Gate ของ E2E + Cards, Root Cause) · 9 Tester Workload · 10 Module Coverage & Risk
A84: 8. การส่ง Bug และการ Retest
A85: ขั้นตอน | B85: วิธีทำ
A86: Case A — Bug ของการ์ดที่ Release ใน Version นี้ | B86: สร้าง Sub-issue ใต้การ์ดนั้นใน Board ของ Site · Label: regression-fail + v{X} · ใส่ Sub-issue ID ใน Card Test Cases Column I (หรือ E2E Column O ถ้าพบจาก Scenario) · Card Result = Passed with Known Issue หรือ Failed
A87: Case B — การ์ดที่ Release แต่เทสไม่ทัน | B87: Card Result = Not Tested · ติด Label regression-fail + v{X} ที่การ์ดเดิม → Regression รอบถัดไปดึงเข้า Cards และใส่ Column I = v{X}
A88: Case C — Bug ที่ไม่มีการ์ด (พบจาก E2E Flow) | B88: สร้าง Issue ใน Team ของ Site · Assign PO / BA ของ Site · Label: regression-fail + v{X} · ใส่ Issue ID ใน E2E Column O
A89: Title / Description | B89: Title: [Regression] {Module / Feature} - {Symptom} | Description: Scenario ID หรือ TC ID, Steps, Expected / Actual, Evidence
A90: SLA การคัดแยก (PO / BA ของ Site) | B90: ภายใน 1 วันทำการ (Urgent / High ภายในวันเดียวกัน) เกินกำหนด → Escalate ไปที่ PM
A91: Retest | B91: Blocking → Retest ภายในวันเดียวกันหลัง Dev แจ้ง Deploy · อื่นๆ ภายใน 2 วันทำการ | Direct Fix → Impact Area 1–2 Use Cases → บันทึกผลใน Comment และ Remark
A92: ปิด Bug | B92: เปลี่ยน Defect Status เป็น Fixed – Retest Passed แล้วปิดตั๋วใน Linear | ถ้า Retest ไม่ผ่าน: คง Open และตีกลับตั๋ว
A93: New Cortex | B93: ไม่รับ Bug แล้ว — ใช้เก็บ Evidence ของ TC, การ์ดรอบ Regression และ Regression Report เท่านั้น
A94: Owner Team (E2E Y) / Ownership Matrix | B94: ข้อมูลอ้างอิงให้ PO / BA ใช้กระจายงาน — QA ไม่ต้องส่งหาทีมเจ้าของเอง
A96: 9. ก่อน Day 1, CF และการยอมรับความเสี่ยง
A97: หัวข้อ | B97: รายละเอียด
A98: แก้หัว File (บังคับ) | B98: ก่อน Day 1 ทุก Site ต้องแก้ E2E › B1 (Project / Site เช่น Cortex HIS – TMH) และ B3 (Build / Version ของรอบนั้น) ห้ามปล่อยเป็น Placeholder — Grand Dashboard ดึงไปแสดง
A99: Passed with Known Issue | B99: QA Site + QA Lead ตัดสินร่วมกันว่ายอมรับได้ · ใส่เหตุผล, Sub-issue ID และชื่อ QA Lead ใน Cards › Result Note
A100: Day 0: Priority และ TOR | B100: QA Site / BA กรอก Flow Priority (E2E L), Card Priority (Cards F) และ TOR (Cards H) ให้ครบ แล้ว Protect | เปลี่ยนภายหลังได้เมื่อ PO อนุมัติ: QA Lead Unprotect แก้ค่า แล้ว Protect กลับ พร้อมเหตุผลใน Remark
A101: Linear Setup | B101: สร้าง Label regression-fail และ Label Version (v{X}) ในทุก Team ของ Site ก่อนวันแรก
A102: Environment Sign-off | B102: Dashboard › หัวข้อ 4: ตรวจ 5 ข้อ Environment (SRE), Version (SRE), Master (Dev), Config (Dev), Linear (QA Lead) เลือก Ready หรือ N/A ครบทุกช่อง แล้วใส่ชื่อผู้ Sign-off และวันที่ → Feed แสดง Signed
A103: Deployment Window | B103: โค้ดต้องนิ่งก่อนวัน Regression · Deploy ตัวแก้ได้ตามรอบที่กำหนด และแจ้ง QA ทุกครั้ง · Fix Cut-off Day 4 เวลา 12:00
A104: Deferrable (E2E + Cards) | B104: PO / BA Lead ของ Site พิมพ์ Risk Acceptance ใน Ticket → Backlog Sprint ถัดไป + บันทึก Risk Log (Approval Level = PO) — Pending Risk Acceptance ต้องเป็น 0 ก่อน Release Decision
A105: Blocking ค้างหลัง Cut-off → ขอ CF | B105: ขอ CF จากผู้มีอำนาจตัดสินใจใน Group Chat: ส่ง Day 5 เวลา 09:30 · ทวง 13:00 · เส้นตาย 15:00 (ไม่ตอบ = ไม่อนุมัติ) → บันทึก Risk Log (Approval Level = CAB พร้อม Link ข้อความ) · E2E Column Z / Cards Column L จะเป็น Accepted (CF) (Risk Log ใส่ Defect ID หรือ Card ID)
A106: Release Decision & Sign-off | B106: Day 5 เวลา 17:00 · Sign-off โดย Comment "Approved" บนการ์ด Release: PM (Accountable), PO, QA Lead, Dev Lead
A107: Bug ค้างครบ 2 รอบ Regression | B107: รอบที่ 3 PO ปรับ Priority ขึ้น 1 ระดับ และคุมโควตา Bug เก่า 10–15% ของเวลาใน Sprint
A109: 10. Grand Dashboard และการขึ้น Version ใหม่
A110: หัวข้อ | B110: รายละเอียด
...

Sheet Regression Plan
A1: ="Regression Plan — "&'E2E core flow'!B1&" · "&'E2E core flow'!B3 -> Regression Plan — Cortex HIS (SBH) · v2.9.0
A2: Auto-linked from 'E2E core flow', 'Cards', 'Card Test Cases' และ Dashboard — กรอกเฉพาะช่องสีเหลือง (ตัวอักษรสีน้ำเงิน)
A3: 1. Test Information
A4: Item | B4: Value | C4: Source
A5: Project Name | B5: ='E2E core flow'!B1 -> Cortex HIS (SBH) | C5: E2E core flow!B1
A6: Test Suite | B6: ='E2E core flow'!B2 -> E2E (Core Flow) | C6: E2E core flow!B2
A7: Build / Version | B7: ='E2E core flow'!B3 -> v2.9.0 | C7: E2E core flow!B3
A8: Environment | B8: ='E2E core flow'!B4 -> demo-x | C8: E2E core flow!B4
A9: Priority | B9: ='E2E core flow'!B5 -> Urgent | C9: E2E core flow!B5
A10: Sprint / Cycle | B10: =IF('E2E core flow'!D1="","(ยังไม่ระบุ)",'E2E core flow'!D1) -> (ยังไม่ระบุ) | C10: E2E core flow!D1
A11: Executed By | B11: =IF('E2E core flow'!D2="","(ยังไม่ระบุ)",'E2E core flow'!D2) -> (ยังไม่ระบุ) | C11: E2E core flow!D2
A12: Executed Date | B12: =IF(OR('E2E core flow'!D3="",'E2E core flow'!D3="yyyy-mm-dd hh:mm"),"(ยังไม่ระบุ)",'E2E core flow'!D3) -> (ยังไม่ระบุ) | C12: E2E core flow!D3
A13: Last Executed Date (Auto) | B13: ='Dashboard Feed'!P8 -> - | C13: วันที่ล่าสุดจาก E2E + Card Test Cases
A14: Test Start Date | C14: Input — วันเริ่มทดสอบ (yyyy-mm-dd)
A15: Duration (Working Days) | B15: 5 | C15: Input — จำนวนวันทำการ (จ.–ศ.)
A16: Test End Date | B16: =IF(OR(B14="",B15=""),"-",WORKDAY(B14,B15-1)) -> - | C16: Start + Duration − 1 (ไม่นับเสาร์–อาทิตย์)
A17: Timeline Status | B17: =IF(OR(B14="",B15=""),"กรอก Start Date",IF(TODAY()<B14,"Not Started",IF(TODAY()>B16,"Ended","In Progress — เหลือ "&NETWORKDAYS(TODAY(),B16)&" วันทำการ"))) -> กรอก Start Date | C17: คำนวณจากวันที่ปัจจุบัน
A19: 2. Regression Scope
A20: Scope | B20: Count | C20: Note
A21: E2E Scenarios – OPD | B21: =COUNTIFS('E2E core flow'!$A$15:$A$1000,"<>",'E2E core flow'!$B$15:$B$1000,"OPD") -> 11 | C21: Module = OPD
A22: E2E Scenarios – IPD | B22: =COUNTIFS('E2E core flow'!$A$15:$A$1000,"<>",'E2E core flow'!$B$15:$B$1000,"IPD") -> 13 | C22: Module = IPD
A23: E2E Scenarios – Other Modules | B23: =B24-B21-B22 -> 7 | C23: Module อื่น
A24: E2E Scenarios – Total | B24: =COUNTIF('E2E core flow'!$A$15:$A$1000,"?*") -> 31 | C24: ทั้งหมดในชีต E2E core flow
A25: Cards (Feature cards) | B25: =COUNTIF(Cards!$A$4:$A$1000,"?*") -> 38 | C25: การ์ดที่ต้องทดสอบใน release นี้
A26: Card Test Cases | B26: =COUNTIF('Card Test Cases'!$A$4:$A$1000,"?*") -> 0 | C26: TC ทั้งหมดในชีต Card Test Cases
A27: Out of Scope / Canceled (E2E) | B27: =COUNTIF('E2E core flow'!$W$15:$W$1000,"Out of Scope") -> 13 | C27: ไม่นับใน Pass Rate
A28: Known Issue (Cards) | B28: =COUNTIF(Cards!$J$4:$J$1000,"Passed with Known Issue") -> 0 | C28: Passed with Known Issue → ต้องแจ้งใน Release Note
A30: 3. Pass / Fail Criteria (Overall Verdict)
A31: Verdict | B31: Condition | C31: Action
A32: NOT READY (NO-GO) | B32: มี Scenario / การ์ด / TC ที่ Failed หรือ Blocked หรือมี Bug Priority Urgent / High ที่ยังไม่ Fixed หรือการ์ด TOR / Urgent-High ยังไม่มีผล | C32: Log Bug / Hotfix ตาม Exit Criteria → Reject Build หากแก้ไม่ทัน
A33: IN PROGRESS | B33: ยังทดสอบไม่ครบ แต่ยังไม่เข้าเงื่อนไข NO-GO | C33: ทดสอบต่อจนครบ
A34: READY (GO) | B34: ทุกส่วนผ่าน (Passed / Cond. Passed) ไม่มี Blocking และผ่านเกณฑ์ข้อ 9 | C34: Accept Build → Release
A35: Current Verdict | B35: =Dashboard!D12 -> NOT READY (NO-GO) | C35: Dashboard › Overall Verdict
A37: 4. Exit Criteria
A38: Item | B38: Value | C38: Source
A39: Exit Criteria | B39: ='E2E core flow'!B6 -> หากพบ Bug Priority Urgent / High ให้ log bug เพื่อแก้ด่วน โดย Developer ต้องส่งมอบแก้ไขภายใน [ระบุเวลา เช่น 2–4 ชม.] มิฉะนั้นจะดำเนินการ Reject Build ทันที | C39: E2E core flow!B6
A41: 5. Execution Status (E2E)
A42: Status | B42: Meaning | C42: Counts toward | D42: Count
A43: ToDo | B43: ยังไม่เริ่มทดสอบ | C43: IN PROGRESS | D43: =COUNTIF('E2E core flow'!$M$15:$M$1000,A43) -> 0
A44: Ready for Testing | B44: พร้อมให้ทดสอบ (Build / ข้อมูลพร้อม) | C44: IN PROGRESS | D44: =COUNTIF('E2E core flow'!$M$15:$M$1000,A44) -> 18
A45: Testing | B45: อยู่ระหว่างทดสอบ | C45: IN PROGRESS | D45: =COUNTIF('E2E core flow'!$M$15:$M$1000,A45) -> 0
A46: Blocked | B46: ทดสอบต่อไม่ได้เพราะติด Defect / Environment | C46: NO-GO | D46: =COUNTIF('E2E core flow'!$M$15:$M$1000,A46) -> 0
A47: Done | B47: ทดสอบเสร็จ (ผลดูที่ Overall Verdict ของ Scenario) | C47: ตาม Verdict | D47: =COUNTIF('E2E core flow'!$M$15:$M$1000,A47) -> 0
A48: Out of Scope | B48: ไม่อยู่ใน Scope ของรอบนี้ | C48: — (ไม่นับ) | D48: =COUNTIF('E2E core flow'!$M$15:$M$1000,A48) -> 13
A49: Canceled | B49: ยกเลิก Scenario ใน Cycle นี้ | C49: — (ไม่นับ) | D49: =COUNTIF('E2E core flow'!$M$15:$M$1000,A49) -> 0
A51: 6. Defect Severity
A52: Severity | B52: Meaning | C52: Action | D52: Open (E2E)
A53: Critical | B53: Blocker — ขวาง Core Flow ทำต่อไม่ได้ | C53: Hotfix ด่วนตาม Exit Criteria → NO-GO | D53: =Dashboard!D165 -> 0
A54: High | B54: กระทบฟังก์ชันหลัก แต่มีทางเลี่ยง | C54: แก้ก่อน Release / Re-test | D54: =Dashboard!D166 -> 0
A55: Medium | B55: กระทบบางส่วน ไม่ขวาง Flow | C55: วางแผนแก้ใน Release ถัดไป (Risk Acceptance) | D55: =Dashboard!D167 -> 0
A56: Low | B56: เล็กน้อย / UI / ข้อความ | C56: Backlog | D56: =Dashboard!D168 -> 0
B57: Bug Priority (Auto) = Severity × Impact (Extensive / Significant / Moderate / Minor) — ดู Dashboard › 8b
A59: 7. Test Classification (Dropdown ในชีต E2E core flow)
A60: Field | B60: Allowed Values | C60: Column
A61: Test Level | B61: Unit, Integration, System, Acceptance | C61: I
A62: Test Type | B62: Functional, UI/UX, Security, Performance, Integration | C62: J
A63: Test Intent | B63: Happy, Unhappy, Edge, Error | C63: K
A64: Flow Priority | B64: Urgent, High, Medium, Low | C64: L
A65: Impact | B65: Extensive, Significant, Moderate, Minor | C65: Q
A66: Root Cause | B66: Config, Master Data, Code Bug | C66: S
A68: 8. Feature Card Result (Cards)
A69: Status | B69: Count | C69: Note
A70: Passed | B70: =COUNTIF(Cards!$J$4:$J$1000,"Passed") -> 0 | C70: การ์ดผ่าน
A71: Passed with Known Issue | B71: =COUNTIF(Cards!$J$4:$J$1000,"Passed with Known Issue") -> 0 | C71: ผ่านแต่มี Known Issue → แจ้งใน Release Note (ข้อ 10)
A72: Failed | B72: =COUNTIF(Cards!$J$4:$J$1000,"Failed") -> 0 | C72: มี Defect — ต้อง Re-test หลังแก้
A73: Not Tested | B73: =COUNTIF(Cards!$J$4:$J$1000,"Not Tested") -> 0 | C73: ยังไม่ทดสอบ / รอ Fix
A74: No Result Yet | B74: =COUNTIFS(Cards!$A$4:$A$1000,"?*",Cards!$J$4:$J$1000,"") -> 38 | C74: ยังไม่กรอก Card Result
A75: Pass Rate (of Tested) | B75: =IFERROR((B70+B71)/(B70+B71+B72),"-") -> - | C75: (Passed + Known Issue) ÷ (Passed + Known Issue + Failed)
A77: 9. Regression Result (Acceptance Threshold)
A78: Category | B78: Target (Pass ≥ / Known Issue ≤) | C78: Actual | D78: Passed / Total | E78: Result
A79: E2E Scenarios | B79: 1 | C79: =IFERROR((Dashboard!C21+Dashboard!D21)/Dashboard!H21,0) -> 0 | D79: =(Dashboard!C21+Dashboard!D21)&" / "&Dashboard!H21 -> 0 / 18 | E79: =IF(C79>=B79,"PASS","FAIL") -> FAIL
A80: Cards (excl. Known Issue) | B80: 0.9 | C80: =IFERROR(B70/(B25-B71),0) -> 0 | D80: =B70&" / "&(B25-B71) -> 0 / 38 | E80: =IF(C80>=B80,"PASS","FAIL") -> FAIL
A81: Card Test Cases | B81: 0.9 | C81: =IFERROR(Dashboard!C23/Dashboard!H23,0) -> 0 | D81: =Dashboard!C23&" / "&Dashboard!H23 -> 0 / 0 | E81: =IF(C81>=B81,"PASS","FAIL") -> FAIL
A82: Known Issue (Out of Scope) ≤ | B82: 0.1 | C82: =IFERROR(B71/B25,0) -> 0 | D82: =B71&" / "&B25&" cards" -> 0 / 38 cards | E82: =IF(C82<=B82,"PASS","FAIL") -> PASS
A83: Overall Regression Result | E83: =IF(COUNTIF(E79:E82,"PASS")=4,"PASS (Accept)","FAIL (Not Accept)") -> FAIL (Not Accept)
A84: หมายเหตุ: E2E = (Passed + Cond. Passed) ÷ Scenario ใน Scope ต้องได้ 100% | Cards = Passed ÷ (การ์ดทั้งหมด − Known Issue) ≥ 90% | TC = Passed ÷ TC ใน Scope ≥ 90% | Known Issue ÷ การ์ดทั้งหมด ≤ 10% — ผ่านครบ 4 ข้อจึง Accept Build (แก้เกณฑ์ได้ที่ช่องสีเหลือง)
A86: 10. Out of Scope → Known Issue
A87: การ์ดที่ Card Result = "Passed with Known Issue" ในชีต Cards — ไม่นับใน Pass Rate ของ Cards และต้องระบุใน Release Note (ดึงอัตโนมัติ)
A88: Card No. | B88: Title | C88: Owner | D88: Card Priority | E88: Result Note
A89: {=IFERROR(_xlfn._xlws.FILTER(_xlfn.HSTACK(Cards!$A$4:$A$1000,Cards!$B$4:$B$1000,Cards!$C$4:$C$1000,Cards!$F$4:$F$1000,Cards!$K$4:$K$1000),Cards!$J$4:$J$1000="Passed with Known Issue"),"ไม่มีการ์ด Known Issue")} -> ไม่มีการ์ด Known Issue

Sheet Dashboard
B1: ="Release Dashboard — Regression "&'E2E core flow'!B3&" · "&'E2E core flow'!B1 -> Release Dashboard — Regression v2.9.0 · Cortex HIS (SBH)
B2: Auto-calculated from 'E2E core flow', 'Cards' and 'Card Test Cases'. Do not overwrite formulas.
B4: 1. Process & Progress Funnel
B5: Total Scope | D5: Execution Rate | F5: Completion Rate | I5: Release Readiness / Pass Rate
B6: =C67-C66 -> 18 | D6: =IFERROR((C86+C87+C90)/B6,0) -> 0 | F6: =IFERROR(C90/B6,0) -> 0 | I6: {=_xlfn.LET(_xlpm.p,COUNTIF('E2E core flow'!$W$15:$W$1000,"Passed"),_xlpm.cp,COUNTIF('E2E core flow'!$W$15:$W$1000,"Conditionally Passed"),_xlpm.f,COUNTIF('E2E core flow'!$W$15:$W$1000,"Failed"),IFERROR((_xlpm.p+_xlpm.cp)/(_xlpm.p+_xlpm.cp+_xlpm.f),"No evaluated cases"))} -> No evaluated cases
B8: ="Cards: "&J61&" | Test Cases: "&'Dashboard Feed'!P15&" | Pending Mapping: "&COUNTIF(Cards!$G$4:$G$1000,"Pending Mapping")&" | Out of Scope (excluded): "&C66 -> Cards: 38 | Test Cases: 0 | Pending Mapping: 5 | Out of Scope (excluded): 13 | D8: ="Started "&(C86+C87+C90)&" of "&B6&" (Testing "&C86&" | Blocked "&C87&" | Done "&C90&")" -> Started 0 of 18 (Testing 0 | Blocked 0 | Done 0) | F8: ="Completed (Done) "&C90&" of "&B6 -> Completed (Done) 0 of 18 | I8: {=_xlfn.LET(_xlpm.p,COUNTIF('E2E core flow'!$W$15:$W$1000,"Passed"),_xlpm.cp,COUNTIF('E2E core flow'!$W$15:$W$1000,"Conditionally Passed"),_xlpm.f,COUNTIF('E2E core flow'!$W$15:$W$1000,"Failed"),"Passed "&_xlpm.p&" + Cond. Passed "&_xlpm.cp&" of "&(_xlpm.p+_xlpm.cp+_xlpm.f)&" evaluated (Failed "&_xlpm.f&")")} -> Passed 0 + Cond. Passed 0 of 0 evaluated (Failed 0)
B9: Total test scenarios in this cycle | D9: % of scope started (Testing / Blocked / Done) | F9: % of scope tested to a final result | I9: (Passed + Cond. Passed) / (Passed + Cond. Passed + Failed) — Failed นับทันทีแม้ยังไม่ Done
B10: {=_xlfn.LET(_xlpm.ids,'E2E core flow'!$A$15:$A$1000,_xlpm.pri,'E2E core flow'!$L$15:$L$1000,_xlpm.ver,'E2E core flow'!$W$15:$W$1000,_xlpm.gate,'E2E core flow'!$Z$15:$Z$1000,_xlpm.hi,(_xlpm.pri="Urgent")+(_xlpm.pri="High")+((_xlpm.pri="")*(_xlpm.ids<>"")),_xlpm.fe,SUM((_xlpm.ver="Failed")*(_xlpm.gate<>"Accepted (CF)")),_xlpm.fc,J64,_xlpm.hnr,SUM(_xlpm.hi*(_xlpm.ver="Not Run")),_xlpm.hb,SUM(_xlpm.hi*(_xlpm.ver="Blocked")),_xlpm.hcu,'Dashboard Feed'!P22,_xlpm.lu,'Dashboard Feed'!P25,_xlpm.ub,SUM((_xlpm.gate="Blocking")*(_xlpm.ver<>"Failed")),_xlpm.tb,'Dashboard Feed'!P24,_xlpm.cf,'Dashboard Feed'!P35,_xlpm.ki,C62,_xlpm.kt,'Dashboard Feed'!P36,_xlpm.pr,I6,_xlpm.nogo,_xlpm.fe+_xlpm.hnr+_xlpm.hb+_xlpm.hcu+_xlpm.ub+_xlpm.tb>0,_xlpm.msg,IF(_xlpm.nogo,"NOT READY (NO-GO) - "&_xlfn.TEXTJOIN(" | ",TRUE,IF(_xlpm.fe>0,"Failed (Urgent/High): "&_xlpm.fe&" (Cards affected: "&_xlpm.fc&")",""),IF(_xlpm.hnr+_xlpm.hb>0,"Urgent/High Untested: "&_xlpm.hnr&" | Blocked: "&_xlpm.hb,""),IF(_xlpm.hcu>0,"Cards Pending Result (TOR / Urgent-High): "&_xlpm.hcu,""),IF(_xlpm.ub>0,"Open Urgent/High Bug (no CF): "&_xlpm.ub,""),IF(_xlpm.tb>0,"Cards Failed / Not Tested (TOR / Urgent-High, no CF): "&_xlpm.tb,"")),IF(ISNUMBER(_xlpm.pr),"READY TO RELEASE"&IF(_xlpm.lu>0," (Medium/Low Untested: "&_xlpm.lu&")",""),"NOT READY - ยังไม่มีเคสที่ประเมินผล")),"Release Decision: "&_xlpm.msg&IF(_xlpm.cf>0," | Accepted by CF: "&_xlpm.cf,"")&IF(_xlpm.ki+_xlpm.kt>0," | Known Issues: E2E "&_xlpm.ki&" / Cards "&_xlpm.kt,""))} -> Release Decision: NOT READY (NO-GO) - Urgent/High Untested: 18 | Blocked: 0 | Cards Pending Result (TOR / Urgent-High): 38 | K10: ="Risk Level: "&'Dashboard Feed'!P11 -> Risk Level: Urgent
B11: ★ Regression Result Summary — Overall Verdict (E2E Core Flow · Cards · Card Test Cases)
B12: OVERALL VERDICT | D12: ='Dashboard Feed'!P9 -> NOT READY (NO-GO) | I12: ="Risk Level: "&'Dashboard Feed'!P11&" · "&'Dashboard Feed'!P12 -> Risk Level: Urgent · NO-GO | Not yet evaluated: 18
B15: E2E Core Flow (Scenarios) | E15: Cards (Card Result by QA Site) | H15: Card Test Cases | K15: Open E2E Bugs & Release Blockers
B16: =$K$21 -> IN PROGRESS | E16: =$K$22 -> IN PROGRESS | H16: =$K$23 -> NO DATA | K16: =J170&" Open Bugs · "&(C174+C175)&" Blocking" -> 0 Open Bugs · 0 Blocking
B17: ="Pass Rate "&IFERROR(TEXT($J$21,"0.0%"),"-")&" · Evaluated "&TEXT($I$21,"0.0%") -> Pass Rate - · Evaluated 0.0% | E17: ="Pass Rate "&IFERROR(TEXT($J$22,"0.0%"),"-")&" · Evaluated "&TEXT($I$22,"0.0%") -> Pass Rate - · Evaluated 0.0% | H17: ="Pass Rate "&IFERROR(TEXT($J$23,"0.0%"),"-")&" · Evaluated "&TEXT($I$23,"0.0%") -> Pass Rate - · Evaluated 0.0% | K17: ="Urgent "&J165&" · High "&J166&" · Medium "&J167&" · Low "&J168 -> Urgent 0 · High 0 · Medium 0 · Low 0
B18: ="Passed "&$C$21&" · Cond. "&$D$21&" · Failed "&$E$21&" · Blocked "&$F$21&" · Not Run "&$G$21&" (of "&$H$21&")" -> Passed 0 · Cond. 0 · Failed 0 · Blocked 0 · Not Run 18 (of 18) | E18: ="Passed "&$C$22&" · Cond. "&$D$22&" · Failed "&$E$22&" · Blocked "&$F$22&" · Not Run "&$G$22&" (of "&$H$22&")" -> Passed 0 · Cond. 0 · Failed 0 · Blocked 0 · Not Run 38 (of 38) | H18: ="Passed "&$C$23&" · Cond. "&$D$23&" · Failed "&$E$23&" · Blocked "&$F$23&" · Not Run "&$G$23&" (of "&$H$23&")" -> Passed 0 · Cond. 0 · Failed 0 · Blocked 0 · Not Run 0 (of 0) | K18: ="Blocking: E2E "&C174&" · Cards "&C175&" · Accepted (CF) "&C176 -> Blocking: E2E 0 · Cards 0 · Accepted (CF) 0
B20: Area | C20: Passed | D20: Cond. Passed / Known Issue | E20: Failed | F20: Blocked | G20: Not Run / Pending | H20: Total | I20: % Evaluated | J20: Pass Rate | K20: Area Verdict
B21: E2E Core Flow | C21: =N(D157) -> 0 | D21: =N(E157) -> 0 | E21: =N(F157) -> 0 | F21: =N(G157) -> 0 | G21: =N(I157) -> 18 | H21: =N(C157) -> 18 | I21: =IFERROR((C21+D21+E21)/H21,0) -> 0 | J21: =IFERROR((C21+D21)/(C21+D21+E21),"-") -> - | K21: {=_xlfn.LET(_xlpm.p,N($C$21),_xlpm.cp,N($D$21),_xlpm.f,N($E$21),_xlpm.b,N($F$21),_xlpm.nr,N($G$21),_xlpm.t,N($H$21),IF(_xlpm.t=0,"NO DATA",IF(_xlpm.f>0,"FAILED",IF(_xlpm.b>0,"BLOCKED",IF(_xlpm.nr>0,"IN PROGRESS",IF(_xlpm.cp>0,"COND. PASSED","PASSED"))))))} -> IN PROGRESS
B22: Cards | C22: =N(D159) -> 0 | D22: =N(E159) -> 0 | E22: =N(F159) -> 0 | F22: =N(G159) -> 0 | G22: =N(I159) -> 38 | H22: =N(C159) -> 38 | I22: =IFERROR((C22+D22+E22)/H22,0) -> 0 | J22: =IFERROR((C22+D22)/(C22+D22+E22),"-") -> - | K22: {=_xlfn.LET(_xlpm.p,N($C$22),_xlpm.cp,N($D$22),_xlpm.f,N($E$22),_xlpm.b,N($F$22),_xlpm.nr,N($G$22),_xlpm.t,N($H$22),IF(_xlpm.t=0,"NO DATA",IF(_xlpm.f>0,"FAILED",IF(_xlpm.b>0,"BLOCKED",IF(_xlpm.nr>0,"IN PROGRESS",IF(_xlpm.cp>0,"COND. PASSED","PASSED"))))))} -> IN PROGRESS
B23: Card Test Cases | C23: =N(D160) -> 0 | D23: =N(E160) -> 0 | E23: =N(F160) -> 0 | F23: =N(G160) -> 0 | G23: =N(I160) -> 0 | H23: =N(C160) -> 0 | I23: =IFERROR((C23+D23+E23)/H23,0) -> 0 | J23: =IFERROR((C23+D23)/(C23+D23+E23),"-") -> - | K23: {=_xlfn.LET(_xlpm.p,N($C$23),_xlpm.cp,N($D$23),_xlpm.f,N($E$23),_xlpm.b,N($F$23),_xlpm.nr,N($G$23),_xlpm.t,N($H$23),IF(_xlpm.t=0,"NO DATA",IF(_xlpm.f>0,"FAILED",IF(_xlpm.b>0,"BLOCKED",IF(_xlpm.nr>0,"IN PROGRESS",IF(_xlpm.cp>0,"COND. PASSED","PASSED"))))))} -> NO DATA
B24: Overall (รวม 3 ส่วน) | C24: =SUM(C21:C23) -> 0 | D24: =SUM(D21:D23) -> 0 | E24: =SUM(E21:E23) -> 0 | F24: =SUM(F21:F23) -> 0 | G24: =SUM(G21:G23) -> 56 | H24: =SUM(H21:H23) -> 56 | I24: =IFERROR((C24+D24+E24)/H24,0) -> 0 | J24: =IFERROR((C24+D24)/(C24+D24+E24),"-") -> - | K24: =IF(LEFT('Dashboard Feed'!P9,9)="NOT READY","NO-GO",IF(ISNUMBER(SEARCH("READY",'Dashboard Feed'!P9)),"GO","IN PROGRESS")) -> NO-GO
B59: 2a. Quality Breakdown - E2E Core Flow | I59: 2b. Quality Breakdown - Cards Scope
B60: Overall Verdict | C60: Count | D60: % of Total | I60: Metric | J60: Count | K60: % of Scope
B61: Passed | C61: =COUNTIF('E2E core flow'!$W$15:$W$1000,B61) -> 0 | D61: =IFERROR(C61/$C$67,0) -> 0 | I61: Total Scope (Cards) | J61: =COUNTIF(Cards!$A$4:$A$1000,"?*") -> 38
B62: Conditionally Passed | C62: =COUNTIF('E2E core flow'!$W$15:$W$1000,B62) -> 0 | D62: =IFERROR(C62/$C$67,0) -> 0 | I62: Cards Passed | J62: =COUNTIF(Cards!$G$4:$G$1000,"Passed") -> 0 | K62: =IFERROR(J62/$J$61,0) -> 0
B63: Failed | C63: =COUNTIF('E2E core flow'!$W$15:$W$1000,B63) -> 0 | D63: =IFERROR(C63/$C$67,0) -> 0 | I63: Cards Cond. Passed | J63: =COUNTIF(Cards!$G$4:$G$1000,"Conditionally Passed") -> 0 | K63: =IFERROR(J63/$J$61,0) -> 0
B64: Blocked | C64: =COUNTIF('E2E core flow'!$W$15:$W$1000,B64) -> 0 | D64: =IFERROR(C64/$C$67,0) -> 0 | I64: Cards Failed (via E2E) | J64: =COUNTIF(Cards!$G$4:$G$1000,"Failed") -> 0 | K64: =IFERROR(J64/$J$61,0) -> 0
B65: Not Run | C65: =COUNTIF('E2E core flow'!$W$15:$W$1000,B65) -> 18 | D65: =IFERROR(C65/$C$67,0) -> 0.58064516 | I65: Cards Blocked | J65: =COUNTIF(Cards!$G$4:$G$1000,"Blocked") -> 0 | K65: =IFERROR(J65/$J$61,0) -> 0
B66: Out of Scope / Canceled (excluded) | C66: =COUNTIF('E2E core flow'!$W$15:$W$1000,"Out of Scope") -> 13 | D66: =IFERROR(C66/$C$67,0) -> 0.41935484 | I66: Cards Pending (Not Run / Pending Mapping) | J66: =COUNTIF(Cards!$G$4:$G$1000,"Ready for Testing")+COUNTIF(Cards!$G$4:$G$1000,"Pending Mapping") -> 38 | K66: =IFERROR(J66/$J$61,0) -> 1
B67: Total Scenarios | C67: =COUNTIF('E2E core flow'!$A$15:$A$1000,"?*") -> 31
B68: Critical / High Defects | C68: =G78+G79 -> 0 | D68: =IF(C68>0,"Open Critical / High bugs — Go/No-Go ตัดสินจาก Release Gate","None") -> None
B75: 3. Risk & Action Required
B76: Open E2E Bugs — Severity × Impact (SOP-QA-CORTEX-01 · cell color = Bug Priority) | I76: Bottlenecks - Blocked & Returned Items
B77: Severity \ Impact | C77: Extensive | D77: Significant | E77: Moderate | F77: Minor | G77: Total Open | I77: Item ID | J77: Scenario / Card Title | K77: Status | L77: Owner / Tester | M77: Remark / Reason
B78: Critical | C78: =COUNTIFS('E2E core flow'!$P$15:$P$1000,$B78,'E2E core flow'!$Q$15:$Q$1000,C$77,'E2E core flow'!$W$15:$W$1000,"<>Out of Scope",'E2E core flow'!$T$15:$T$1000,"<>Fixed – Retest Passed") -> 0 | D78: =COUNTIFS('E2E core flow'!$P$15:$P$1000,$B78,'E2E core flow'!$Q$15:$Q$1000,D$77,'E2E core flow'!$W$15:$W$1000,"<>Out of Scope",'E2E core flow'!$T$15:$T$1000,"<>Fixed – Retest Passed") -> 0 | E78: =COUNTIFS('E2E core flow'!$P$15:$P$1000,$B78,'E2E core flow'!$Q$15:$Q$1000,E$77,'E2E core flow'!$W$15:$W$1000,"<>Out of Scope",'E2E core flow'!$T$15:$T$1000,"<>Fixed – Retest Passed") -> 0 | F78: =COUNTIFS('E2E core flow'!$P$15:$P$1000,$B78,'E2E core flow'!$Q$15:$Q$1000,F$77,'E2E core flow'!$W$15:$W$1000,"<>Out of Scope",'E2E core flow'!$T$15:$T$1000,"<>Fixed – Retest Passed") -> 0 | G78: =SUM(C78:F78) -> 0 | I78: {=_xlfn.LET(_xlpm.ns,SUM(--('E2E core flow'!$M$15:$M$1000="Blocked")),_xlpm.nc,SUM(--(((Cards!$G$4:$G$1000="Failed")+(Cards!$G$4:$G$1000="Blocked"))>0)),IF(_xlpm.ns+_xlpm.nc=0,"No blocked or returned items",IF(_xlpm.ns=0,_xlfn._xlws.FILTER(CHOOSE({1,2,3,4,5},Cards!$A$4:$A$1000,Cards!$B$4:$B$1000,"Card: "&Cards!$G$4:$G$1000,IF(Cards!$C$4:$C$1000="","(Owner not assigned)",Cards!$C$4:$C$1000),"Mapped to "&Cards!$E$4:$E$1000),((Cards!$G$4:$G$1000="Failed")+(Cards!$G$4:$G$1000="Blocked"))),IF(_xlpm.nc=0,_xlfn._xlws.FILTER(CHOOSE({1,2,3,4,5},'E2E core flow'!$A$15:$A$1000,'E2E core flow'!$D$15:$D$1000,"Scenario: "&'E2E core flow'!$M$15:$M$1000,IF('E2E core flow'!$U$15:$U$1000="","(Tester not assigned)",'E2E core flow'!$U$15:$U$1000),IF('E2E core flow'!$X$15:$X$1000<>"",'E2E core flow'!$X$15:$X$1000,IF('E2E core flow'!$N$15:$N$1000<>"",'E2E core flow'!$N$15:$N$1000,"Reason not specified"))),'E2E core flow'!$M$15:$M$1000="Blocked"),_xlfn.VSTACK(_xlfn._xlws.FILTER(CHOOSE({1,2,3,4,5},'E2E core flow'!$A$15:$A$1000,'E2E core flow'!$D$15:$D$1000,"Scenario: "&'E2E core flow'!$M$15:$M$1000,IF('E2E core flow'!$U$15:$U$1000="","(Tester not assigned)",'E2E core flow'!$U$15:$U$1000),IF('E2E core flow'!$X$15:$X$1000<>"",'E2E core flow'!$X$15:$X$1000,IF('E2E core flow'!$N$15:$N$1000<>"",'E2E core flow'!$N$15:$N$1000,"Reason not specified"))),'E2E core flow'!$M$15:$M$1000="Blocked"),_xlfn._xlws.FILTER(CHOOSE({1,2,3,4,5},Cards!$A$4:$A$1000,Cards!$B$4:$B$1000,"Card: "&Cards!$G$4:$G$1000,IF(Cards!$C$4:$C$1000="","(Owner not assigned)",Cards!$C$4:$C$1000),"Mapped to "&Cards!$E$4:$E$1000),((Cards!$G$4:$G$1000="Failed")+(Cards!$G$4:$G$1000="Blocked"))))))))} -> No blocked or returned items
B79: High | C79: =COUNTIFS('E2E core flow'!$P$15:$P$1000,$B79,'E2E core flow'!$Q$15:$Q$1000,C$77,'E2E core flow'!$W$15:$W$1000,"<>Out of Scope",'E2E core flow'!$T$15:$T$1000,"<>Fixed – Retest Passed") -> 0 | D79: =COUNTIFS('E2E core flow'!$P$15:$P$1000,$B79,'E2E core flow'!$Q$15:$Q$1000,D$77,'E2E core flow'!$W$15:$W$1000,"<>Out of Scope",'E2E core flow'!$T$15:$T$1000,"<>Fixed – Retest Passed") -> 0 | E79: =COUNTIFS('E2E core flow'!$P$15:$P$1000,$B79,'E2E core flow'!$Q$15:$Q$1000,E$77,'E2E core flow'!$W$15:$W$1000,"<>Out of Scope",'E2E core flow'!$T$15:$T$1000,"<>Fixed – Retest Passed") -> 0 | F79: =COUNTIFS('E2E core flow'!$P$15:$P$1000,$B79,'E2E core flow'!$Q$15:$Q$1000,F$77,'E2E core flow'!$W$15:$W$1000,"<>Out of Scope",'E2E core flow'!$T$15:$T$1000,"<>Fixed – Retest Passed") -> 0 | G79: =SUM(C79:F79) -> 0
B80: Medium | C80: =COUNTIFS('E2E core flow'!$P$15:$P$1000,$B80,'E2E core flow'!$Q$15:$Q$1000,C$77,'E2E core flow'!$W$15:$W$1000,"<>Out of Scope",'E2E core flow'!$T$15:$T$1000,"<>Fixed – Retest Passed") -> 0 | D80: =COUNTIFS('E2E core flow'!$P$15:$P$1000,$B80,'E2E core flow'!$Q$15:$Q$1000,D$77,'E2E core flow'!$W$15:$W$1000,"<>Out of Scope",'E2E core flow'!$T$15:$T$1000,"<>Fixed – Retest Passed") -> 0 | E80: =COUNTIFS('E2E core flow'!$P$15:$P$1000,$B80,'E2E core flow'!$Q$15:$Q$1000,E$77,'E2E core flow'!$W$15:$W$1000,"<>Out of Scope",'E2E core flow'!$T$15:$T$1000,"<>Fixed – Retest Passed") -> 0 | F80: =COUNTIFS('E2E core flow'!$P$15:$P$1000,$B80,'E2E core flow'!$Q$15:$Q$1000,F$77,'E2E core flow'!$W$15:$W$1000,"<>Out of Scope",'E2E core flow'!$T$15:$T$1000,"<>Fixed – Retest Passed") -> 0 | G80: =SUM(C80:F80) -> 0
B81: Low | C81: =COUNTIFS('E2E core flow'!$P$15:$P$1000,$B81,'E2E core flow'!$Q$15:$Q$1000,C$77,'E2E core flow'!$W$15:$W$1000,"<>Out of Scope",'E2E core flow'!$T$15:$T$1000,"<>Fixed – Retest Passed") -> 0 | D81: =COUNTIFS('E2E core flow'!$P$15:$P$1000,$B81,'E2E core flow'!$Q$15:$Q$1000,D$77,'E2E core flow'!$W$15:$W$1000,"<>Out of Scope",'E2E core flow'!$T$15:$T$1000,"<>Fixed – Retest Passed") -> 0 | E81: =COUNTIFS('E2E core flow'!$P$15:$P$1000,$B81,'E2E core flow'!$Q$15:$Q$1000,E$77,'E2E core flow'!$W$15:$W$1000,"<>Out of Scope",'E2E core flow'!$T$15:$T$1000,"<>Fixed – Retest Passed") -> 0 | F81: =COUNTIFS('E2E core flow'!$P$15:$P$1000,$B81,'E2E core flow'!$Q$15:$Q$1000,F$77,'E2E core flow'!$W$15:$W$1000,"<>Out of Scope",'E2E core flow'!$T$15:$T$1000,"<>Fixed – Retest Passed") -> 0 | G81: =SUM(C81:F81) -> 0
B82: Total Open | C82: =SUM(C78:C81) -> 0 | D82: =SUM(D78:D81) -> 0 | E82: =SUM(E78:E81) -> 0 | F82: =SUM(F78:F81) -> 0 | G82: =SUM(G78:G81) -> 0
B83: Urgent = แก้ทันที (Hotfix) · High = ก่อนปิด Sprint · Medium = Sprint ถัดไป · Low = เมื่อมีเวลา — Bug ที่ยังไม่กรอก Impact ไม่ถูกนับในตารางนี้ (ดู 8b แถว "ยังไม่ระบุ")
B84: Execution Status Breakdown
B85: Execution Status | C85: Scenarios | D85: Note
B86: Testing | C86: =COUNTIF('E2E core flow'!$M$15:$M$1000,B86) -> 0 | D86: Stalled items indicate an impediment
B87: Blocked | C87: =COUNTIF('E2E core flow'!$M$15:$M$1000,B87) -> 0 | D87: Escalate in QA Chapter Sync
B88: ToDo | C88: =COUNTIF('E2E core flow'!$M$15:$M$1000,B88) -> 0
B89: Ready for Testing | C89: =COUNTIF('E2E core flow'!$M$15:$M$1000,B89) -> 18
B90: Done | C90: =COUNTIF('E2E core flow'!$M$15:$M$1000,B90) -> 0
B91: Canceled | C91: =COUNTIF('E2E core flow'!$M$15:$M$1000,B91) -> 0 | D91: Excluded from scope
B94: 4. Environment Sign-off (ก่อนเริ่ม Day 1) — 1 File = 1 Environment (ดึงจาก E2E › B4) · ตรวจ 5 ข้อ: Environment / Version (SRE) · Master / Config (Dev) · Linear (QA Lead)
B95: Environment | C95: Environment (SRE) | D95: Version (SRE) | E95: Master (Dev) | F95: Config (Dev) | G95: Linear (QA Lead) | I95: Signed off by (Dev / SRE / QA Lead) | J95: Sign-off Date | K95: Remark / Evidence Link
B96: =IF('E2E core flow'!B4="","(ระบุ Tested Environment ที่ E2E › B4)",'E2E core flow'!B4) -> demo-x
B102: 5. Risk Log — บันทึกทุกเคสที่ยอมรับความเสี่ยง (Deferrable: PO / BA Lead = PO · Blocking ที่ได้ CF ในแชทกลุ่ม = CAB)
B103: ตัวอย่าง: TMH-1234 | Printing Receipt | Medium | ฟอนต์ใบเสร็จเหลื่อมเล็กน้อย | กระทบเฉพาะหน้าตา ไม่ส่งผลต่อยอดเงิน | PO | Khun PO-Name | 24/09/2026 | Sprint ถัดไป | ผ่านเกณฑ์
B104: Linear ID | C104: Module / Screen | D104: Bug Priority | E104: Issue Summary (อาการของบั๊ก) | F104: Risk Justification (เหตุผลที่ยอมรับความเสี่ยง) | I104: Approval Level (PO / CAB) | J104: Approved By | K104: Approved Date | L104: Target Sprint | M104: Remark
B127: 6. Blocking List — สิ่งที่ขวาง Release (E2E Column Z + Cards Column L = Blocking) · ใช้ติดตามงานกับ Dev Lead
B128: Scenario / Card ID | C128: Defect ID / Result Note | D128: Scenario / Card Title | E128: Bug / Card Priority | F128: Tester | G128: Remark / Card Result
B129: {=_xlfn.LET(_xlpm.ne,COUNTIF('E2E core flow'!$Z$15:$Z$1000,"Blocking"),_xlpm.nt,COUNTIF(Cards!$L$4:$L$1000,"Blocking"),IF(_xlpm.ne+_xlpm.nt=0,"ไม่มีรายการ Blocking ค้าง",IF(_xlpm.nt=0,_xlfn._xlws.FILTER(_xlfn.HSTACK('E2E core flow'!$A$15:$A$1000,'E2E core flow'!$O$15:$O$1000,'E2E core flow'!$D$15:$D$1000,'E2E core flow'!$R$15:$R$1000,'E2E core flow'!$U$15:$U$1000,'E2E core flow'!$X$15:$X$1000),'E2E core flow'!$Z$15:$Z$1000="Blocking"),IF(_xlpm.ne=0,_xlfn._xlws.FILTER(_xlfn.HSTACK(Cards!$A$4:$A$1000,Cards!$K$4:$K$1000,Cards!$B$4:$B$1000,Cards!$F$4:$F$1000,Cards!$S$4:$S$1000,Cards!$J$4:$J$1000),Cards!$L$4:$L$1000="Blocking"),_xlfn.VSTACK(_xlfn._xlws.FILTER(_xlfn.HSTACK('E2E core flow'!$A$15:$A$1000,'E2E core flow'!$O$15:$O$1000,'E2E core flow'!$D$15:$D$1000,'E2E core flow'!$R$15:$R$1000,'E2E core flow'!$U$15:$U$1000,'E2E core flow'!$X$15:$X$1000),'E2E core flow'!$Z$15:$Z$1000="Blocking"),_xlfn._xlws.FILTER(_xlfn.HSTACK(Cards!$A$4:$A$1000,Cards!$K$4:$K$1000,Cards!$B$4:$B$1000,Cards!$F$4:$F$1000,Cards!$S$4:$S$1000,Cards!$J$4:$J$1000),Cards!$L$4:$L$1000="Blocking"))))))} -> ไม่มีรายการ Blocking ค้าง
B155: 7. Test Progress — ภาพรวม 3 Sheet (E2E Scenario · Cards · Card Test Cases)
B156: Area | C156: Total (in scope) | D156: Passed | E156: Cond. Passed / Known Issue | F156: Failed | G156: Blocked | I156: Not Run / Pending | J156: Out of Scope | K156: % Evaluated | L156: Pass Rate | M156: TOR / Urgent-High ยังไม่มีผล
B157: Scenarios (E2E core flow) | C157: =C67-C66 -> 18 | D157: =C61 -> 0 | E157: =C62 -> 0 | F157: =C63 -> 0 | G157: =C64 -> 0 | I157: =C65 -> 18 | J157: =C66 -> 13 | K157: =IFERROR((D157+E157+F157)/C157,0) -> 0 | L157: =IFERROR((D157+E157)/(D157+E157+F157),"-") -> - | M157: ='Dashboard Feed'!P21 -> 18
B158: Cards — E2E Status (Auto) | C158: =J61-J158 -> 38 | D158: =J62 -> 0 | E158: =J63 -> 0 | F158: =J64 -> 0 | G158: =J65 -> 0 | I158: =C158-D158-E158-F158-G158 -> 38 | J158: =COUNTIF(Cards!$G$4:$G$1000,"Out of Scope") -> 0 | K158: =IFERROR((D158+E158+F158)/C158,0) -> 0 | L158: =IFERROR((D158+E158)/(D158+E158+F158),"-") -> - | M158: -
B159: Cards — Card Result (ตัดสินโดย QA Site) | C159: =J61 -> 38 | D159: =COUNTIF(Cards!$J$4:$J$1000,"Passed") -> 0 | E159: =COUNTIF(Cards!$J$4:$J$1000,"Passed with Known Issue") -> 0 | F159: =COUNTIF(Cards!$J$4:$J$1000,"Failed") -> 0 | G159: - | I159: =C159-D159-E159-F159 -> 38 | J159: - | K159: =IFERROR((D159+E159+F159)/C159,0) -> 0 | L159: =IFERROR((D159+E159)/(D159+E159+F159),"-") -> - | M159: ='Dashboard Feed'!P22 -> 38
B160: ="Test Cases (ไม่มี TC: "&COUNTIF(Cards!$N$4:$N$1000,"No TC")&" การ์ด)" -> Test Cases (ไม่มี TC: 38 การ์ด) | C160: =COUNTIFS('Card Test Cases'!$A$4:$A$1000,"?*",'Card Test Cases'!$F$4:$F$1000,"<>Out of Scope") -> 0 | D160: =COUNTIFS('Card Test Cases'!$A$4:$A$1000,"?*",'Card Test Cases'!$F$4:$F$1000,"Passed") -> 0 | E160: - | F160: =COUNTIFS('Card Test Cases'!$A$4:$A$1000,"?*",'Card Test Cases'!$F$4:$F$1000,"Failed") -> 0 | G160: =COUNTIFS('Card Test Cases'!$A$4:$A$1000,"?*",'Card Test Cases'!$F$4:$F$1000,"Blocked") -> 0 | I160: =C160-D160-F160-G160 -> 0 | J160: =COUNTIFS('Card Test Cases'!$A$4:$A$1000,"?*",'Card Test Cases'!$F$4:$F$1000,"Out of Scope") -> 0 | K160: =IFERROR((D160+F160)/C160,0) -> 0 | L160: =IFERROR(D160/(D160+F160),"-") -> - | M160: -
B162: 8. Defect & Gate Summary — Bug ใน E2E (Bug ของการ์ดดูที่ Sub-issue ใน Linear และ Card Result) · Open = Defect Status ≠ Fixed – Retest Passed
B163: 8a. E2E Bug by Severity | I163: 8b. E2E Bug by Bug Priority (Severity × Impact)
B164: Severity | C164: E2E Total | D164: E2E Open | I164: Bug Priority | J164: E2E Open | K164: SLA / Action
B165: Critical | C165: =COUNTIFS('E2E core flow'!$P$15:$P$1000,$B165,'E2E core flow'!$W$15:$W$1000,"<>Out of Scope") -> 0 | D165: =COUNTIFS('E2E core flow'!$P$15:$P$1000,$B165,'E2E core flow'!$W$15:$W$1000,"<>Out of Scope",'E2E core flow'!$T$15:$T$1000,"<>Fixed – Retest Passed") -> 0 | I165: Urgent | J165: =COUNTIFS('E2E core flow'!$R$15:$R$1000,"Urgent",'E2E core flow'!$W$15:$W$1000,"<>Out of Scope",'E2E core flow'!$T$15:$T$1000,"<>Fixed – Retest Passed") -> 0 | K165: แก้ทันที (Hotfix) — Blocking จนกว่าจะ Fixed หรือได้ CF
B166: High | C166: =COUNTIFS('E2E core flow'!$P$15:$P$1000,$B166,'E2E core flow'!$W$15:$W$1000,"<>Out of Scope") -> 0 | D166: =COUNTIFS('E2E core flow'!$P$15:$P$1000,$B166,'E2E core flow'!$W$15:$W$1000,"<>Out of Scope",'E2E core flow'!$T$15:$T$1000,"<>Fixed – Retest Passed") -> 0 | I166: High | J166: =COUNTIFS('E2E core flow'!$R$15:$R$1000,"High",'E2E core flow'!$W$15:$W$1000,"<>Out of Scope",'E2E core flow'!$T$15:$T$1000,"<>Fixed – Retest Passed") -> 0 | K166: แก้ก่อนปิด Sprint — Blocking จนกว่าจะ Fixed หรือได้ CF
B167: Medium | C167: =COUNTIFS('E2E core flow'!$P$15:$P$1000,$B167,'E2E core flow'!$W$15:$W$1000,"<>Out of Scope") -> 0 | D167: =COUNTIFS('E2E core flow'!$P$15:$P$1000,$B167,'E2E core flow'!$W$15:$W$1000,"<>Out of Scope",'E2E core flow'!$T$15:$T$1000,"<>Fixed – Retest Passed") -> 0 | I167: Medium | J167: =COUNTIFS('E2E core flow'!$R$15:$R$1000,"Medium",'E2E core flow'!$W$15:$W$1000,"<>Out of Scope",'E2E core flow'!$T$15:$T$1000,"<>Fixed – Retest Passed") -> 0 | K167: Sprint ถัดไป — Risk Acceptance (PO)
B168: Low | C168: =COUNTIFS('E2E core flow'!$P$15:$P$1000,$B168,'E2E core flow'!$W$15:$W$1000,"<>Out of Scope") -> 0 | D168: =COUNTIFS('E2E core flow'!$P$15:$P$1000,$B168,'E2E core flow'!$W$15:$W$1000,"<>Out of Scope",'E2E core flow'!$T$15:$T$1000,"<>Fixed – Retest Passed") -> 0 | I168: Low | J168: =COUNTIFS('E2E core flow'!$R$15:$R$1000,"Low",'E2E core flow'!$W$15:$W$1000,"<>Out of Scope",'E2E core flow'!$T$15:$T$1000,"<>Fixed – Retest Passed") -> 0 | K168: เมื่อมีเวลา / รวมกับงาน UI
B169: Total | C169: =SUM(C165:C168) -> 0 | D169: =SUM(D165:D168) -> 0 | I169: ยังไม่ระบุ Severity + Impact | J169: =COUNTIFS('E2E core flow'!$R$15:$R$1000,"ระบุ Severity + Impact",'E2E core flow'!$W$15:$W$1000,"<>Out of Scope",'E2E core flow'!$T$15:$T$1000,"<>Fixed – Retest Passed") -> 0 | K169: QA Site กรอก Severity + Impact ให้ครบ (นับเป็น Blocking ไว้ก่อน)
I170: Total | J170: =SUM(J165:J169) -> 0
B172: 8c. Release Gate & Risk Acceptance | I172: 8d. E2E Root Cause (Open)
B173: Item | C173: Count | D173: Note | I173: Root Cause | J173: E2E Open
B174: Blocking — E2E (Column Z) | C174: =COUNTIF('E2E core flow'!$Z$15:$Z$1000,"Blocking") -> 0 | D174: Bug Urgent / High หรือ Scenario Failed → NO-GO จนกว่าจะ Fixed หรือได้ CF | I174: Config | J174: =COUNTIFS('E2E core flow'!$S$15:$S$1000,$I174,'E2E core flow'!$W$15:$W$1000,"<>Out of Scope",'E2E core flow'!$T$15:$T$1000,"<>Fixed – Retest Passed") -> 0
B175: Blocking — Cards (Column L) | C175: =COUNTIF(Cards!$L$4:$L$1000,"Blocking") -> 0 | D175: Card Result = Failed / Not Tested ของการ์ด TOR หรือ Urgent / High → NO-GO | I175: Master Data | J175: =COUNTIFS('E2E core flow'!$S$15:$S$1000,$I175,'E2E core flow'!$W$15:$W$1000,"<>Out of Scope",'E2E core flow'!$T$15:$T$1000,"<>Fixed – Retest Passed") -> 0
B176: Accepted by CF (CAB) | C176: =COUNTIF('E2E core flow'!$Z$15:$Z$1000,"Accepted (CF)")+COUNTIF(Cards!$L$4:$L$1000,"Accepted (CF)") -> 0 | D176: ได้ CF ในแชทกลุ่ม · บันทึก Risk Log (CAB) | I176: Code Bug | J176: =COUNTIFS('E2E core flow'!$S$15:$S$1000,$I176,'E2E core flow'!$W$15:$W$1000,"<>Out of Scope",'E2E core flow'!$T$15:$T$1000,"<>Fixed – Retest Passed") -> 0
B177: Deferrable — E2E + Cards | C177: =COUNTIF('E2E core flow'!$Z$15:$Z$1000,"Deferrable")+COUNTIF(Cards!$L$4:$L$1000,"Deferrable") -> 0 | D177: PO / BA ทำ Risk Acceptance → Backlog Sprint ถัดไป | I177: ยังไม่ระบุ | J177: =SUMPRODUCT((LEN(TRIM('E2E core flow'!$O$15:$O$1000))>0)*('E2E core flow'!$S$15:$S$1000="")*('E2E core flow'!$W$15:$W$1000<>"Out of Scope")*('E2E core flow'!$T$15:$T$1000<>"Fixed – Retest Passed")) -> 0
B178: Pending Risk Acceptance | C178: =SUMPRODUCT(('E2E core flow'!$Z$15:$Z$1000="Deferrable")*(COUNTIF($B$105:$B$124,'E2E core flow'!$O$15:$O$1000)=0))+SUMPRODUCT((Cards!$L$4:$L$1000="Deferrable")*(COUNTIF($B$105:$B$124,Cards!$A$4:$A$1000)=0)) -> 0 | D178: Deferrable ที่ยังไม่มีแถวใน Risk Log — ต้องเป็น 0 ก่อน Release Decision
B179: Known Issue — Cards | C179: =COUNTIF(Cards!$L$4:$L$1000,"Known Issue") -> 0 | D179: QA Site + QA Lead ยืนยัน · Sub-issue + Label regression-fail / v{X}
B180: Carry Over — Cards (Not Tested) | C180: =COUNTIF(Cards!$L$4:$L$1000,"Carry Over") -> 0 | D180: การ์ดที่ไม่ใช่ TOR / Urgent-High ที่เทสไม่ทัน → Label regression-fail / v{X} ที่การ์ด
B181: Retest Carried from Previous Version | C181: =COUNTIF(Cards!$I$4:$I$1000,"?*") -> 0 | D181: การ์ดที่ยกมาจาก Version ก่อน (Cards Column I)
B183: 9. Tester Workload — ใครเทสอะไร (E2E Scenario + Card Test Cases · รายชื่อดึงจากคอลัมน์ Tester อัตโนมัติ)
B184: Tester | C184: Scenarios | D184: Scenarios มีผลแล้ว | E184: Test Cases | F184: TC มีผลแล้ว | G184: Bug ที่พบ (Open)
B185: {=_xlfn.LET(_xlpm.ual,_xlfn.VSTACK('E2E core flow'!$U$15:$U$1000,'Card Test Cases'!$G$4:$G$1000),_xlpm.tst,_xlfn._xlws.SORT(_xlfn.UNIQUE(_xlfn._xlws.FILTER(_xlpm.ual,_xlpm.ual<>""))),IFERROR(_xlfn.HSTACK(_xlpm.tst,COUNTIFS('E2E core flow'!$U$15:$U$1000,_xlpm.tst,'E2E core flow'!$A$15:$A$1000,"?*",'E2E core flow'!$W$15:$W$1000,"<>Out of Scope"),COUNTIFS('E2E core flow'!$U$15:$U$1000,_xlpm.tst,'E2E core flow'!$W$15:$W$1000,"Passed")+COUNTIFS('E2E core flow'!$U$15:$U$1000,_xlpm.tst,'E2E core flow'!$W$15:$W$1000,"Conditionally Passed")+COUNTIFS('E2E core flow'!$U$15:$U$1000,_xlpm.tst,'E2E core flow'!$W$15:$W$1000,"Failed"),COUNTIFS('Card Test Cases'!$G$4:$G$1000,_xlpm.tst,'Card Test Cases'!$A$4:$A$1000,"?*",'Card Test Cases'!$F$4:$F$1000,"<>Out of Scope"),COUNTIFS('Card Test Cases'!$G$4:$G$1000,_xlpm.tst,'Card Test Cases'!$A$4:$A$1000,"?*",'Card Test Cases'!$F$4:$F$1000,"Passed")+COUNTIFS('Card Test Cases'!$G$4:$G$1000,_xlpm.tst,'Card Test Cases'!$A$4:$A$1000,"?*",'Card Test Cases'!$F$4:$F$1000,"Failed"),COUNTIFS('E2E core flow'!$U$15:$U$1000,_xlpm.tst,'E2E core flow'!$O$15:$O$1000,"?*",'E2E core flow'!$W$15:$W$1000,"<>Out of Scope",'E2E core flow'!$T$15:$T$1000,"<>Fixed – Retest Passed")+COUNTIFS('Card Test Cases'!$G$4:$G$1000,_xlpm.tst,'Card Test Cases'!$F$4:$F$1000,"Failed",'Card Test Cases'!$I$4:$I$1000,"?*")),"ยังไม่มี Tester"))} -> ยังไม่มี Tester
B198: 10. Module Coverage & Risk — Module ดึงจาก Ownership Matrix (ชื่อ Module ใน E2E Column B ต้องตรงกัน)
B199: Module | C199: Scenarios | D199: Cards | E199: Test Cases | F199: % Evaluated | G199: Open Urgent | I199: Open High | J199: Open Medium | K199: Open Low | L199: Blocking / CF | M199: Risk Level
B200: {=_xlfn.LET(_xlpm.om,'Ownership Matrix'!$A$5:$A$200,_xlpm.mods,_xlfn.UNIQUE(_xlfn._xlws.FILTER(_xlpm.om,_xlpm.om<>"")),_xlpm.sc,COUNTIFS('E2E core flow'!$B$15:$B$1000,_xlpm.mods,'E2E core flow'!$A$15:$A$1000,"?*",'E2E core flow'!$W$15:$W$1000,"<>Out of Scope"),_xlpm.cd,COUNTIFS(Cards!$M$4:$M$1000,_xlpm.mods),_xlpm.tc,COUNTIFS('Card Test Cases'!$D$4:$D$1000,_xlpm.mods,'Card Test Cases'!$A$4:$A$1000,"?*",'Card Test Cases'!$F$4:$F$1000,"<>Out of Scope"),_xlpm.ev,COUNTIFS('E2E core flow'!$B$15:$B$1000,_xlpm.mods,'E2E core flow'!$W$15:$W$1000,"Passed")+COUNTIFS('E2E core flow'!$B$15:$B$1000,_xlpm.mods,'E2E core flow'!$W$15:$W$1000,"Conditionally Passed")+COUNTIFS('E2E core flow'!$B$15:$B$1000,_xlpm.mods,'E2E core flow'!$W$15:$W$1000,"Failed")+COUNTIFS('Card Test Cases'!$D$4:$D$1000,_xlpm.mods,'Card Test Cases'!$A$4:$A$1000,"?*",'Card Test Cases'!$F$4:$F$1000,"Passed")+COUNTIFS('Card Test Cases'!$D$4:$D$1000,_xlpm.mods,'Card Test Cases'!$A$4:$A$1000,"?*",'Card Test Cases'!$F$4:$F$1000,"Failed"),_xlpm.ou,COUNTIFS('E2E core flow'!$B$15:$B$1000,_xlpm.mods,'E2E core flow'!$R$15:$R$1000,"Urgent",'E2E core flow'!$W$15:$W$1000,"<>Out of Scope",'E2E core flow'!$T$15:$T$1000,"<>Fixed – Retest Passed"),_xlpm.oh,COUNTIFS('E2E core flow'!$B$15:$B$1000,_xlpm.mods,'E2E core flow'!$R$15:$R$1000,"High",'E2E core flow'!$W$15:$W$1000,"<>Out of Scope",'E2E core flow'!$T$15:$T$1000,"<>Fixed – Retest Passed"),_xlpm.omd,COUNTIFS('E2E core flow'!$B$15:$B$1000,_xlpm.mods,'E2E core flow'!$R$15:$R$1000,"Medium",'E2E core flow'!$W$15:$W$1000,"<>Out of Scope",'E2E core flow'!$T$15:$T$1000,"<>Fixed – Retest Passed"),_xlpm.ol,COUNTIFS('E2E core flow'!$B$15:$B$1000,_xlpm.mods,'E2E core flow'!$R$15:$R$1000,"Low",'E2E core flow'!$W$15:$W$1000,"<>Out of Scope",'E2E core flow'!$T$15:$T$1000,"<>Fixed – Retest Passed"),_xlpm.bl,COUNTIFS('E2E core flow'!$B$15:$B$1000,_xlpm.mods,'E2E core flow'!$Z$15:$Z$1000,"Blocking")+COUNTIFS(Cards!$M$4:$M$1000,_xlpm.mods,Cards!$L$4:$L$1000,"Blocking"),_xlpm.cf,COUNTIFS('E2E core flow'!$B$15:$B$1000,_xlpm.mods,'E2E core flow'!$Z$15:$Z$1000,"Accepted (CF)")+COUNTIFS(Cards!$M$4:$M$1000,_xlpm.mods,Cards!$L$4:$L$1000,"Accepted (CF)"),_xlpm.ki,COUNTIFS(Cards!$M$4:$M$1000,_xlpm.mods,Cards!$L$4:$L$1000,"Known Issue"),_xlpm.rk,IF(_xlpm.sc+_xlpm.tc=0,"No Test",IF(_xlpm.bl+_xlpm.ou>0,"Urgent",IF(_xlpm.oh+_xlpm.cf>0,"High",IF(_xlpm.omd+_xlpm.ki+(_xlpm.ev<_xlpm.sc+_xlpm.tc)>0,"Medium","Low")))),IFERROR(_xlfn.HSTACK(_xlpm.mods,_xlpm.sc,_xlpm.cd,_xlpm.tc,IF(_xlpm.sc+_xlpm.tc=0,"-",_xlpm.ev/(_xlpm.sc+_xlpm.tc)),_xlpm.ou,IF(_xlpm.sc>=0,""),_xlpm.oh,_xlpm.omd,_xlpm.ol,_xlpm.bl&" / "&_xlpm.cf,_xlpm.rk),"ยังไม่มี Module ใน Ownership Matrix"))} -> OPD | C200: 11 | D200: 23 | E200: 0 | F200: 0 | G200: 0 | I200: 0 | J200: 0 | K200: 0 | L200: 0 / 0 | M200: Medium
B201: IPD | C201: 0 | D201: 0 | E201: 0 | F201: - | G201: 0 | I201: 0 | J201: 0 | K201: 0 | L201: 0 / 0 | M201: No Test
B202: Billing | C202: 0 | D202: 0 | E202: 0 | F202: - | G202: 0 | I202: 0 | J202: 0 | K202: 0 | L202: 0 / 0 | M202: No Test
B203: Lab | C203: 0 | D203: 0 | E203: 0 | F203: - | G203: 0 | I203: 0 | J203: 0 | K203: 0 | L203: 0 / 0 | M203: No Test
B204: Pharmacy | C204: 0 | D204: 0 | E204: 0 | F204: - | G204: 0 | I204: 0 | J204: 0 | K204: 0 | L204: 0 / 0 | M204: No Test
B205: Radiology | C205: 0 | D205: 0 | E205: 0 | F205: - | G205: 0 | I205: 0 | J205: 0 | K205: 0 | L205: 0 / 0 | M205: No Test
B206: Admission Center | C206: 1 | D206: 0 | E206: 0 | F206: 0 | G206: 0 | I206: 0 | J206: 0 | K206: 0 | L206: 0 / 0 | M206: Medium
B207: ER | C207: 6 | D207: 10 | E207: 0 | F207: 0 | G207: 0 | I207: 0 | J207: 0 | K207: 0 | L207: 0 / 0 | M207: Medium

Sheet E2E core flow
A1: Project Name: | B1: Cortex HIS (SBH) | C1: Sprint / Cycle:
A2: Test Suite: | B2: E2E (Core Flow) | C2: Executed By:
A3: Build / Version: | B3: v2.9.0 | C3: Executed Date: | D3: yyyy-mm-dd hh:mm
A4: Tested Environment: | B4: demo-x | C4: Execution Summary: | D4: ="Passed: "&COUNTIF($W$15:$W$1000,"Passed")&" | Cond. Passed: "&COUNTIF($W$15:$W$1000,"Conditionally Passed")&" | Failed: "&COUNTIF($W$15:$W$1000,"Failed")&" | Blocked: "&COUNTIF($W$15:$W$1000,"Blocked")&" | Not Run: "&COUNTIF($W$15:$W$1000,"Not Run")&" | Out of Scope: "&COUNTIF($W$15:$W$1000,"Out of Scope") -> Passed: 0 | Cond. Passed: 0 | Failed: 0 | Blocked: 0 | Not Run: 18 | Out of Scope: 13
A5: Priority: | B5: Urgent | C5: Overall Verdict: | D5: {=_xlfn.LET(_xlpm.p,COUNTIF($W$15:$W$1000,"Passed"),_xlpm.cp,COUNTIF($W$15:$W$1000,"Conditionally Passed"),_xlpm.f,COUNTIF($W$15:$W$1000,"Failed"),_xlpm.b,COUNTIF($W$15:$W$1000,"Blocked"),_xlpm.nr,COUNTIF($W$15:$W$1000,"Not Run"), IF(_xlpm.f>0,"Failed",IF(_xlpm.b>0,"Blocked",IF(OR(_xlpm.nr>0,_xlpm.p+_xlpm.cp=0),"Not Run",IF(_xlpm.cp>0,"Conditionally Passed","Passed")))))} -> Not Run
A6: Exit Criteria: | B6: หากพบ Bug Priority Urgent / High ให้ log bug เพื่อแก้ด่วน โดย Developer ต้องส่งมอบแก้ไขภายใน [ระบุเวลา เช่น 2–4 ชม.] มิฉะนั้นจะดำเนินการ Reject Build ทันที | C6: % Release Readiness: | D6: =IFERROR((COUNTIF($W$15:$W$1000,"Passed")+COUNTIF($W$15:$W$1000,"Conditionally Passed"))/(COUNTIF($W$15:$W$1000,"Passed")+COUNTIF($W$15:$W$1000,"Conditionally Passed")+COUNTIF($W$15:$W$1000,"Failed")),0) -> 0
A11: ⚙️ ช่องพื้นสีเทา = ระบบคำนวณอัตโนมัติ (Auto) — ห้ามแก้ไข / ไม่ต้องกรอก
A12: =IF(LEFT(TRIM(C12),4)="http",HYPERLINK(TRIM(C12),"🔗 อ่านกฎการลงผล (SOP)"),"🔗 SOP: ยังไม่ได้ใส่ลิงก์ (วาง URL ที่ C12)") -> 🔗 SOP: ยังไม่ได้ใส่ลิงก์ (วาง URL ที่ C12) | C12: [รอใส่ลิงก์ SOP ของ H LAB จริง] ← วาง URL ทับช่องนี้
A13: Scenario ID / Test Case ID | B13: Module / Flow | C13: Feature / Scenario Scope | D13: Scenario Name / Title | E13: Business Flow / Test Steps | F13: Test Data / Prerequisite | G13: Related Card ID(s) | H13: Expected Result | I13: Test Level | J13: Test Type | K13: Test Intent | L13: Flow Priority | M13: Execution Status | N13: Actual Result | O13: Defect ID / Issue Link | P13: Defect Severity / Blocker? | Q13: Impact | R13: Bug Priority (Auto) | S13: Root Cause | T13: Defect Status | U13: Tester | V13: Executed Date (yyyy-mm-dd) | W13: Overall Verdict (Auto) | X13: Remark / Notes | Y13: Owner Team (Auto) | Z13: Release Gate (Auto)
B14: Dropdown / Text (เช่น OPD, IPD, Billing) | C14: Text (เช่น ลงทะเบียนก่อนเข้าตรวจ OPD) | D14: Text (เช่น ผู้ป่วย Walk-in ทำก่อนคัดกรองเบื้องต้น...) | E14: Multi-line Text (ข้อความระบุ [1], [2], [3]) | F14: Text (เช่น HN ผู้ป่วย, สิทธิการรักษา, User แพทย์) | G14: Formula: Card ID - Title + (Card Priority · TOR | Card Result | TC ผ่าน/ทั้งหมด | Release Gate) ดึงจาก Cards ตาม Map to Scenario ID | H14: Multi-line Text (State change, UI, Database) | I14: Dropdown: Unit, Integration, System, Acceptance | J14: Dropdown: Functional, UI/UX, Security, Performance, Integration | K14: Dropdown: Happy, Unhappy,Edge,Error | L14: Dropdown: Urgent, High, Medium, Low — QA Site / BA กรอกให้ครบตั้งแต่ Day 0 (ว่าง = นับเป็น Urgent / High) · Protect หลัง Day 0 | M14: Dropdown: ToDo, Ready for Testing, Testing, Blocked, Done, Canceled (สถานะการทำงานเท่านั้น — ห้ามมี Passed/Failed) | N14: Text / Log / ข้อความ Error | O14: ใส่ Defect ID ของทุกบั๊กที่พบใน Scenario นี้ (รวมบั๊กจากฟีเจอร์ของการ์ดที่ผูกกับ Scenario) เช่น CTX-3462 | P14: Dropdown: Critical, High, Medium, Low (เว้นว่าง = ไม่พบ Defect) | Q14: Dropdown: Extensive (ทั้ง รพ. / หลายโมดูล) · Significant (หลายหอผู้ป่วย / ทีม) · Moderate (หอผู้ป่วยเดี่ยว / กลุ่มผู้ใช้) · Minor (ผู้ใช้เดี่ยว / เฉพาะกรณี) — กรอกเมื่อมี Defect ID | R14: Formula (ห้ามแก้มือ): Severity × Impact → Urgent / High / Medium / Low (ตรงกับ Priority ใน Linear) ตาม Matrix ใน SOP-QA-CORTEX-01 | S14: Dropdown: Config, Master Data, Code Bug — กรอกเมื่อมี Defect ID | T14: Dropdown: Open / Fixed – Retest Passed — ว่าง = Open | เปลี่ยนเป็น Fixed – Retest Passed เมื่อผ่าน Direct Fix + Impact Area แล้วเท่านั้น | U14: Text (เช่น Harry) | V14: Date (yyyy-mm-dd) — QA กรอกเอง ไม่ใช้สูตร | W14: Formula (ห้ามแก้มือ): Out of Scope/Canceled → Out of Scope | Blocked → Blocked | มีบั๊กที่ยังไม่ Fixed (Defect ID หรือ Severity) → Highest Priority Wins: Flow หรือ Card Priority เป็น Urgent/High/ว่าง → Failed | ทั้งหมด Medium/Low → Conditionally Passed | Done + ไม่มีบั๊ก หรือบั๊ก Fixed – Retest Passed → Passed | อื่นๆ → Not Run | Y14: Formula: ทีมเจ้าของจากชีต Ownership Matrix ตาม Module (คอลัมน์ B) — ใช้ใน Step 2 ของการส่งบั๊ก | Z14: Formula (ห้ามแก้มือ): Bug ที่ยังไม่ Fixed → Blocking (Verdict = Failed หรือ Bug Priority Urgent / High / ยังไม่ระบุ) · Accepted (CF) (มีแถว CAB ใน Risk Log) · Deferrable (ที่เหลือ → Risk Acceptance โดย PO)
A15: SMK-OPD-001 | B15: OPD | C15: ลงทะเบียนก่อนเข้าตรวจ OPD | D15: ผู้ป่วย Walk-in ทำก่อนคัดกรองเบื้องต้น และลงทะเบียนที่เวชระเบียน ก่อนเข้าคิวตรวจ OPD | E15: [1] ค้นหา/สร้าง HN [2] ลงทะเบียน Visit (ระบบตรวจสอบสิทธิอัตโนมัติ หรือ เลือกสิทธิ + คลินิก+แพทย์หรือไม่ระบุแพทย์) + พิมพ์ใบนำทาง [3] ระบบ Generate Visit No. → แสดงรายการที่ Tab "คำขอ Walk-in" หน้า Patient List ของคลินิก | F15: SBH Prod · ที่อยู่ทะเบียนบ้าน (บังคับ): ตำบลปากเพรียว อำเภอเมืองสระบุรี จังหวัดสระบุรี 18000 · สิทธิ H03 - สิทธิ UC เป็นลำดับ 1 (ระบบใส่ H02 - เงินสด เบิกได้ มาให้) · คลินิก 00101 - คลินิกอายุรกรรมโรคทั่วไป (Walk-in ได้แถว "คำขอ Walk-in") | G15: {=IF($A15="","",IFERROR(_xlfn.TEXTJOIN(CHAR(10)&CHAR(10),TRUE,_xlfn._xlws.FILTER("• "&Cards!$A$4:$A$1000&" - "&Cards!$B$4:$B$1000&CHAR(10)&" "&IF(Cards!$F$4:$F$1000="","Priority ?",Cards!$F$4:$F$1000)&IF(Cards!$H$4:$H$1000="Yes"," · TOR",IF(Cards!$H$4:$H$1000=""," · TOR?",""))&" | Result: "&IF(Cards!$J$4:$J$1000="","Pending",Cards!$J$4:$J$1000)&" | TC "&Cards!$P$4:$P$1000&"/"&Cards!$O$4:$O$1000&IF(Cards!$L$4:$L$1000="",""," | Gate: "&Cards!$L$4:$L$1000),(Cards!$A$4:$A$1000<>"")*ISNUMBER(SEARCH($A15,Cards!$E$4:$E$1000)))),"-"))} -> • SBH-2360 - [Registration] [OPD] ใบนำทาง: Form for SBH & improvement Urgent · TOR? | Result: Pending | TC 0/0 | Gate: Pending Result • SBH-2233 - [OPD] [Queue] Queue Improvement Urgent · TOR? | Result: Pending | TC 0/0 | Gate: Pending Result • SBH-1290 - [Registration] ข้อมูลผู้ป่วย ที่อยู่ เช่น ทะเบียนบ้าน ตำบล ถนน หมู่ ควรแยก field ของตัวเอง เพราะใช้นำส่ง 43 แฟ้ม Medium · TOR? | Result: Pending | TC 0/0 | Gate: Pending Result | H15: - ระบบค้นพบประวัติเดิมหรือสร้างรหัส HN ใหม่เข้าระบบได้สำเร็จโดยไม่มี Error - สิทธิการรักษาของผู้ป่วยถูกตรวจสอบและบันทึกถูกต้อง - ระบบทำการสร้างเลข Visit No. ประจำวันขึ้นมาใหม่อัตโนมัติ และสั่งพิมพ์ใบนำทาง (Routing Slip) ข้อมูลครบถ้วน - รายชื่อและ Visit ของผู้ป่วยถูกส่งต่อไปปรากฏทันทีที่หน้า Patient List ของคลินิกเป้าหมาย ภายใต้แท็บ "คำขอ Walk-in" | I15: System | J15: Functional | K15: Happy | M15: Ready for Testing | R15: =IF(OR($A15="",LEN(TRIM($O15))=0),"",IF(OR($P15="",$Q15=""),"ระบุ Severity + Impact",IFERROR(INDEX({"Urgent","Urgent","High","High";"Urgent","High","High","Medium";"High","High","Medium","Medium";"Medium","Medium","Low","Low"},MATCH($P15,{"Critical","High","Medium","Low"},0),MATCH($Q15,{"Extensive","Significant","Moderate","Minor"},0)),"-"))) | W15: =IF($A15="","",IF(OR($M15="Out of Scope",$M15="Canceled"),"Out of Scope",IF($M15="Blocked","Blocked",IF(AND($T15<>"Fixed – Retest Passed",OR(LEN(TRIM($O15))>0,LEN(TRIM($P15))>0)),IF(AND(OR($L15="Medium",$L15="Low"),SUMPRODUCT((Cards!$A$4:$A$1000<>"")*ISNUMBER(SEARCH($A15,Cards!$E$4:$E$1000))*(Cards!$F$4:$F$1000<>"Medium")*(Cards!$F$4:$F$1000<>"Low"))=0),"Conditionally Passed","Failed"),IF($M15="Done","Passed","Not Run"))))) -> Not Run | Y15: {=IF($A15="","",IF(TRIM($B15)="","-",IFERROR(_xlfn.TEXTJOIN(" / ",TRUE,_xlfn.UNIQUE(_xlfn._xlws.FILTER('Ownership Matrix'!$C$5:$C$200,('Ownership Matrix'!$A$5:$A$200=TRIM($B15))*('Ownership Matrix'!$C$5:$C$200<>"")))),"ไม่พบใน Ownership Matrix")))} -> ไม่พบใน Ownership Matrix | Z15: =IF(NOT(AND($A15<>"",$M15<>"Out of Scope",$M15<>"Canceled",$T15<>"Fixed – Retest Passed",OR(LEN(TRIM($O15))>0,LEN(TRIM($P15))>0))),"",IF(OR($W15="Failed",$R15="Urgent",$R15="High",$R15="ระบุ Severity + Impact"),IF(COUNTIFS(Dashboard!$B$105:$B$124,$O15,Dashboard!$I$105:$I$124,"CAB")>0,"Accepted (CF)","Blocking"),"Deferrable"))
A16: SMK-OPD-002 | B16: OPD | C16: พยาบาลคัดกรองผู้ป่วย | D16: ผู้ป่วย Walk-in มายังคลินิก และคัดกรองโดยพยาบาล | E16: [1] พยาบาลเข้าสู่เมนูผู้ป่วยนอก >> เข้าสู่ Service Unit หรือ Location คลินิก >>ค้นหารายชื่อผู้ป่วยหรือ ค้นหาผู้ป่วยตาม HN [2] พยาบาลตรวจสอบ Tab "คำขอ Walk-in" >> กดปุ่ม "แบบคัดกรอง" ในคอลัมน์คัดกรองของแถวผู้ป่วย [3] พยาบาลซักประวัติ และ กรอกฟอร์มคัดกรองบันทึกเอกสารคัดกรอง + สัญญาณชีพ >> บันทึก [4] พยาบาลกดปุ่ม "ลงตาราง" >> เลือกแพทย์ + ประเภทบริการ + ช่วงเวลา >> บันทึก (ระบบเช็คอินให้อัตโนมัติ) [5] พยาบาลกด "พร้อมตรวจ" ที่หน้ารายการผู้ป่วยนอก [6] พยาบาลหน้าห้องเรียกคิวผู้ป่วยพบแพทย์ | F16: หน่วยบริการ แผนกอายุรกรรม · ช่องบริการ ก่อนตรวจ · ลงตาราง: แพทย์ ดร. วิชัย รัตน์ เอื้อเฟื้อ · ประเภทบริการ ตรวจครั้งแรก · ฟอร์มคัดกรอง: Chief Complaint + Present Illness (บังคับ) + Vital Signs ครบ (Temp / BP / PR / RR / SpO2) | G16: {=IF($A16="","",IFERROR(_xlfn.TEXTJOIN(CHAR(10)&CHAR(10),TRUE,_xlfn._xlws.FILTER("• "&Cards!$A$4:$A$1000&" - "&Cards!$B$4:$B$1000&CHAR(10)&" "&IF(Cards!$F$4:$F$1000="","Priority ?",Cards!$F$4:$F$1000)&IF(Cards!$H$4:$H$1000="Yes"," · TOR",IF(Cards!$H$4:$H$1000=""," · TOR?",""))&" | Result: "&IF(Cards!$J$4:$J$1000="","Pending",Cards!$J$4:$J$1000)&" | TC "&Cards!$P$4:$P$1000&"/"&Cards!$O$4:$O$1000&IF(Cards!$L$4:$L$1000="",""," | Gate: "&Cards!$L$4:$L$1000),(Cards!$A$4:$A$1000<>"")*ISNUMBER(SEARCH($A16,Cards!$E$4:$E$1000)))),"-"))} -> • SBH-2457 - [EMR] [Form] ประกอบและปรับแต่ง Form OPD note/Pre-assessment จากการ Restructure EHR base Urgent · TOR? | Result: Pending | TC 0/0 | Gate: Pending Result • SBH-2424 - [Bug][Appointment][Physician Schedule] Restore open-ended routine availability High · TOR? | Result: Pending | TC 0/0 | Gate: Pending Result • SBH-887 - [Pre-Assessment] improvement Urgent · TOR? | Result: Pending | TC 0/0 | Gate: Pending Result | H16: - ผู้ป่วยแสดงในแท็บ "คำขอ Walk-in" และกดปุ่ม "แบบคัดกรอง" แล้วเปิดฟอร์มคัดกรองได้ - ฟอร์มคัดกรองบันทึกข้อมูลสำเร็จ ค่าสัญญาณชีพ (Vital Signs) ถูกบันทึกลงฐานข้อมูลและแสดงผลในชาร์ต - ลงตารางแพทย์สำเร็จ ระบบเช็คอินให้อัตโนมัติ ได้เลขคิวพบแพทย์ และรายชื่อผู้ป่วยย้ายจากแท็บ "คำขอ Walk-in" ไปแท็บ "เช็คอิน" ทันที - เมื่อกด "พร้อมตรวจ" สถานะผู้ป่วยอัปเดตเป็น "พร้อมตรวจ" และไปปรากฏในคิวรอตรวจของห้องตรวจแพทย์ - ระบบคิวแสดงสัญญาณหรือเสียงเรียกคิวผู้ป่วยหน้าห้องตรวจได้ตามลำดับ | I16: System | J16: Functional | K16: Happy | M16: Ready for Testing | R16: =IF(OR($A16="",LEN(TRIM($O16))=0),"",IF(OR($P16="",$Q16=""),"ระบุ Severity + Impact",IFERROR(INDEX({"Urgent","Urgent","High","High";"Urgent","High","High","Medium";"High","High","Medium","Medium";"Medium","Medium","Low","Low"},MATCH($P16,{"Critical","High","Medium","Low"},0),MATCH($Q16,{"Extensive","Significant","Moderate","Minor"},0)),"-"))) | W16: =IF($A16="","",IF(OR($M16="Out of Scope",$M16="Canceled"),"Out of Scope",IF($M16="Blocked","Blocked",IF(AND($T16<>"Fixed – Retest Passed",OR(LEN(TRIM($O16))>0,LEN(TRIM($P16))>0)),IF(AND(OR($L16="Medium",$L16="Low"),SUMPRODUCT((Cards!$A$4:$A$1000<>"")*ISNUMBER(SEARCH($A16,Cards!$E$4:$E$1000))*(Cards!$F$4:$F$1000<>"Medium")*(Cards!$F$4:$F$1000<>"Low"))=0),"Conditionally Passed","Failed"),IF($M16="Done","Passed","Not Run"))))) -> Not Run | Y16: {=IF($A16="","",IF(TRIM($B16)="","-",IFERROR(_xlfn.TEXTJOIN(" / ",TRUE,_xlfn.UNIQUE(_xlfn._xlws.FILTER('Ownership Matrix'!$C$5:$C$200,('Ownership Matrix'!$A$5:$A$200=TRIM($B16))*('Ownership Matrix'!$C$5:$C$200<>"")))),"ไม่พบใน Ownership Matrix")))} -> ไม่พบใน Ownership Matrix | Z16: =IF(NOT(AND($A16<>"",$M16<>"Out of Scope",$M16<>"Canceled",$T16<>"Fixed – Retest Passed",OR(LEN(TRIM($O16))>0,LEN(TRIM($P16))>0))),"",IF(OR($W16="Failed",$R16="Urgent",$R16="High",$R16="ระบุ Severity + Impact"),IF(COUNTIFS(Dashboard!$B$105:$B$124,$O16,Dashboard!$I$105:$I$124,"CAB")>0,"Accepted (CF)","Blocking"),"Deferrable"))
A17: SMK-OPD-003 | B17: OPD | C17: แพทย์ตรวจ + วินิจฉัย + สั่ง Order (Lab/X-ray/ยา) | D17: พยาบาลเรียกคิวตรวจผู้ป่วย OPD และ Order (Lab/X-ray/ยา) | E17: [1] แพทย์เข้าสู่เมนูผู้ป่วยนอก >> เข้าสู่ Service Unit หรือ Location คลินิก [2] แพทย์เลือกผู้ป่วยที่ถูก Assign หรือ ค้นหาผู้ป่วยตาม HN (ผู้ป่วยอยู่สถานะ "พร้อมตรวจ") [3] แพทย์ตรวจสอบ ดูประวัติ + Vital Sign และ บันทึกวินิจฉัย (Diagnosis/ICD-10) ด้วย Template OPD Note [4] แพทย์สั่ง Order (แยก 3 เส้นทางที่อาจเกิดพร้อมกันในเคสเดียว): [4a] ค้นหา Item Lab → เลือก Item → เพิ่มลงตะกร้า [4b] ค้นหา Item X-ray → เลือก Item → เพิ่มลงตะกร้า [4c] ค้นหา Item ยา → เลือก Item → เพิ่มลงตะกร้า [5] กดปุ่ม "ส่งคำสั่ง" (Submit Order ทั้งตะกร้าพร้อมกัน) [6] เปลี่ยนสถานะผู้ป่วย = "พักการตรวจ" [กรณีที่แพทย์มีการสั่ง LAB หรือ รังสี] | F17: Dx M545 - Low back pain (หรือ K30) · ยา MED0000619 PARACETAMOL 500 MG TABLET (ประเภทการใช้ Home med) · Lab LAB0000001 (Glucose) · X-ray IMG0000194 (LEFT ANKLE) | G17: {=IF($A17="","",IFERROR(_xlfn.TEXTJOIN(CHAR(10)&CHAR(10),TRUE,_xlfn._xlws.FILTER("• "&Cards!$A$4:$A$1000&" - "&Cards!$B$4:$B$1000&CHAR(10)&" "&IF(Cards!$F$4:$F$1000="","Priority ?",Cards!$F$4:$F$1000)&IF(Cards!$H$4:$H$1000="Yes"," · TOR",IF(Cards!$H$4:$H$1000=""," · TOR?",""))&" | Result: "&IF(Cards!$J$4:$J$1000="","Pending",Cards!$J$4:$J$1000)&" | TC "&Cards!$P$4:$P$1000&"/"&Cards!$O$4:$O$1000&IF(Cards!$L$4:$L$1000="",""," | Gate: "&Cards!$L$4:$L$1000),(Cards!$A$4:$A$1000<>"")*ISNUMBER(SEARCH($A17,Cards!$E$4:$E$1000)))),"-"))} -> • SBH-2532 - [EMR] [CDSS] - Food drug allergy: เช่น Contrast Media-Seafood/Egg-vaccine Medium · TOR? | Result: Pending | TC 0/0 | Gate: Pending Result • SBH-2457 - [EMR] [Form] ประกอบและปรับแต่ง Form OPD note/Pre-assessment จากการ Restructure EHR base Urgent · TOR? | Result: Pending | TC 0/0 | Gate: Pending Result • SBH-864 - [CPOE] [Order] Form เอกสารประกอบการสั่งยา ปรับให้เป็น Prefill ติ๊กตามสิทธิที่เปิดมา Medium · TOR? | Result: Pending | TC 0/0 | Gate: Pending Result • SBH-498 - [EMR] [Patient History] Label แสดงสถานะ "On Warfarin" บน Patient Banner Medium · TOR? | Result: Pending | TC 0/0 | Gate: Pending Result • SBH-417 - [CPOE] [order] รวมค่าใช้จ่ายผู้ป่วย Urgent · TOR? | Result: Pending | TC 0/0 | Gate: Pending Result • SBH-408 - [EMR] Clinical Summary High · TOR? | Result: Pending | TC 0/0 | Gate: Pending Result | H17: - แพทย์เปิดดูประวัติและ Vital Signs ได้ถูกต้อง และผู้ป่วยอยู่สถานะ "พร้อมตรวจ" - บันทึกผลวินิจฉัยและรหัสโรค ICD-10 ผ่าน Template OPD Note ได้สมบูรณ์ ข้อมูลไม่สูญหาย - ตะกร้า Order รวมทั้ง 3 รายการ (Lab, X-ray, ยา) ได้ถูกต้อง และเมื่อกด Submit ระบบสร้าง Order ID แยกตามแผนกอัตโนมัติ - เนื่องจากมีรายการส่งตรวจ Lab/X-ray สถานะของผู้ป่วยต้องเปลี่ยนเป็น "พักการตรวจ" โดยอัตโนมัติเพื่อรอผลตรวจ | I17: System | J17: Functional | K17: Happy | M17: Ready for Testing | R17: =IF(OR($A17="",LEN(TRIM($O17))=0),"",IF(OR($P17="",$Q17=""),"ระบุ Severity + Impact",IFERROR(INDEX({"Urgent","Urgent","High","High";"Urgent","High","High","Medium";"High","High","Medium","Medium";"Medium","Medium","Low","Low"},MATCH($P17,{"Critical","High","Medium","Low"},0),MATCH($Q17,{"Extensive","Significant","Moderate","Minor"},0)),"-"))) | W17: =IF($A17="","",IF(OR($M17="Out of Scope",$M17="Canceled"),"Out of Scope",IF($M17="Blocked","Blocked",IF(AND($T17<>"Fixed – Retest Passed",OR(LEN(TRIM($O17))>0,LEN(TRIM($P17))>0)),IF(AND(OR($L17="Medium",$L17="Low"),SUMPRODUCT((Cards!$A$4:$A$1000<>"")*ISNUMBER(SEARCH($A17,Cards!$E$4:$E$1000))*(Cards!$F$4:$F$1000<>"Medium")*(Cards!$F$4:$F$1000<>"Low"))=0),"Conditionally Passed","Failed"),IF($M17="Done","Passed","Not Run"))))) -> Not Run | Y17: {=IF($A17="","",IF(TRIM($B17)="","-",IFERROR(_xlfn.TEXTJOIN(" / ",TRUE,_xlfn.UNIQUE(_xlfn._xlws.FILTER('Ownership Matrix'!$C$5:$C$200,('Ownership Matrix'!$A$5:$A$200=TRIM($B17))*('Ownership Matrix'!$C$5:$C$200<>"")))),"ไม่พบใน Ownership Matrix")))} -> ไม่พบใน Ownership Matrix | Z17: =IF(NOT(AND($A17<>"",$M17<>"Out of Scope",$M17<>"Canceled",$T17<>"Fixed – Retest Passed",OR(LEN(TRIM($O17))>0,LEN(TRIM($P17))>0))),"",IF(OR($W17="Failed",$R17="Urgent",$R17="High",$R17="ระบุ Severity + Impact"),IF(COUNTIFS(Dashboard!$B$105:$B$124,$O17,Dashboard!$I$105:$I$124,"CAB")>0,"Accepted (CF)","Blocking"),"Deferrable"))
A18: SMK-OPD-004 | B18: OPD | C18: พยาบาลตรวจสอบ Order และแจ้งผู้ป่วยไปชำระเงิน | D18: พยาบาลตรวจสอบ Order ที่แพทย์สั่ง หรือหากมีคำสั่ง รคส [รคส คือการสั่งแทนแพทย์] และแจ้งผู้ป่วยไปชำระเงินก่อนตรวจ LAB / รังสี (เก็บ Specimen ที่ห้องแล็บหลังเช็คอิน — SMK-OPD-006) | E18: [1] พยาบาลเข้าสู่เมนูผู้ป่วยนอก >> เข้าสู่ Service Unit หรือ Location คลินิก [2] พยาบาลกดเข้าสู่ข้อมูลผู้ป่วย หรือ ค้นหาจาก HN >> กดเข้าประวัติผู้ป่วย>> ตรวจสอบ Order ที่แพทย์สั่ง หรือหากมีคำสั่ง รคส [รคส คือการสั่งแทนแพทย์] [3] พยาบาลแจ้งให้ผู้ป่วยไปชำระเงินก่อน กรณีที่มีการสั่ง LAB หรือ รังสี | F18: บัญชีพยาบาล (role Nurse) | G18: {=IF($A18="","",IFERROR(_xlfn.TEXTJOIN(CHAR(10)&CHAR(10),TRUE,_xlfn._xlws.FILTER("• "&Cards!$A$4:$A$1000&" - "&Cards!$B$4:$B$1000&CHAR(10)&" "&IF(Cards!$F$4:$F$1000="","Priority ?",Cards!$F$4:$F$1000)&IF(Cards!$H$4:$H$1000="Yes"," · TOR",IF(Cards!$H$4:$H$1000=""," · TOR?",""))&" | Result: "&IF(Cards!$J$4:$J$1000="","Pending",Cards!$J$4:$J$1000)&" | TC "&Cards!$P$4:$P$1000&"/"&Cards!$O$4:$O$1000&IF(Cards!$L$4:$L$1000="",""," | Gate: "&Cards!$L$4:$L$1000),(Cards!$A$4:$A$1000<>"")*ISNUMBER(SEARCH($A18,Cards!$E$4:$E$1000)))),"-"))} -> - | H18: - พยาบาลเปิดดู OPD Note ของผู้ป่วยได้ถูกต้อง และมองเห็นข้อความในฟิลด์ "Note to Nurse" กรณีมีการสั่ง รคส อย่างครบถ้วน - รายการ Order Lab และรังสีที่แพทย์สั่งแสดงสถานะเป็น "รอชำระเงิน" หรือ "ยังไม่ได้ชำระ" - ระบบแสดงคำแนะนำ/ข้อความแจ้งเตือนให้ส่งผู้ป่วยไปชำระเงินก่อนเข้ารับการตรวจ Lab/X-ray | I18: System | J18: Functional | K18: Happy | M18: Ready for Testing | R18: =IF(OR($A18="",LEN(TRIM($O18))=0),"",IF(OR($P18="",$Q18=""),"ระบุ Severity + Impact",IFERROR(INDEX({"Urgent","Urgent","High","High";"Urgent","High","High","Medium";"High","High","Medium","Medium";"Medium","Medium","Low","Low"},MATCH($P18,{"Critical","High","Medium","Low"},0),MATCH($Q18,{"Extensive","Significant","Moderate","Minor"},0)),"-"))) | W18: =IF($A18="","",IF(OR($M18="Out of Scope",$M18="Canceled"),"Out of Scope",IF($M18="Blocked","Blocked",IF(AND($T18<>"Fixed – Retest Passed",OR(LEN(TRIM($O18))>0,LEN(TRIM($P18))>0)),IF(AND(OR($L18="Medium",$L18="Low"),SUMPRODUCT((Cards!$A$4:$A$1000<>"")*ISNUMBER(SEARCH($A18,Cards!$E$4:$E$1000))*(Cards!$F$4:$F$1000<>"Medium")*(Cards!$F$4:$F$1000<>"Low"))=0),"Conditionally Passed","Failed"),IF($M18="Done","Passed","Not Run"))))) -> Not Run | Y18: {=IF($A18="","",IF(TRIM($B18)="","-",IFERROR(_xlfn.TEXTJOIN(" / ",TRUE,_xlfn.UNIQUE(_xlfn._xlws.FILTER('Ownership Matrix'!$C$5:$C$200,('Ownership Matrix'!$A$5:$A$200=TRIM($B18))*('Ownership Matrix'!$C$5:$C$200<>"")))),"ไม่พบใน Ownership Matrix")))} -> ไม่พบใน Ownership Matrix | Z18: =IF(NOT(AND($A18<>"",$M18<>"Out of Scope",$M18<>"Canceled",$T18<>"Fixed – Retest Passed",OR(LEN(TRIM($O18))>0,LEN(TRIM($P18))>0))),"",IF(OR($W18="Failed",$R18="Urgent",$R18="High",$R18="ระบุ Severity + Impact"),IF(COUNTIFS(Dashboard!$B$105:$B$124,$O18,Dashboard!$I$105:$I$124,"CAB")>0,"Accepted (CF)","Blocking"),"Deferrable"))
A19: SMK-OPD-005 | B19: OPD | C19: ห้องการเงิน ผู้ป่วยชำระเงิน | D19: ผู้ป่วยชำระเงิน กรณีที่มีการสั่ง LAB หรือ รังสี จากแพทย์ | E19: [1] ค้นหาผู้ป่วยจาก HN [2] ตรวจสอบข้อมูล >> ทำการปิดสิทธิ UC (ระบุเลข End Point) >> ยอดที่เบิกไม่ได้ชำระเป็นเงินสด [3] ห้องการเงินรับชำระเงินเฉพาะรายการจาก LAB หรือ รังสี >> เลือกวิธีการชำระเงิน >> กดชำระเงิน [4] พิมพ์ใบเสร็จรับเงิน | F19: สิทธิ H03 - สิทธิ UC + เงินสด · ปิดสิทธิ UC ด้วยเลข End Point (ประเภทบัตร 60 · Terminal ID / Trace / End Point เลขสุ่ม) · ห้องการเงินชั้น 1 · วิธีชำระ เงินสด | G19: {=IF($A19="","",IFERROR(_xlfn.TEXTJOIN(CHAR(10)&CHAR(10),TRUE,_xlfn._xlws.FILTER("• "&Cards!$A$4:$A$1000&" - "&Cards!$B$4:$B$1000&CHAR(10)&" "&IF(Cards!$F$4:$F$1000="","Priority ?",Cards!$F$4:$F$1000)&IF(Cards!$H$4:$H$1000="Yes"," · TOR",IF(Cards!$H$4:$H$1000=""," · TOR?",""))&" | Result: "&IF(Cards!$J$4:$J$1000="","Pending",Cards!$J$4:$J$1000)&" | TC "&Cards!$P$4:$P$1000&"/"&Cards!$O$4:$O$1000&IF(Cards!$L$4:$L$1000="",""," | Gate: "&Cards!$L$4:$L$1000),(Cards!$A$4:$A$1000<>"")*ISNUMBER(SEARCH($A19,Cards!$E$4:$E$1000)))),"-"))} -> - | H19: - ค้นหา HN แล้วพบเฉพาะรายการค่าใช้จ่ายของ Lab และ รังสี ที่ส่งมาจากห้องตรวจถูกต้อง - ปิดสิทธิ UC ด้วยเลข End Point ได้ถูกต้อง และยอดที่เบิกไม่ได้ชำระเป็นเงินสดได้ (ถ้าสิทธิ UC ครอบคลุมทั้งหมด ยอดต้องชำระเป็น 0) - เมื่อกดรับชำระเงิน ระบบบันทึกยอดเงินเข้าสู่ระบบ Cashier ได้สำเร็จ และพิมพ์ "ใบเสร็จรับเงิน" ที่มีเลขที่ใบเสร็จถูกต้อง - สถานะค่าใช้จ่ายของรายการ Lab/X-ray เปลี่ยนเป็น "ชำระเงินแล้ว (Paid)" ซึ่งปลดล็อกให้ห้อง Lab สามารถกดรับตรวจได้ | I19: System | J19: Functional | K19: Happy | M19: Ready for Testing | R19: =IF(OR($A19="",LEN(TRIM($O19))=0),"",IF(OR($P19="",$Q19=""),"ระบุ Severity + Impact",IFERROR(INDEX({"Urgent","Urgent","High","High";"Urgent","High","High","Medium";"High","High","Medium","Medium";"Medium","Medium","Low","Low"},MATCH($P19,{"Critical","High","Medium","Low"},0),MATCH($Q19,{"Extensive","Significant","Moderate","Minor"},0)),"-"))) | W19: =IF($A19="","",IF(OR($M19="Out of Scope",$M19="Canceled"),"Out of Scope",IF($M19="Blocked","Blocked",IF(AND($T19<>"Fixed – Retest Passed",OR(LEN(TRIM($O19))>0,LEN(TRIM($P19))>0)),IF(AND(OR($L19="Medium",$L19="Low"),SUMPRODUCT((Cards!$A$4:$A$1000<>"")*ISNUMBER(SEARCH($A19,Cards!$E$4:$E$1000))*(Cards!$F$4:$F$1000<>"Medium")*(Cards!$F$4:$F$1000<>"Low"))=0),"Conditionally Passed","Failed"),IF($M19="Done","Passed","Not Run"))))) -> Not Run | Y19: {=IF($A19="","",IF(TRIM($B19)="","-",IFERROR(_xlfn.TEXTJOIN(" / ",TRUE,_xlfn.UNIQUE(_xlfn._xlws.FILTER('Ownership Matrix'!$C$5:$C$200,('Ownership Matrix'!$A$5:$A$200=TRIM($B19))*('Ownership Matrix'!$C$5:$C$200<>"")))),"ไม่พบใน Ownership Matrix")))} -> ไม่พบใน Ownership Matrix | Z19: =IF(NOT(AND($A19<>"",$M19<>"Out of Scope",$M19<>"Canceled",$T19<>"Fixed – Retest Passed",OR(LEN(TRIM($O19))>0,LEN(TRIM($P19))>0))),"",IF(OR($W19="Failed",$R19="Urgent",$R19="High",$R19="ระบุ Severity + Impact"),IF(COUNTIFS(Dashboard!$B$105:$B$124,$O19,Dashboard!$I$105:$I$124,"CAB")>0,"Accepted (CF)","Blocking"),"Deferrable"))
A20: SMK-OPD-006 | B20: OPD | C20: ผู้ป่วยไปยังห้อง LAB เพื่อเก็บ Specimen | D20: ผู้ป่วยไปยังห้อง LAB เพื่อเก็บ Specimen ที่ Center LAB ชั้น 3 และส่ง Specimen ไปห้องปฏิบัติการ ชั้น 6 | E20: [1] ค้นหาผู้ป่วยจาก HN >> เจ้าหน้าที่ Center LAB ชั้น 3 กด "เช็คอิน" (เลือกประเภทคิว) และรับคิว LAB [2] ผู้ป่วยเก็บ Specimen ที่ Center LAB ชั้น 3 >> เจ้าหน้าที่ LAB พิมพ์สติ๊กเกอร์ติดหลอดเลือด/ปัสสาวะ >> กด "เก็บแล้ว" [3] เจ้าหน้าที่ Center LAB ชั้น 3 ส่ง Specimen ไปยังห้องปฏิบัติการชั้น 6 >> ห้องปฏิบัติการชั้น 6 กด "รับแล้ว" [4] เจ้าหน้าที่ห้องปฏิบัติการ ชั้น 6 ตรวจสอบ Specimen และนำเข้าเครื่องวิเคราะห์ >> รายงานผล LAB เอง (ยังไม่เชื่อมต่อระบบ LIS) และกดยืนยันผล (Approve) [5] ผล LAB แสดงในระบบของผู้ป่วย | F20: Lab LAB0000001 (Glucose) · ห้องปฏิบัติการ ชั้น 6 · ยังไม่เชื่อมต่อ LIS — ห้องแล็บลงผลเอง | G20: {=IF($A20="","",IFERROR(_xlfn.TEXTJOIN(CHAR(10)&CHAR(10),TRUE,_xlfn._xlws.FILTER("• "&Cards!$A$4:$A$1000&" - "&Cards!$B$4:$B$1000&CHAR(10)&" "&IF(Cards!$F$4:$F$1000="","Priority ?",Cards!$F$4:$F$1000)&IF(Cards!$H$4:$H$1000="Yes"," · TOR",IF(Cards!$H$4:$H$1000=""," · TOR?",""))&" | Result: "&IF(Cards!$J$4:$J$1000="","Pending",Cards!$J$4:$J$1000)&" | TC "&Cards!$P$4:$P$1000&"/"&Cards!$O$4:$O$1000&IF(Cards!$L$4:$L$1000="",""," | Gate: "&Cards!$L$4:$L$1000),(Cards!$A$4:$A$1000<>"")*ISNUMBER(SEARCH($A20,Cards!$E$4:$E$1000)))),"-"))} -> - | H20: - เจ้าหน้าที่ Center Lab ชั้น 3 เช็คอินรับคิวได้ และพิมพ์สติกเกอร์บาร์โค้ด HN/Lab No. ออกมาติดหลอดส่งตรวจได้ถูกต้อง - เมื่อกดเปลี่ยนสถานะเป็น "เก็บแล้ว" ข้อมูลวิ่งไปปรากฏที่หน้าจอห้องปฏิบัติการ ชั้น 6 - ห้องปฏิบัติการ ชั้น 6 สามารถกดยืนยันสถานะ "รับแล้ว" ได้ถูกต้อง - เมื่อกรอกและบันทึกผล Lab สถานะในระบบอัปเดตเป็น "เสร็จสิ้น (Completed / Approved)" - ผลการตรวจ Lab ไหลเข้าสู่ระบบ EMR ของผู้ป่วยทันที และแสดงผลพร้อมให้แพทย์เปิดดูในห้องตรวจ | I20: System | J20: Functional | K20: Happy | M20: Ready for Testing | R20: =IF(OR($A20="",LEN(TRIM($O20))=0),"",IF(OR($P20="",$Q20=""),"ระบุ Severity + Impact",IFERROR(INDEX({"Urgent","Urgent","High","High";"Urgent","High","High","Medium";"High","High","Medium","Medium";"Medium","Medium","Low","Low"},MATCH($P20,{"Critical","High","Medium","Low"},0),MATCH($Q20,{"Extensive","Significant","Moderate","Minor"},0)),"-"))) | W20: =IF($A20="","",IF(OR($M20="Out of Scope",$M20="Canceled"),"Out of Scope",IF($M20="Blocked","Blocked",IF(AND($T20<>"Fixed – Retest Passed",OR(LEN(TRIM($O20))>0,LEN(TRIM($P20))>0)),IF(AND(OR($L20="Medium",$L20="Low"),SUMPRODUCT((Cards!$A$4:$A$1000<>"")*ISNUMBER(SEARCH($A20,Cards!$E$4:$E$1000))*(Cards!$F$4:$F$1000<>"Medium")*(Cards!$F$4:$F$1000<>"Low"))=0),"Conditionally Passed","Failed"),IF($M20="Done","Passed","Not Run"))))) -> Not Run | Y20: {=IF($A20="","",IF(TRIM($B20)="","-",IFERROR(_xlfn.TEXTJOIN(" / ",TRUE,_xlfn.UNIQUE(_xlfn._xlws.FILTER('Ownership Matrix'!$C$5:$C$200,('Ownership Matrix'!$A$5:$A$200=TRIM($B20))*('Ownership Matrix'!$C$5:$C$200<>"")))),"ไม่พบใน Ownership Matrix")))} -> ไม่พบใน Ownership Matrix | Z20: =IF(NOT(AND($A20<>"",$M20<>"Out of Scope",$M20<>"Canceled",$T20<>"Fixed – Retest Passed",OR(LEN(TRIM($O20))>0,LEN(TRIM($P20))>0))),"",IF(OR($W20="Failed",$R20="Urgent",$R20="High",$R20="ระบุ Severity + Impact"),IF(COUNTIFS(Dashboard!$B$105:$B$124,$O20,Dashboard!$I$105:$I$124,"CAB")>0,"Accepted (CF)","Blocking"),"Deferrable"))
A21: SMK-OPD-007 | B21: OPD | C21: ผู้ป่วยไปยังห้องรังสี (X-ray) เพื่อถ่ายภาพ + รังสีแพทย์อ่านผล | D21: ผู้ป่วยไปห้องรังสีเพื่อถ่ายภาพ X-ray ตาม Order ที่ชำระเงินแล้ว และรังสีแพทย์รายงานผลกลับเข้า EMR ของผู้ป่วย | E21: [1] เจ้าหน้าที่ห้องรังสีเข้าเมนู ห้องรังสี >> เลือกห้อง >> Tab "รอ Check-in" >> ค้นหาผู้ป่วยจาก HN [2] เจ้าหน้าที่กด "เช็คอิน" >> เลือกประเภทคิว (คิวรังสี) >> กด "ยืนยัน" (+ พิมพ์ใบยินยอม ถ้ามี) >> ได้เลขคิวรังสี [3] เจ้าหน้าที่กด "เริ่มถ่ายภาพ" >> กด "ถ่ายภาพแล้ว" >> เลือกแพทย์ผู้อ่านผล >> สถานะ "รออ่านผล" [4] รังสีแพทย์เปิดรายละเอียดรังสี >> บันทึกรายงานผลตรวจทางรังสี (Findings + Impression) >> กด "บันทึก" [5] ผลรังสีแสดงในระบบของผู้ป่วย (เมนู Imaging result) | F21: X-ray IMG0000194 (LEFT ANKLE) · ประเภทคิว คิวรังสี | G21: {=IF($A21="","",IFERROR(_xlfn.TEXTJOIN(CHAR(10)&CHAR(10),TRUE,_xlfn._xlws.FILTER("• "&Cards!$A$4:$A$1000&" - "&Cards!$B$4:$B$1000&CHAR(10)&" "&IF(Cards!$F$4:$F$1000="","Priority ?",Cards!$F$4:$F$1000)&IF(Cards!$H$4:$H$1000="Yes"," · TOR",IF(Cards!$H$4:$H$1000=""," · TOR?",""))&" | Result: "&IF(Cards!$J$4:$J$1000="","Pending",Cards!$J$4:$J$1000)&" | TC "&Cards!$P$4:$P$1000&"/"&Cards!$O$4:$O$1000&IF(Cards!$L$4:$L$1000="",""," | Gate: "&Cards!$L$4:$L$1000),(Cards!$A$4:$A$1000<>"")*ISNUMBER(SEARCH($A21,Cards!$E$4:$E$1000)))),"-"))} -> - | H21: - Order X-ray ที่ชำระเงินแล้วแสดงในแท็บ "รอ Check-in" ของห้องรังสีครบถ้วน - กดเช็คอินสำเร็จ ได้เลขคิวรังสี และ Status Log เปลี่ยนเป็น "Check-in" - สถานะงานรังสีเปลี่ยนตามลำดับถูกต้อง: เริ่มถ่ายภาพ > ถ่ายภาพเสร็จสิ้น > รออ่านผล - รังสีแพทย์บันทึกรายงานผลสำเร็จ สถานะงานเป็น "เสร็จสิ้น" และ Status Log บันทึกเป็น "อ่านผล" - ผลรังสีแสดงในเมนู Imaging result ของ EMR พร้อมให้แพทย์เปิดดูในห้องตรวจ | I21: System | J21: Functional | K21: Happy | M21: Ready for Testing | R21: =IF(OR($A21="",LEN(TRIM($O21))=0),"",IF(OR($P21="",$Q21=""),"ระบุ Severity + Impact",IFERROR(INDEX({"Urgent","Urgent","High","High";"Urgent","High","High","Medium";"High","High","Medium","Medium";"Medium","Medium","Low","Low"},MATCH($P21,{"Critical","High","Medium","Low"},0),MATCH($Q21,{"Extensive","Significant","Moderate","Minor"},0)),"-"))) | W21: =IF($A21="","",IF(OR($M21="Out of Scope",$M21="Canceled"),"Out of Scope",IF($M21="Blocked","Blocked",IF(AND($T21<>"Fixed – Retest Passed",OR(LEN(TRIM($O21))>0,LEN(TRIM($P21))>0)),IF(AND(OR($L21="Medium",$L21="Low"),SUMPRODUCT((Cards!$A$4:$A$1000<>"")*ISNUMBER(SEARCH($A21,Cards!$E$4:$E$1000))*(Cards!$F$4:$F$1000<>"Medium")*(Cards!$F$4:$F$1000<>"Low"))=0),"Conditionally Passed","Failed"),IF($M21="Done","Passed","Not Run"))))) -> Not Run | Y21: {=IF($A21="","",IF(TRIM($B21)="","-",IFERROR(_xlfn.TEXTJOIN(" / ",TRUE,_xlfn.UNIQUE(_xlfn._xlws.FILTER('Ownership Matrix'!$C$5:$C$200,('Ownership Matrix'!$A$5:$A$200=TRIM($B21))*('Ownership Matrix'!$C$5:$C$200<>"")))),"ไม่พบใน Ownership Matrix")))} -> ไม่พบใน Ownership Matrix | Z21: =IF(NOT(AND($A21<>"",$M21<>"Out of Scope",$M21<>"Canceled",$T21<>"Fixed – Retest Passed",OR(LEN(TRIM($O21))>0,LEN(TRIM($P21))>0))),"",IF(OR($W21="Failed",$R21="Urgent",$R21="High",$R21="ระบุ Severity + Impact"),IF(COUNTIFS(Dashboard!$B$105:$B$124,$O21,Dashboard!$I$105:$I$124,"CAB")>0,"Accepted (CF)","Blocking"),"Deferrable"))
A22: SMK-OPD-008 | B22: OPD | C22: แพทย์กรอกข้อมูล Diagnosis + แจ้งผล หลังจากได้รับผล LAB หรือ รังสี | D22: แพทย์กรอกข้อมูล OPD Note เพิ่มเติม + แจ้งผล LAB หรือ รังสี | E22: [1] พยาบาลเรียกคิวพบแพทย์ [2] แพทย์เข้าสู่เมนูผู้ป่วยนอก >> เข้าสู่ Service Unit หรือ Location คลินิก [3] เลือกข้อมูลผู้ป่วย หรือ ค้นหาผู้ป่วยตาม HN และกดเปลี่ยนสถานะจาก "พักการตรวจ" เป็น "พร้อมตรวจ" [4] แพทย์เปิดดูผล LAB หรือ ภาพรังสี ที่รายงานผลกลับมา [5] แพทย์กรอกข้อมูล OPD Note เพิ่มเติม + วินิจฉัยโรค (Diagnosis) ขั้นสุดท้าย [6] แพทย์สั่งยา (กรณีต้องให้ยาเพิ่ม) และกดส่ง Order [7] แพทย์สร้างนัดหมายติดตามอาการ (เมนูขวา "สร้างนัดหมาย" >> คลินิก + แพทย์ + ประเภทบริการ + วัน / ช่วงเวลา >> Submit) [8] แพทย์สร้างใบรับรองแพทย์ (เมนูขวา "ใบรับรองแพทย์" >> เลือกแบบเอกสาร >> กรอกข้อมูล >> บันทึก) [9] แพทย์เปลี่ยนสถานะผู้ป่วยเป็น "ตรวจเสร็จ" | F22: นัดหมาย: ประเภทบริการ ติดตามอาการ · ระยะเวลา 2 สัปดาห์ (คลินิก 00101 · ดร. วิชัย รัตน์ เอื้อเฟื้อ) · ใบรับรองแพทย์ลาป่วย | G22: {=IF($A22="","",IFERROR(_xlfn.TEXTJOIN(CHAR(10)&CHAR(10),TRUE,_xlfn._xlws.FILTER("• "&Cards!$A$4:$A$1000&" - "&Cards!$B$4:$B$1000&CHAR(10)&" "&IF(Cards!$F$4:$F$1000="","Priority ?",Cards!$F$4:$F$1000)&IF(Cards!$H$4:$H$1000="Yes"," · TOR",IF(Cards!$H$4:$H$1000=""," · TOR?",""))&" | Result: "&IF(Cards!$J$4:$J$1000="","Pending",Cards!$J$4:$J$1000)&" | TC "&Cards!$P$4:$P$1000&"/"&Cards!$O$4:$O$1000&IF(Cards!$L$4:$L$1000="",""," | Gate: "&Cards!$L$4:$L$1000),(Cards!$A$4:$A$1000<>"")*ISNUMBER(SEARCH($A22,Cards!$E$4:$E$1000)))),"-"))} -> • SBH-916 - [EMR][LAB Result] search by item ได้แล้ว ต้องการ search and filter by Group ด้วย Low · TOR? | Result: Pending | TC 0/0 | Gate: Pending Result | H22: - สถานะผู้ป่วยสามารถเปลี่ยนจาก "พักการตรวจ" กลับมาเป็น "พร้อมตรวจ" ได้สมบูรณ์ - ผลการตรวจ Lab/ภาพรังสี แสดงผลบนจอแพทย์ได้อย่างถูกต้อง ครบถ้วน - แพทย์บันทึก OPD Note เพิ่มเติม สั่ง Order ยา และกดส่งคำสั่งเข้าสู่ระบบห้องยาได้สำเร็จ - ข้อมูลการทำนัดหมายถูกบันทึกลงปฏิทินนัด และระบบสามารถสร้างพร้อมพิมพ์ "ใบรับรองแพทย์" ได้ถูกต้องตามเทมเพลต - เปลี่ยนสถานะเป็น "ตรวจเสร็จ" แล้ว ผู้ป่วยย้ายไปช่องบริการ "หลังตรวจ" ของรายการผู้ป่วยนอก | I22: System | J22: Functional | K22: Happy | M22: Ready for Testing | R22: =IF(OR($A22="",LEN(TRIM($O22))=0),"",IF(OR($P22="",$Q22=""),"ระบุ Severity + Impact",IFERROR(INDEX({"Urgent","Urgent","High","High";"Urgent","High","High","Medium";"High","High","Medium","Medium";"Medium","Medium","Low","Low"},MATCH($P22,{"Critical","High","Medium","Low"},0),MATCH($Q22,{"Extensive","Significant","Moderate","Minor"},0)),"-"))) | W22: =IF($A22="","",IF(OR($M22="Out of Scope",$M22="Canceled"),"Out of Scope",IF($M22="Blocked","Blocked",IF(AND($T22<>"Fixed – Retest Passed",OR(LEN(TRIM($O22))>0,LEN(TRIM($P22))>0)),IF(AND(OR($L22="Medium",$L22="Low"),SUMPRODUCT((Cards!$A$4:$A$1000<>"")*ISNUMBER(SEARCH($A22,Cards!$E$4:$E$1000))*(Cards!$F$4:$F$1000<>"Medium")*(Cards!$F$4:$F$1000<>"Low"))=0),"Conditionally Passed","Failed"),IF($M22="Done","Passed","Not Run"))))) -> Not Run | Y22: {=IF($A22="","",IF(TRIM($B22)="","-",IFERROR(_xlfn.TEXTJOIN(" / ",TRUE,_xlfn.UNIQUE(_xlfn._xlws.FILTER('Ownership Matrix'!$C$5:$C$200,('Ownership Matrix'!$A$5:$A$200=TRIM($B22))*('Ownership Matrix'!$C$5:$C$200<>"")))),"ไม่พบใน Ownership Matrix")))} -> ไม่พบใน Ownership Matrix | Z22: =IF(NOT(AND($A22<>"",$M22<>"Out of Scope",$M22<>"Canceled",$T22<>"Fixed – Retest Passed",OR(LEN(TRIM($O22))>0,LEN(TRIM($P22))>0))),"",IF(OR($W22="Failed",$R22="Urgent",$R22="High",$R22="ระบุ Severity + Impact"),IF(COUNTIFS(Dashboard!$B$105:$B$124,$O22,Dashboard!$I$105:$I$124,"CAB")>0,"Accepted (CF)","Blocking"),"Deferrable"))
A23: SMK-OPD-009 | B23: OPD | C23: พยาบาลจำหน่าย → เภสัชกรรม (สร้างใบยา) → ชำระเงิน → เภสัชกรรม จ่ายยา → การเงินปิด Visit | D23: พยาบาลจำหน่ายผู้ป่วย เภสัชกรสร้างใบยาส่งต่อการเงินชำระเงิน แล้วเภสัชกรจ่ายยา และการเงินปิด Visit ให้ผู้ป่วย OPD | E23: [1] พยาบาล: รายการผู้ป่วยนอก ช่องบริการ "หลังตรวจ" >> กด "จำหน่าย" >> แบบฟอร์ม Discharge (จำหน่ายรูปแบบอื่น With Approval) >> พิมพ์คิวห้องยา / การเงิน >> บันทึก [2] เภสัชกรรม: เปิดดูรายการใบสั่งยารอสร้างใบยา (Tab "Order รอยืนยัน") [3] เภสัชกรรม: สร้างใบยา (ตรวจสอบรายการยา + Drug Interaction/Allergy check · ติ๊ก "Print ฉลากยาอัตโนมัติ") → ระบบส่งค่าใช้จ่ายไปห้องการเงิน [4] เภสัชกรรม: จัดรายการยา ("จัดยาแล้ว"), ตรวจสอบยา และ ยืนยันใบยา ("ยืนยันรอจ่าย") [5] การเงิน: ค้นหาผู้ป่วยจาก HN หรือ ใบนำทาง [6] การเงิน: ตรวจสอบรายการค่ายา → รับชำระเงิน / ปิดสิทธิการรักษา → พิมพ์ใบเสร็จ [7] การเงิน: สถานะการชำระเงินอัปเดตเป็น "ชำระแล้ว" ส่งกลับห้องยา [8] เภสัชกรรม: เรียกคิวผู้ป่วยรับยา → อธิบายการใช้ยา → ติ๊กทบทวนยา → กด "จ่ายยา" (Dispense) [9] การเงิน: กด "ปิด Visit" → Visit การรักษาของผู้ป่วย OPD เสร็จสิ้น | F23: พยาบาลจำหน่าย: บัญชี role Nurse · With Approval · ห้องยาชั้น 1 · ห้องการเงินชั้น 1 · ปิดสิทธิ UC ด้วยเลข End Point (ประเภทบัตร 60 · Terminal ID / Trace / End Point เลขสุ่ม) · ยอดเบิกไม่ได้ชำระเงินสด | G23: {=IF($A23="","",IFERROR(_xlfn.TEXTJOIN(CHAR(10)&CHAR(10),TRUE,_xlfn._xlws.FILTER("• "&Cards!$A$4:$A$1000&" - "&Cards!$B$4:$B$1000&CHAR(10)&" "&IF(Cards!$F$4:$F$1000="","Priority ?",Cards!$F$4:$F$1000)&IF(Cards!$H$4:$H$1000="Yes"," · TOR",IF(Cards!$H$4:$H$1000=""," · TOR?",""))&" | Result: "&IF(Cards!$J$4:$J$1000="","Pending",Cards!$J$4:$J$1000)&" | TC "&Cards!$P$4:$P$1000&"/"&Cards!$O$4:$O$1000&IF(Cards!$L$4:$L$1000="",""," | Gate: "&Cards!$L$4:$L$1000),(Cards!$A$4:$A$1000<>"")*ISNUMBER(SEARCH($A23,Cards!$E$4:$E$1000)))),"-"))} -> • SBH-2439 - [Pharmacy] Product set up: หน้าทะเบียนยาไม่มีจุด Set Dispensing unit High · TOR? | Result: Pending | TC 0/0 | Gate: Pending Result • SBH-2374 - [Bug] [ Pharmacy ] Sticker ยาภาษาไทยหายไปจาก SBH PRD Medium · TOR? | Result: Pending | TC 0/0 | Gate: Pending Result • SBH-2372 - [Pharmacy] ระบบยังไม่สามารถพิมพ์ฉลากยา/ใบยา ที่กำหนดจำนวนเป็น "0" ได้ Urgent · TOR? | Result: Pending | TC 0/0 | Gate: Pending Result • SBH-2233 - [OPD] [Queue] Queue Improvement Urgent · TOR? | Result: Pending | TC 0/0 | Gate: Pending Result • SBH-1685 - [Bug][Pharmacy] [หน้าสร้างใบยา] - ไม่แสดง VN และ ชื่อ Clinic และ ไม่ Default สิทธิ์ให้ Medium · TOR? | Result: Pending | TC 0/0 | Gate: Pending Result • SBH-1430 - [Bug] [Cashier] [Account chart item] - รายการยาที่ยกเลิกยังคงค้างอยู่ในAccount_chart_item กรณียกเลิกใบยา Urgent · TOR? | Result: Pending | TC 0/0 | Gate: Pending Result • SBH-1309 - [Pharmacy] ฉลากยาภาษาอังกฤษ Medium · TOR? | Result: Pending | TC 0/0 | Gate: Pending Result • SBH-471 - [Pharmacy][Refill] Unified prescription review — new orders + active refills shown together Medium · TOR? | Result: Pending | TC 0/0 | Gate: Pending Result | H23: - พยาบาลจำหน่ายได้ สถานะผู้ป่วยเป็น "จำหน่าย" และพิมพ์คิวห้องยา / การเงินได้ - ระบบแจ้งเตือน Drug Interaction / Allergy ทันทีหากมียาตีกัน หรือผู้ป่วยแพ้ยา - การสร้างใบยาทำให้เกิดการ ตัดยอดสต็อกยาในระบบคลัง (hiventory) อัตโนมัติ และยอดค่าใช้จ่ายถูกส่งไปที่การเงินทันที - การเงินสรุปค่าใช้จ่าย ออกใบแจ้งหนี้ รับชำระเงินสำเร็จ และอัปเดตสถานะเป็น "ชำระเงินแล้ว" - เมื่อกดสร้างใบยา ระบบ Auto-print ฉลากยาออกมาอัตโนมัติ - หลังการเงินรับชำระ หน้าจอเภสัชกรรมแสดงสถานะ "ชำระเงินแล้ว" - เมื่อเภสัชกรกดยืนยันจ่ายยา ใบยาย้ายไปแท็บ "จ่ายยาแล้ว" - เมื่อการเงินกด "ปิด Visit" สถานะ Visit ถูกปรับเป็น "เสร็จสิ้น (Closed Visit)" ถือเป็นการสิ้นสุดกระบวนการ OPD | I23: System | J23: Functional | K23: Happy | M23: Ready for Testing | R23: =IF(OR($A23="",LEN(TRIM($O23))=0),"",IF(OR($P23="",$Q23=""),"ระบุ Severity + Impact",IFERROR(INDEX({"Urgent","Urgent","High","High";"Urgent","High","High","Medium";"High","High","Medium","Medium";"Medium","Medium","Low","Low"},MATCH($P23,{"Critical","High","Medium","Low"},0),MATCH($Q23,{"Extensive","Significant","Moderate","Minor"},0)),"-"))) | W23: =IF($A23="","",IF(OR($M23="Out of Scope",$M23="Canceled"),"Out of Scope",IF($M23="Blocked","Blocked",IF(AND($T23<>"Fixed – Retest Passed",OR(LEN(TRIM($O23))>0,LEN(TRIM($P23))>0)),IF(AND(OR($L23="Medium",$L23="Low"),SUMPRODUCT((Cards!$A$4:$A$1000<>"")*ISNUMBER(SEARCH($A23,Cards!$E$4:$E$1000))*(Cards!$F$4:$F$1000<>"Medium")*(Cards!$F$4:$F$1000<>"Low"))=0),"Conditionally Passed","Failed"),IF($M23="Done","Passed","Not Run"))))) -> Not Run | Y23: {=IF($A23="","",IF(TRIM($B23)="","-",IFERROR(_xlfn.TEXTJOIN(" / ",TRUE,_xlfn.UNIQUE(_xlfn._xlws.FILTER('Ownership Matrix'!$C$5:$C$200,('Ownership Matrix'!$A$5:$A$200=TRIM($B23))*('Ownership Matrix'!$C$5:$C$200<>"")))),"ไม่พบใน Ownership Matrix")))} -> ไม่พบใน Ownership Matrix | Z23: =IF(NOT(AND($A23<>"",$M23<>"Out of Scope",$M23<>"Canceled",$T23<>"Fixed – Retest Passed",OR(LEN(TRIM($O23))>0,LEN(TRIM($P23))>0))),"",IF(OR($W23="Failed",$R23="Urgent",$R23="High",$R23="ระบุ Severity + Impact"),IF(COUNTIFS(Dashboard!$B$105:$B$124,$O23,Dashboard!$I$105:$I$124,"CAB")>0,"Accepted (CF)","Blocking"),"Deferrable"))
A24: SMK-OPD-010 | B24: OPD | C24: ส่งตัวผู้ป่วยไปรักษาต่อที่โรงพยาบาลอื่น (Refer out) | D24: แพทย์ตรวจและสั่งยา พยาบาลจำหน่ายผู้ป่วยแบบส่งต่อ (By Transfer) พร้อมสร้างเอกสาร Refer out แล้วผู้ป่วยชำระเงินและรับยาก่อนไปโรงพยาบาลปลายทาง | E24: [1] ผู้ป่วยผ่าน SMK-OPD-001 – SMK-OPD-003 (แพทย์บันทึก OPD Note + Diagnosis + สั่งยา) >> แพทย์เปลี่ยนสถานะเป็น "ตรวจเสร็จ" [2] พยาบาล: รายการผู้ป่วยนอก ช่องบริการ "หลังตรวจ" >> กด "จำหน่าย" >> แบบฟอร์ม Discharge เลือก "จำหน่ายรูปแบบอื่น" = By Transfer >> กด "บันทึก" [3] ระบบแจ้งให้สร้างเอกสารก่อน >> แผง "สร้างเอกสาร" แบบสำหรับส่งผู้ป่วยไปรับการตรวจหรือรักษาต่อ: วันที่ + สถานพยาบาลปลายทาง + ประเภทการส่งต่อ + การวินิจฉัยโรคขั้นต้น + สาเหตุการส่งต่อ >> กด "บันทึก" [4] พยาบาลกด "บันทึก" แบบฟอร์ม Discharge อีกครั้ง [5] เปิด EMR ของผู้ป่วย >> เมนู "เอกสาร" >> เปิดดู (View) เอกสารส่งต่อ [6] ตรวจข้อมูล Refer out ที่ส่งไประบบ MOPH Refer [7] เภสัชกรรม / การเงิน: สร้างใบยา >> ชำระเงิน >> จ่ายยา >> ปิด Visit (ขั้นเดียวกับ SMK-OPD-009 [2]–[9]) | F24: ยา MED0000619 PARACETAMOL 500 MG TABLET (หรือ MED0000260) · Dx K30 · สถานพยาบาลปลายทาง โรงพยาบาลพระพุทธบาท · ประเภทการส่งต่อ รับไว้รักษาต่อ · สาเหตุการส่งต่อ ไม่เกิน 85 ตัวอักษร · พยาบาลจำหน่าย: บัญชี role Nurse | G24: {=IF($A24="","",IFERROR(_xlfn.TEXTJOIN(CHAR(10)&CHAR(10),TRUE,_xlfn._xlws.FILTER("• "&Cards!$A$4:$A$1000&" - "&Cards!$B$4:$B$1000&CHAR(10)&" "&IF(Cards!$F$4:$F$1000="","Priority ?",Cards!$F$4:$F$1000)&IF(Cards!$H$4:$H$1000="Yes"," · TOR",IF(Cards!$H$4:$H$1000=""," · TOR?",""))&" | Result: "&IF(Cards!$J$4:$J$1000="","Pending",Cards!$J$4:$J$1000)&" | TC "&Cards!$P$4:$P$1000&"/"&Cards!$O$4:$O$1000&IF(Cards!$L$4:$L$1000="",""," | Gate: "&Cards!$L$4:$L$1000),(Cards!$A$4:$A$1000<>"")*ISNUMBER(SEARCH($A24,Cards!$E$4:$E$1000)))),"-"))} -> • SBH-1384 - [Bug] [OPD] [EMR] - แก้ไขข้อมูลคนไข้แล้วสร้างเอกสาร Refer Out ไม่สำเร็จ Urgent · TOR? | Result: Pending | TC 0/0 | Gate: Pending Result • SBH-1143 - [OPD] [EMR] Improvement สำหรับ เอกสาร Refer-out Urgent · TOR? | Result: Pending | TC 0/0 | Gate: Pending Result • SBH-1016 - [ER][OPD] Integrate MOPH Refer - Refer Out High · TOR? | Result: Pending | TC 0/0 | Gate: Pending Result | H24: - เลือก By Transfer แล้วกดบันทึก ระบบแจ้งให้สร้างเอกสารส่งต่อก่อน และเปิดแผงสร้างเอกสารให้ - แบบฟอร์มเติมแพทย์ผู้ลงนาม และการรักษาที่ได้ให้ไว้แล้ว (รายการยาที่สั่ง) ให้อัตโนมัติ - บันทึกเอกสารสำเร็จ ขึ้นแจ้งเตือน "สร้างแบบสำหรับส่งผู้ป่วยไปรับการตรวจหรือรักษาต่อสำเร็จ" และจำนวน "เอกสารที่สร้างแล้ว" เพิ่มขึ้น - บันทึก Discharge สำเร็จ สถานะผู้ป่วยเป็น "จำหน่าย" (รูปแบบจำหน่าย By Transfer) - เมนูเอกสารแสดงเอกสารประเภท "ส่งต่อไปสถานพยาบาลอื่น" และเปิดดู PDF ได้ ข้อมูลผู้ป่วย / ปลายทาง / การวินิจฉัย / สาเหตุการส่งต่อ ถูกต้อง - ข้อมูล Refer out ปรากฏในระบบ MOPH Refer ตรงกับเอกสารส่งต่อ - ชำระเงิน / จ่ายยา / ปิด Visit สำเร็จเหมือน SMK-OPD-009 | I24: System | J24: Functional | K24: Happy | M24: Ready for Testing | R24: =IF(OR($A24="",LEN(TRIM($O24))=0),"",IF(OR($P24="",$Q24=""),"ระบุ Severity + Impact",IFERROR(INDEX({"Urgent","Urgent","High","High";"Urgent","High","High","Medium";"High","High","Medium","Medium";"Medium","Medium","Low","Low"},MATCH($P24,{"Critical","High","Medium","Low"},0),MATCH($Q24,{"Extensive","Significant","Moderate","Minor"},0)),"-"))) | W24: =IF($A24="","",IF(OR($M24="Out of Scope",$M24="Canceled"),"Out of Scope",IF($M24="Blocked","Blocked",IF(AND($T24<>"Fixed – Retest Passed",OR(LEN(TRIM($O24))>0,LEN(TRIM($P24))>0)),IF(AND(OR($L24="Medium",$L24="Low"),SUMPRODUCT((Cards!$A$4:$A$1000<>"")*ISNUMBER(SEARCH($A24,Cards!$E$4:$E$1000))*(Cards!$F$4:$F$1000<>"Medium")*(Cards!$F$4:$F$1000<>"Low"))=0),"Conditionally Passed","Failed"),IF($M24="Done","Passed","Not Run"))))) -> Not Run | X24: ขั้น [6] (MOPH Refer) ยังไม่ได้สำรวจหน้าจอ · ช่องค้นหาสถานพยาบาลปลายทางบน SBH Prod เคยค้นไม่ได้ (422 — 19 ต.ค. 2026) ต้องพิมพ์ชื่อเอง | Y24: {=IF($A24="","",IF(TRIM($B24)="","-",IFERROR(_xlfn.TEXTJOIN(" / ",TRUE,_xlfn.UNIQUE(_xlfn._xlws.FILTER('Ownership Matrix'!$C$5:$C$200,('Ownership Matrix'!$A$5:$A$200=TRIM($B24))*('Ownership Matrix'!$C$5:$C$200<>"")))),"ไม่พบใน Ownership Matrix")))} -> ไม่พบใน Ownership Matrix | Z24: =IF(NOT(AND($A24<>"",$M24<>"Out of Scope",$M24<>"Canceled",$T24<>"Fixed – Retest Passed",OR(LEN(TRIM($O24))>0,LEN(TRIM($P24))>0))),"",IF(OR($W24="Failed",$R24="Urgent",$R24="High",$R24="ระบุ Severity + Impact"),IF(COUNTIFS(Dashboard!$B$105:$B$124,$O24,Dashboard!$I$105:$I$124,"CAB")>0,"Accepted (CF)","Blocking"),"Deferrable"))
A25: SMK-OPD-011 | B25: OPD | C25: แพทย์สั่งยาพร้อมแผนเติมยา (Refill) → ห้องยาจ่ายยาครั้งนี้ + พิมพ์ใบ Refill → ผู้ป่วยกลับมารับยาตามรอบ | D25: แพทย์สั่งยาต่อเนื่องแบบแบ่งจ่ายเป็นรอบ (Refill) เภสัชกรจ่ายยาครั้งนี้และพิมพ์ใบ Refill ให้ผู้ป่วย แล้วผู้ป่วยกลับมารับยารอบถัดไปด้วย Visit "รับยาต่อเนื่อง (Refill)" | E25: [1] แพทย์ (ต่อจาก SMK-OPD-002): คำสั่งการรักษา >> ค้นหายา >> ระบุ ขนาดยา + Route + ความถี่ + ระยะเวลา >> เพิ่มลงตะกร้า [2] กดปุ่ม "refill (n)" >> หน้าต่าง "จัดการการเติมยา (Refill)": ระบุระยะเวลาต่อรอบ >> "+ เพิ่มครั้ง" ตามจำนวนรอบ >> กรอกจำนวนยาแต่ละรอบ >> ยืนยัน [3] กด "ส่งคำสั่ง" >> กด "พิมพ์ใบค้างจ่ายยา/ใบ Refill ยา" >> แพทย์เปลี่ยนสถานะเป็น "ตรวจเสร็จ" [4] เภสัชกรรม: Tab "Order รอยืนยัน" >> หน้ารับออเดอร์ (ยาครั้งนี้ + ส่วน "ยา Refill") >> สร้างใบยา >> จัดยาแล้ว >> ยืนยันรอจ่าย [5] การเงิน: รับชำระเงิน >> เภสัชกรรม: จ่ายยา >> หน้าใบยา "พิมพ์ใบยา ▾" >> "พิมพ์ใบ Refill ยา" [6] เภสัชกรรม: Tab "Order เติมยา" ตรวจ Task รอบเติมยาของผู้ป่วย [7] การเงิน: กด "ปิด Visit" [8] รอบถัดไป: เวชระเบียนเปิด Visit ใหม่ ช่อง "หรือรับบริการ" = รับยาต่อเนื่อง (Refill) >> ห้องยา Tab "Order เติมยา" ติ๊ก Task รอบที่ 1 >> "นำไปสร้างใบยา" >> สร้างใบยา >> ชำระเงิน >> จ่ายยา | F25: ยา MED0000619 PARACETAMOL 500 MG TABLET · ตัวอย่างแผน: ยอดรวม 28 = จ่ายครั้งนี้ 7 + Refill 3 รอบ × 7 (ระยะเวลาต่อรอบ 7 วัน) | G25: {=IF($A25="","",IFERROR(_xlfn.TEXTJOIN(CHAR(10)&CHAR(10),TRUE,_xlfn._xlws.FILTER("• "&Cards!$A$4:$A$1000&" - "&Cards!$B$4:$B$1000&CHAR(10)&" "&IF(Cards!$F$4:$F$1000="","Priority ?",Cards!$F$4:$F$1000)&IF(Cards!$H$4:$H$1000="Yes"," · TOR",IF(Cards!$H$4:$H$1000=""," · TOR?",""))&" | Result: "&IF(Cards!$J$4:$J$1000="","Pending",Cards!$J$4:$J$1000)&" | TC "&Cards!$P$4:$P$1000&"/"&Cards!$O$4:$O$1000&IF(Cards!$L$4:$L$1000="",""," | Gate: "&Cards!$L$4:$L$1000),(Cards!$A$4:$A$1000<>"")*ISNUMBER(SEARCH($A25,Cards!$E$4:$E$1000)))),"-"))} -> • SBH-1732 - [OPD][Pharmacy] เพิ่มปุ่ม/จุด Print ใบ Refill ยา (ปัจจุบันและย้อนหลัง) Urgent · TOR? | Result: Pending | TC 0/0 | Gate: Pending Result | H25: - หน้าต่าง Refill คำนวณ "จ่ายครั้งนี้" = ยอดรวม − ผลรวมทุกรอบ และวันที่ของแต่ละรอบตามระยะเวลาที่ระบุ แล้วบันทึกแผนสำเร็จ - ตะกร้าแสดงไอคอน Refill + จำนวนจ่ายครั้งนี้ และ tooltip "จ่ายครั้งนี้ / ยอดรวม · Refill 0 of n" - พิมพ์ใบ Refill ยาได้ทั้งจาก CPOE และหน้าใบยา เอกสารแสดงยา จำนวน และวันที่ให้ยาเติมของแต่ละรอบถูกต้อง - หน้ารับออเดอร์ของห้องยาแสดงยาครั้งนี้และรอบเติมยาครบ ใบยาออกจำนวนเท่ากับ "จ่ายครั้งนี้" - Tab "Order เติมยา" มี Task ครบทุกรอบ สถานะ "ยังไม่เติม" พร้อมวันที่มาเติม - รอบถัดไป: นำ Task ไปสร้างใบยาได้ Task เปลี่ยนเป็น "กำลังเติมยา" → จ่ายยาแล้วเป็น "เติมยาแล้ว" และ CPOE ของ Order ต้นทางแสดง "Refill 1 of n" | I25: System | J25: Functional | K25: Happy | M25: Ready for Testing | R25: =IF(OR($A25="",LEN(TRIM($O25))=0),"",IF(OR($P25="",$Q25=""),"ระบุ Severity + Impact",IFERROR(INDEX({"Urgent","Urgent","High","High";"Urgent","High","High","Medium";"High","High","Medium","Medium";"Medium","Medium","Low","Low"},MATCH($P25,{"Critical","High","Medium","Low"},0),MATCH($Q25,{"Extensive","Significant","Moderate","Minor"},0)),"-"))) | W25: =IF($A25="","",IF(OR($M25="Out of Scope",$M25="Canceled"),"Out of Scope",IF($M25="Blocked","Blocked",IF(AND($T25<>"Fixed – Retest Passed",OR(LEN(TRIM($O25))>0,LEN(TRIM($P25))>0)),IF(AND(OR($L25="Medium",$L25="Low"),SUMPRODUCT((Cards!$A$4:$A$1000<>"")*ISNUMBER(SEARCH($A25,Cards!$E$4:$E$1000))*(Cards!$F$4:$F$1000<>"Medium")*(Cards!$F$4:$F$1000<>"Low"))=0),"Conditionally Passed","Failed"),IF($M25="Done","Passed","Not Run"))))) -> Not Run | X25: Flow นี้ทดสอบมาแล้วบน dev-x (การ์ด SBH-841 / 1730–1738 / 2126 / 2127) ยังไม่เคยรันบน SBH Prod · ขั้น [8] ต้องเปิด Visit Refill ของวันเดียวกับที่สร้างใบยา | Y25: {=IF($A25="","",IF(TRIM($B25)="","-",IFERROR(_xlfn.TEXTJOIN(" / ",TRUE,_xlfn.UNIQUE(_xlfn._xlws.FILTER('Ownership Matrix'!$C$5:$C$200,('Ownership Matrix'!$A$5:$A$200=TRIM($B25))*('Ownership Matrix'!$C$5:$C$200<>"")))),"ไม่พบใน Ownership Matrix")))} -> ไม่พบใน Ownership Matrix | Z25: =IF(NOT(AND($A25<>"",$M25<>"Out of Scope",$M25<>"Canceled",$T25<>"Fixed – Retest Passed",OR(LEN(TRIM($O25))>0,LEN(TRIM($P25))>0))),"",IF(OR($W25="Failed",$R25="Urgent",$R25="High",$R25="ระบุ Severity + Impact"),IF(COUNTIFS(Dashboard!$B$105:$B$124,$O25,Dashboard!$I$105:$I$124,"CAB")>0,"Accepted (CF)","Blocking"),"Deferrable"))
A26: SMK-ER-001 | B26: ER | C26: ลงทะเบียน + เปิด Visit ER | D26: ผู้ป่วยมาที่ ER โดยตรง (ไม่ผ่านเวชระเบียน) ลงทะเบียนและเปิด Visit ER จากหน้าคัดกรอง ทั้งผู้ป่วยมี HN / ผู้ป่วยใหม่ / ผู้ป่วยระบุตัวตนไม่ได้ | E26: [1] พยาบาลคัดกรองเข้าเมนู ห้องฉุกเฉิน >> แดชบอร์ด / คิว >> กดปุ่ม "คัดกรอง" [2] เลือกประเภทผู้ป่วย: [2a] ผู้ป่วยมี HN → ค้นหาด้วย HN หรือชื่อ → เลือกผู้ป่วย [2b] ผู้ป่วยใหม่ → ค้นชื่อไม่พบ → กรอกข้อมูลบังคับ → ลงทะเบียน [2c] ผู้ป่วยระบุตัวตนไม่ได้ → ชื่อชั่วคราว + อายุโดยประมาณ → ลงทะเบียน (Dummy HN) [3] หน้าต่าง "เปิด Visit ER" เลือกสิทธิการรักษา → กด "ยืนยันเปิด visit" [4] ระบบสร้าง VN / EN → เปิดฟอร์ม "คัดกรอง ER" ต่อทันที | F26: SBH Prod · สิทธิ H03 - สิทธิ UC (หรือ H35 - UC ER คุณภาพ) · ผู้ป่วยระบุตัวตนไม่ได้: ชื่อชั่วคราว + อายุโดยประมาณ | G26: {=IF($A26="","",IFERROR(_xlfn.TEXTJOIN(CHAR(10)&CHAR(10),TRUE,_xlfn._xlws.FILTER("• "&Cards!$A$4:$A$1000&" - "&Cards!$B$4:$B$1000&CHAR(10)&" "&IF(Cards!$F$4:$F$1000="","Priority ?",Cards!$F$4:$F$1000)&IF(Cards!$H$4:$H$1000="Yes"," · TOR",IF(Cards!$H$4:$H$1000=""," · TOR?",""))&" | Result: "&IF(Cards!$J$4:$J$1000="","Pending",Cards!$J$4:$J$1000)&" | TC "&Cards!$P$4:$P$1000&"/"&Cards!$O$4:$O$1000&IF(Cards!$L$4:$L$1000="",""," | Gate: "&Cards!$L$4:$L$1000),(Cards!$A$4:$A$1000<>"")*ISNUMBER(SEARCH($A26,Cards!$E$4:$E$1000)))),"-"))} -> • SBH-2438 - [ER][Refactor] - Refactor ER Component High · TOR? | Result: Pending | TC 0/0 | Gate: Pending Result • SBH-2371 - [ER][Registration] - เพิ่ม Field: คำนำหน้าชื่อ + แนบ รูป Profile จากบัตร ประชาชน Medium · TOR? | Result: Pending | TC 0/0 | Gate: Pending Result | H26: - ผู้ป่วยใหม่: ค้นชื่อแล้วไม่พบ และลงทะเบียนได้ HN ใหม่โดยไม่ต้องออกไปหน้าเวชระเบียน - ผู้ป่วยระบุตัวตนไม่ได้: ได้ HN (Dummy) และเปิด Visit ER ได้เหมือนผู้ป่วยปกติ - เปิด Visit ER สำเร็จ ได้ VN + EN และแถบหัวผู้ป่วยแสดง HN / VN / EN / สิทธิที่เลือกถูกต้อง - ผู้ป่วยปรากฏบน ER Dashboard คอลัมน์ "คัดกรอง" พร้อมป้าย "รอคัดกรอง" และเวลารอ | I26: System | J26: Functional | K26: Happy | M26: Ready for Testing | R26: =IF(OR($A26="",LEN(TRIM($O26))=0),"",IF(OR($P26="",$Q26=""),"ระบุ Severity + Impact",IFERROR(INDEX({"Urgent","Urgent","High","High";"Urgent","High","High","Medium";"High","High","Medium","Medium";"Medium","Medium","Low","Low"},MATCH($P26,{"Critical","High","Medium","Low"},0),MATCH($Q26,{"Extensive","Significant","Moderate","Minor"},0)),"-"))) | W26: =IF($A26="","",IF(OR($M26="Out of Scope",$M26="Canceled"),"Out of Scope",IF($M26="Blocked","Blocked",IF(AND($T26<>"Fixed – Retest Passed",OR(LEN(TRIM($O26))>0,LEN(TRIM($P26))>0)),IF(AND(OR($L26="Medium",$L26="Low"),SUMPRODUCT((Cards!$A$4:$A$1000<>"")*ISNUMBER(SEARCH($A26,Cards!$E$4:$E$1000))*(Cards!$F$4:$F$1000<>"Medium")*(Cards!$F$4:$F$1000<>"Low"))=0),"Conditionally Passed","Failed"),IF($M26="Done","Passed","Not Run"))))) -> Not Run | Y26: {=IF($A26="","",IF(TRIM($B26)="","-",IFERROR(_xlfn.TEXTJOIN(" / ",TRUE,_xlfn.UNIQUE(_xlfn._xlws.FILTER('Ownership Matrix'!$C$5:$C$200,('Ownership Matrix'!$A$5:$A$200=TRIM($B26))*('Ownership Matrix'!$C$5:$C$200<>"")))),"ไม่พบใน Ownership Matrix")))} -> ไม่พบใน Ownership Matrix | Z26: =IF(NOT(AND($A26<>"",$M26<>"Out of Scope",$M26<>"Canceled",$T26<>"Fixed – Retest Passed",OR(LEN(TRIM($O26))>0,LEN(TRIM($P26))>0))),"",IF(OR($W26="Failed",$R26="Urgent",$R26="High",$R26="ระบุ Severity + Impact"),IF(COUNTIFS(Dashboard!$B$105:$B$124,$O26,Dashboard!$I$105:$I$124,"CAB")>0,"Accepted (CF)","Blocking"),"Deferrable"))
A27: SMK-ER-002 | B27: ER | C27: พยาบาลคัดกรอง (Triage ESI) + ER Dashboard แยกโซน | D27: พยาบาลคัดกรองผู้ป่วย ER ระบุระดับความเร่งด่วน ESI แล้วผู้ป่วยย้ายไปโซนตามระดับความรุนแรง | E27: [1] พยาบาลเปิดฟอร์ม "คัดกรอง ER" (ต่อจาก SMK-ER-001 หรือกดการ์ดผู้ป่วยในคอลัมน์คัดกรองของ ER Dashboard) [2] กรอกวิธีการมาถึง / อุปกรณ์ช่วยเหลือ / ผู้ที่มาด้วย + Chief Complaint + Vital Signs + Pain score + GCS (E / V / M) [3] เลือกระดับความเร่งด่วน ESI (1–5) → กด "บันทึก" [4] กด "พิมพ์บัตรคิว" และ "พิมพ์ป้ายปลายเตียง" ในแท็บ Triage [5] ตรวจผู้ป่วยบน ER Dashboard | F27: ESI 3 → โซนเหลือง ER · Vital Signs ครบ (Temp / BP / PR / RR / SpO2) · GCS E4 V5 M6 (AVPU = A) | G27: {=IF($A27="","",IFERROR(_xlfn.TEXTJOIN(CHAR(10)&CHAR(10),TRUE,_xlfn._xlws.FILTER("• "&Cards!$A$4:$A$1000&" - "&Cards!$B$4:$B$1000&CHAR(10)&" "&IF(Cards!$F$4:$F$1000="","Priority ?",Cards!$F$4:$F$1000)&IF(Cards!$H$4:$H$1000="Yes"," · TOR",IF(Cards!$H$4:$H$1000=""," · TOR?",""))&" | Result: "&IF(Cards!$J$4:$J$1000="","Pending",Cards!$J$4:$J$1000)&" | TC "&Cards!$P$4:$P$1000&"/"&Cards!$O$4:$O$1000&IF(Cards!$L$4:$L$1000="",""," | Gate: "&Cards!$L$4:$L$1000),(Cards!$A$4:$A$1000<>"")*ISNUMBER(SEARCH($A27,Cards!$E$4:$E$1000)))),"-"))} -> • SBH-2785 - [ER] [บัตรคิว] เพิ่ม Barcode HN Priority ? · TOR? | Result: Pending | TC 0/0 | Gate: Pending Result • SBH-2438 - [ER][Refactor] - Refactor ER Component High · TOR? | Result: Pending | TC 0/0 | Gate: Pending Result • SBH-2373 - [Bug][ER][Triage] - ไม่สามารถบันทึก Form Triage, Physicia_note ได้ Urgent · TOR? | Result: Pending | TC 0/0 | Gate: Pending Result • SBH-1719 - [ER] [ QUEUE ] หน้าจอแสดง QUEUE List สำหรับผู้ป่วย Urgent · TOR? | Result: Pending | TC 0/0 | Gate: Pending Result | H27: - ระบบคำนวณ Total MEWS / Total GCS จากค่าที่กรอกได้ถูกต้อง และตั้ง AVPU ตาม GCS - บันทึกสำเร็จ ขึ้นแจ้งเตือน "กรอกข้อมูล คัดกรอง ER สำเร็จ" และหน้าเปลี่ยนเป็น Overview (Clinical Summary แสดง ESI / โซน) - ผู้ป่วยย้ายจากคอลัมน์ "คัดกรอง" ไปโซนตาม ESI (ESI 1–2 แดง · 3 เหลือง · 4 ห้องสังเกตอาการ · 5 เขียว + ถามส่งต่อคลินิก) - ลำดับการ์ดในโซนเรียงตามกฎคิว ER (Fast Track → ESI → MEWS → FIFO) และป้ายเวลารอแสดง "เกินเป้าหมาย" เมื่อรอเกินเวลาที่ตั้งค่า - พิมพ์บัตรคิว / ป้ายปลายเตียงได้ ป้ายปลายเตียงแสดงชื่อ อายุ HN EN และวันเวลารับเข้าถูกต้อง | I27: System | J27: Functional | K27: Happy | M27: Ready for Testing | R27: =IF(OR($A27="",LEN(TRIM($O27))=0),"",IF(OR($P27="",$Q27=""),"ระบุ Severity + Impact",IFERROR(INDEX({"Urgent","Urgent","High","High";"Urgent","High","High","Medium";"High","High","Medium","Medium";"Medium","Medium","Low","Low"},MATCH($P27,{"Critical","High","Medium","Low"},0),MATCH($Q27,{"Extensive","Significant","Moderate","Minor"},0)),"-"))) | W27: =IF($A27="","",IF(OR($M27="Out of Scope",$M27="Canceled"),"Out of Scope",IF($M27="Blocked","Blocked",IF(AND($T27<>"Fixed – Retest Passed",OR(LEN(TRIM($O27))>0,LEN(TRIM($P27))>0)),IF(AND(OR($L27="Medium",$L27="Low"),SUMPRODUCT((Cards!$A$4:$A$1000<>"")*ISNUMBER(SEARCH($A27,Cards!$E$4:$E$1000))*(Cards!$F$4:$F$1000<>"Medium")*(Cards!$F$4:$F$1000<>"Low"))=0),"Conditionally Passed","Failed"),IF($M27="Done","Passed","Not Run"))))) -> Not Run | Y27: {=IF($A27="","",IF(TRIM($B27)="","-",IFERROR(_xlfn.TEXTJOIN(" / ",TRUE,_xlfn.UNIQUE(_xlfn._xlws.FILTER('Ownership Matrix'!$C$5:$C$200,('Ownership Matrix'!$A$5:$A$200=TRIM($B27))*('Ownership Matrix'!$C$5:$C$200<>"")))),"ไม่พบใน Ownership Matrix")))} -> ไม่พบใน Ownership Matrix | Z27: =IF(NOT(AND($A27<>"",$M27<>"Out of Scope",$M27<>"Canceled",$T27<>"Fixed – Retest Passed",OR(LEN(TRIM($O27))>0,LEN(TRIM($P27))>0))),"",IF(OR($W27="Failed",$R27="Urgent",$R27="High",$R27="ระบุ Severity + Impact"),IF(COUNTIFS(Dashboard!$B$105:$B$124,$O27,Dashboard!$I$105:$I$124,"CAB")>0,"Accepted (CF)","Blocking"),"Deferrable"))
A28: SMK-ER-003 | B28: ER | C28: แพทย์ตรวจ + วินิจฉัย + สั่ง Order (ยา / Lab / X-ray / หัตถการ) | D28: แพทย์รับทราบผู้ป่วย (Acknowledge) บันทึก ER Physician Note และสั่ง One Day Order ให้ผู้ป่วย ER | E28: [1] แพทย์เปิดผู้ป่วยจาก ER Dashboard → หน้า Overview [2] แพทย์กด "Acknowledge" (เริ่มการรักษา) [3] แพทย์บันทึก ER Physician Note: Present Illness + Vital Signs + Pain Score + Diagnosis (ICD-10 บังคับ) → บันทึก [4] เมนูขวา "One Day Order" → ค้นหารหัส → เพิ่มลงตะกร้า (แยก 4 เส้นทางที่อาจเกิดพร้อมกันในเคสเดียว): [4a] ยา → ระบุ ขนาดยา + Route + ความถี่ → เพิ่มลงตะกร้า [4b] Lab → เพิ่มลงตะกร้า [4c] X-ray → เพิ่มลงตะกร้า [4d] หัตถการ → เพิ่มลงตะกร้า [5] กด "ส่งคำสั่ง" (เด้งแบบฟอร์ม Imaging → บันทึก แล้วส่งคำสั่งอีกครั้ง · เด้ง Drug Alert / Lab Alert → กรอกเหตุผล แล้วยืนยันการสั่งออเดอร์) | F28: Dx K30 (ค้นด้วยรหัส 3 ตัวอักษร) · ยา MED0000260 (Route IntravenousRoute) · Lab LAB0000001 (Glucose) · X-ray IMG0000194 (LEFT ANKLE) · หัตถการ ACT0000062 | G28: {=IF($A28="","",IFERROR(_xlfn.TEXTJOIN(CHAR(10)&CHAR(10),TRUE,_xlfn._xlws.FILTER("• "&Cards!$A$4:$A$1000&" - "&Cards!$B$4:$B$1000&CHAR(10)&" "&IF(Cards!$F$4:$F$1000="","Priority ?",Cards!$F$4:$F$1000)&IF(Cards!$H$4:$H$1000="Yes"," · TOR",IF(Cards!$H$4:$H$1000=""," · TOR?",""))&" | Result: "&IF(Cards!$J$4:$J$1000="","Pending",Cards!$J$4:$J$1000)&" | TC "&Cards!$P$4:$P$1000&"/"&Cards!$O$4:$O$1000&IF(Cards!$L$4:$L$1000="",""," | Gate: "&Cards!$L$4:$L$1000),(Cards!$A$4:$A$1000<>"")*ISNUMBER(SEARCH($A28,Cards!$E$4:$E$1000)))),"-"))} -> • SBH-2593 - [ER] [ Order Summary ] Improve order summary ER Priority ? · TOR? | Result: Pending | TC 0/0 | Gate: Pending Result • SBH-2438 - [ER][Refactor] - Refactor ER Component High · TOR? | Result: Pending | TC 0/0 | Gate: Pending Result • SBH-2373 - [Bug][ER][Triage] - ไม่สามารถบันทึก Form Triage, Physicia_note ได้ Urgent · TOR? | Result: Pending | TC 0/0 | Gate: Pending Result • SBH-1116 - [Bug] [EMR] [Activity] ไม่สามารถบันทึกการทำหัตถการได้ในเมนูหัตถการ Urgent · TOR? | Result: Pending | TC 0/0 | Gate: Pending Result | H28: - กด Acknowledge แล้วระบบบันทึกชื่อแพทย์ + เวลา ("Acknowledged โดย …") และเวลารอบนการ์ดหยุดเดิน (Time Stop) - บันทึก ER Physician Note สำเร็จ และ Clinical Summary แสดง Principal Diagnosis ที่บันทึก - ส่งคำสั่งสำเร็จ แถวในตะกร้าเปลี่ยนจาก "ยังไม่ส่ง" เป็น "ส่งแล้ว" / "กำลังดำเนินการ" ครบทุกรายการ - Order Lab / X-ray สร้างงานพยาบาลสถานะ "รอรับงาน" ในรายการงานพยาบาล และค่าใช้จ่ายทุกรายการไปแสดงที่หน้าการเงิน | I28: System | J28: Functional | K28: Happy | M28: Ready for Testing | R28: =IF(OR($A28="",LEN(TRIM($O28))=0),"",IF(OR($P28="",$Q28=""),"ระบุ Severity + Impact",IFERROR(INDEX({"Urgent","Urgent","High","High";"Urgent","High","High","Medium";"High","High","Medium","Medium";"Medium","Medium","Low","Low"},MATCH($P28,{"Critical","High","Medium","Low"},0),MATCH($Q28,{"Extensive","Significant","Moderate","Minor"},0)),"-"))) | W28: =IF($A28="","",IF(OR($M28="Out of Scope",$M28="Canceled"),"Out of Scope",IF($M28="Blocked","Blocked",IF(AND($T28<>"Fixed – Retest Passed",OR(LEN(TRIM($O28))>0,LEN(TRIM($P28))>0)),IF(AND(OR($L28="Medium",$L28="Low"),SUMPRODUCT((Cards!$A$4:$A$1000<>"")*ISNUMBER(SEARCH($A28,Cards!$E$4:$E$1000))*(Cards!$F$4:$F$1000<>"Medium")*(Cards!$F$4:$F$1000<>"Low"))=0),"Conditionally Passed","Failed"),IF($M28="Done","Passed","Not Run"))))) -> Not Run | Y28: {=IF($A28="","",IF(TRIM($B28)="","-",IFERROR(_xlfn.TEXTJOIN(" / ",TRUE,_xlfn.UNIQUE(_xlfn._xlws.FILTER('Ownership Matrix'!$C$5:$C$200,('Ownership Matrix'!$A$5:$A$200=TRIM($B28))*('Ownership Matrix'!$C$5:$C$200<>"")))),"ไม่พบใน Ownership Matrix")))} -> ไม่พบใน Ownership Matrix | Z28: =IF(NOT(AND($A28<>"",$M28<>"Out of Scope",$M28<>"Canceled",$T28<>"Fixed – Retest Passed",OR(LEN(TRIM($O28))>0,LEN(TRIM($P28))>0))),"",IF(OR($W28="Failed",$R28="Urgent",$R28="High",$R28="ระบุ Severity + Impact"),IF(COUNTIFS(Dashboard!$B$105:$B$124,$O28,Dashboard!$I$105:$I$124,"CAB")>0,"Accepted (CF)","Blocking"),"Deferrable"))
A29: SMK-ER-004 | B29: ER | C29: พยาบาลรับงาน + บันทึกทางการพยาบาล (Nursing Records) | D29: พยาบาล ER รับงานที่เกิดจาก Order บันทึก Nursing Records และคัดกรองซ้ำเมื่ออาการเปลี่ยน | E29: [1] พยาบาลเข้าเมนู ห้องฉุกเฉิน >> รายการงานพยาบาล >> เลือกผู้ป่วย [2] กด "รับงาน" ที่งานที่เกิดจาก Order (Lab / X-ray) → กด "เสร็จ" → กรอก ทำโดย / ทำเมื่อ → บันทึก [3] เมนูขวา "Nursing Records" → Nurse Focus Note: เพิ่ม Nurse Note (Focus + A-I-E + Perform time) → บันทึก [4] Nursing Records → Graphical Sheet Record: กด Record → Vital signs + ระดับความรู้สึกตัว → บันทึก [5] แท็บ Triage → กด "คัดกรองซ้ำ" → กรอกฟอร์มการคัดกรองครั้งใหม่ + เลือก ESI ใหม่ → บันทึก | F29: Graphical Sheet: Vital signs + ระดับความรู้สึกตัว Alert · คัดกรองซ้ำ ESI 2 | G29: {=IF($A29="","",IFERROR(_xlfn.TEXTJOIN(CHAR(10)&CHAR(10),TRUE,_xlfn._xlws.FILTER("• "&Cards!$A$4:$A$1000&" - "&Cards!$B$4:$B$1000&CHAR(10)&" "&IF(Cards!$F$4:$F$1000="","Priority ?",Cards!$F$4:$F$1000)&IF(Cards!$H$4:$H$1000="Yes"," · TOR",IF(Cards!$H$4:$H$1000=""," · TOR?",""))&" | Result: "&IF(Cards!$J$4:$J$1000="","Pending",Cards!$J$4:$J$1000)&" | TC "&Cards!$P$4:$P$1000&"/"&Cards!$O$4:$O$1000&IF(Cards!$L$4:$L$1000="",""," | Gate: "&Cards!$L$4:$L$1000),(Cards!$A$4:$A$1000<>"")*ISNUMBER(SEARCH($A29,Cards!$E$4:$E$1000)))),"-"))} -> • SBH-2629 - [ER] [ Nurse Focus Note ] เพิ่ม Feature Note template High · TOR? | Result: Pending | TC 0/0 | Gate: Pending Result | H29: - งานจาก Order ขึ้นในรายการงานพยาบาลสถานะ "รอรับงาน" → กดรับงานเป็น "กำลังทำ" → บันทึกการทำงานแล้วเป็น "เสร็จแล้ว" พร้อมชื่อผู้ทำ / เวลา - บันทึก Nurse Focus Note สำเร็จ และการ์ด Focus แสดง A-I-E ที่บันทึก - บันทึก Graphical Sheet Record สำเร็จ แถวใหม่ขึ้นในตารางพร้อมค่าที่กรอก - คัดกรองซ้ำแล้ว Clinical Summary / แถบหัว / ER Dashboard แสดง ESI ใหม่ และ Timeline ของประวัติการรักษามี event "คัดกรองซ้ำ" พร้อมป้าย ESI | I29: System | J29: Functional | K29: Happy | M29: Ready for Testing | R29: =IF(OR($A29="",LEN(TRIM($O29))=0),"",IF(OR($P29="",$Q29=""),"ระบุ Severity + Impact",IFERROR(INDEX({"Urgent","Urgent","High","High";"Urgent","High","High","Medium";"High","High","Medium","Medium";"Medium","Medium","Low","Low"},MATCH($P29,{"Critical","High","Medium","Low"},0),MATCH($Q29,{"Extensive","Significant","Moderate","Minor"},0)),"-"))) | W29: =IF($A29="","",IF(OR($M29="Out of Scope",$M29="Canceled"),"Out of Scope",IF($M29="Blocked","Blocked",IF(AND($T29<>"Fixed – Retest Passed",OR(LEN(TRIM($O29))>0,LEN(TRIM($P29))>0)),IF(AND(OR($L29="Medium",$L29="Low"),SUMPRODUCT((Cards!$A$4:$A$1000<>"")*ISNUMBER(SEARCH($A29,Cards!$E$4:$E$1000))*(Cards!$F$4:$F$1000<>"Medium")*(Cards!$F$4:$F$1000<>"Low"))=0),"Conditionally Passed","Failed"),IF($M29="Done","Passed","Not Run"))))) -> Not Run | Y29: {=IF($A29="","",IF(TRIM($B29)="","-",IFERROR(_xlfn.TEXTJOIN(" / ",TRUE,_xlfn.UNIQUE(_xlfn._xlws.FILTER('Ownership Matrix'!$C$5:$C$200,('Ownership Matrix'!$A$5:$A$200=TRIM($B29))*('Ownership Matrix'!$C$5:$C$200<>"")))),"ไม่พบใน Ownership Matrix")))} -> ไม่พบใน Ownership Matrix | Z29: =IF(NOT(AND($A29<>"",$M29<>"Out of Scope",$M29<>"Canceled",$T29<>"Fixed – Retest Passed",OR(LEN(TRIM($O29))>0,LEN(TRIM($P29))>0))),"",IF(OR($W29="Failed",$R29="Urgent",$R29="High",$R29="ระบุ Severity + Impact"),IF(COUNTIFS(Dashboard!$B$105:$B$124,$O29,Dashboard!$I$105:$I$124,"CAB")>0,"Accepted (CF)","Blocking"),"Deferrable"))
A30: SMK-ER-005 | B30: ER | C30: Disposition กลับบ้าน → ใบยา → ชำระเงิน → จ่ายยา → ปิด Visit | D30: แพทย์จำหน่ายผู้ป่วย ER กลับบ้าน เภสัชกรสร้างใบยาและจ่ายยา การเงินรับชำระเงินและปิด Visit | E30: [1] แพทย์: เมนูขวา "Disposition" → เริ่มบันทึก → สถานะการจำหน่าย + วิธีการจำหน่าย + การวินิจฉัย (ICD-10) + แพทย์ผู้สั่งจำหน่าย + ข้อมูลทางคลินิก → บันทึกฉบับร่าง → กด "ลงนาม" [2] พยาบาล: หน้ารายการผู้ป่วย ER แท็บ "รอจำหน่าย" → กดปุ่ม "จำหน่าย" → ยืนยัน [3] เภสัชกรรม: แท็บ "Order รอยืนยัน" → เปิดรายการ → สร้างใบยา (ตรวจสอบ Drug Interaction / Allergy) [4] การเงิน: ค้นหาผู้ป่วยจาก HN → ปิดสิทธิ (ระบุเลข End Point) → สร้างใบแจ้งหนี้ → รับชำระยอดที่เหลือ → พิมพ์ใบเสร็จ [5] เภสัชกรรม: ใบยารอจัด → "จัดยาแล้ว" → "ยืนยันรอจ่าย" → ใบรอจ่าย ติ๊กทบทวนยา → กด "จ่ายยา" [6] การเงิน: กด "ปิด Visit" | F30: Disposition: Improved + With Approval · Dx K30 · ห้องยาชั้น 1 · ปิดสิทธิ UC ด้วยเลข End Point (ประเภทบัตร 60 · Terminal ID / Trace / End Point เลขสุ่ม) · ยอดเบิกไม่ได้ชำระเงินสด | G30: {=IF($A30="","",IFERROR(_xlfn.TEXTJOIN(CHAR(10)&CHAR(10),TRUE,_xlfn._xlws.FILTER("• "&Cards!$A$4:$A$1000&" - "&Cards!$B$4:$B$1000&CHAR(10)&" "&IF(Cards!$F$4:$F$1000="","Priority ?",Cards!$F$4:$F$1000)&IF(Cards!$H$4:$H$1000="Yes"," · TOR",IF(Cards!$H$4:$H$1000=""," · TOR?",""))&" | Result: "&IF(Cards!$J$4:$J$1000="","Pending",Cards!$J$4:$J$1000)&" | TC "&Cards!$P$4:$P$1000&"/"&Cards!$O$4:$O$1000&IF(Cards!$L$4:$L$1000="",""," | Gate: "&Cards!$L$4:$L$1000),(Cards!$A$4:$A$1000<>"")*ISNUMBER(SEARCH($A30,Cards!$E$4:$E$1000)))),"-"))} -> • SBH-2528 - [Bug][ER][Disposiontion] - ดูประวัติ Disposition High · TOR? | Result: Pending | TC 0/0 | Gate: Pending Result • SBH-2236 - [ER] [ Patient list ] ผู้ป่วยรายชื่อหายไปหลัง เที่ยงคืน Priority ? · TOR? | Result: Pending | TC 0/0 | Gate: Pending Result | H30: - ลงนาม Disposition สำเร็จ ผู้ป่วยย้ายไปแท็บ "รอจำหน่าย" พร้อมปุ่ม "จำหน่าย" และประวัติ Disposition แสดงรายการ บันทึกฉบับร่าง / ลงนาม พร้อมชื่อผู้ทำและเวลา - กดจำหน่ายแล้วขึ้น "ยืนยันการจำหน่ายผู้ป่วยออกจาก ER แล้ว" ผู้ป่วยย้ายไปแท็บ "จำหน่าย" และหายจาก ER Dashboard - สร้างใบยาได้เลขใบยา และค่ายาไปแสดงที่หน้าการเงิน (คอลัมน์ใบยา "รอจัด") - ปิดสิทธิ + ชำระเงินสำเร็จ ได้ใบแจ้งหนี้ / ใบเสร็จ และยอดค้างชำระเป็น 0 - จ่ายยาสำเร็จ ใบยาย้ายไปแท็บ "จ่ายยาแล้ว" - ปิด Visit แล้วหัวบัญชีการเงินเป็น "สถานะ Visit: เสร็จสิ้น" และผู้ป่วยอยู่แท็บ "เสร็จสิ้น" ของรายการผู้ป่วย ER | I30: System | J30: Functional | K30: Happy | M30: Ready for Testing | R30: =IF(OR($A30="",LEN(TRIM($O30))=0),"",IF(OR($P30="",$Q30=""),"ระบุ Severity + Impact",IFERROR(INDEX({"Urgent","Urgent","High","High";"Urgent","High","High","Medium";"High","High","Medium","Medium";"Medium","Medium","Low","Low"},MATCH($P30,{"Critical","High","Medium","Low"},0),MATCH($Q30,{"Extensive","Significant","Moderate","Minor"},0)),"-"))) | W30: =IF($A30="","",IF(OR($M30="Out of Scope",$M30="Canceled"),"Out of Scope",IF($M30="Blocked","Blocked",IF(AND($T30<>"Fixed – Retest Passed",OR(LEN(TRIM($O30))>0,LEN(TRIM($P30))>0)),IF(AND(OR($L30="Medium",$L30="Low"),SUMPRODUCT((Cards!$A$4:$A$1000<>"")*ISNUMBER(SEARCH($A30,Cards!$E$4:$E$1000))*(Cards!$F$4:$F$1000<>"Medium")*(Cards!$F$4:$F$1000<>"Low"))=0),"Conditionally Passed","Failed"),IF($M30="Done","Passed","Not Run"))))) -> Not Run | Y30: {=IF($A30="","",IF(TRIM($B30)="","-",IFERROR(_xlfn.TEXTJOIN(" / ",TRUE,_xlfn.UNIQUE(_xlfn._xlws.FILTER('Ownership Matrix'!$C$5:$C$200,('Ownership Matrix'!$A$5:$A$200=TRIM($B30))*('Ownership Matrix'!$C$5:$C$200<>"")))),"ไม่พบใน Ownership Matrix")))} -> ไม่พบใน Ownership Matrix | Z30: =IF(NOT(AND($A30<>"",$M30<>"Out of Scope",$M30<>"Canceled",$T30<>"Fixed – Retest Passed",OR(LEN(TRIM($O30))>0,LEN(TRIM($P30))>0))),"",IF(OR($W30="Failed",$R30="Urgent",$R30="High",$R30="ระบุ Severity + Impact"),IF(COUNTIFS(Dashboard!$B$105:$B$124,$O30,Dashboard!$I$105:$I$124,"CAB")>0,"Accepted (CF)","Blocking"),"Deferrable"))
A31: SMK-ER-006 | B31: ER | C31: ESI 5 ส่งต่อคลินิกผู้ป่วยนอก (OPD) | D31: ผู้ป่วย ESI 5 (ไม่เร่งด่วน) ถูกส่งต่อจาก ER ไปตรวจที่คลินิกผู้ป่วยนอก | E31: [1] พยาบาลคัดกรองผู้ป่วย (ต่อจาก SMK-ER-001) เลือก ESI 5 → กด "บันทึก" [2] หน้าต่าง "ส่งต่อไปคลินิก" เลือกคลินิกปลายทาง → กด "ส่งต่อ" (กด "ภายหลัง" = ผู้ป่วยค้างอยู่โซนเขียว) [3] ตรวจหน้ารายการผู้ป่วย ER แท็บ "ส่งคลินิกอื่น" [4] ตรวจรายการผู้ป่วยนอกของคลินิกปลายทาง | F31: ESI 5 · คลินิกปลายทาง ห้องตรวจโรคอายุรกรรมทั่วไป | G31: {=IF($A31="","",IFERROR(_xlfn.TEXTJOIN(CHAR(10)&CHAR(10),TRUE,_xlfn._xlws.FILTER("• "&Cards!$A$4:$A$1000&" - "&Cards!$B$4:$B$1000&CHAR(10)&" "&IF(Cards!$F$4:$F$1000="","Priority ?",Cards!$F$4:$F$1000)&IF(Cards!$H$4:$H$1000="Yes"," · TOR",IF(Cards!$H$4:$H$1000=""," · TOR?",""))&" | Result: "&IF(Cards!$J$4:$J$1000="","Pending",Cards!$J$4:$J$1000)&" | TC "&Cards!$P$4:$P$1000&"/"&Cards!$O$4:$O$1000&IF(Cards!$L$4:$L$1000="",""," | Gate: "&Cards!$L$4:$L$1000),(Cards!$A$4:$A$1000<>"")*ISNUMBER(SEARCH($A31,Cards!$E$4:$E$1000)))),"-"))} -> - | H31: - บันทึก ESI 5 แล้วระบบถามส่งต่อคลินิกทันที - ส่งต่อสำเร็จ ผู้ป่วยหายจาก ER Dashboard และอยู่แท็บ "ส่งคลินิกอื่น" สถานะ "ส่งต่อ OPD แล้ว" - ผู้ป่วยไปปรากฏในรายการผู้ป่วยนอกของคลินิกปลายทาง | I31: System | J31: Functional | K31: Happy | M31: Ready for Testing | R31: =IF(OR($A31="",LEN(TRIM($O31))=0),"",IF(OR($P31="",$Q31=""),"ระบุ Severity + Impact",IFERROR(INDEX({"Urgent","Urgent","High","High";"Urgent","High","High","Medium";"High","High","Medium","Medium";"Medium","Medium","Low","Low"},MATCH($P31,{"Critical","High","Medium","Low"},0),MATCH($Q31,{"Extensive","Significant","Moderate","Minor"},0)),"-"))) | W31: =IF($A31="","",IF(OR($M31="Out of Scope",$M31="Canceled"),"Out of Scope",IF($M31="Blocked","Blocked",IF(AND($T31<>"Fixed – Retest Passed",OR(LEN(TRIM($O31))>0,LEN(TRIM($P31))>0)),IF(AND(OR($L31="Medium",$L31="Low"),SUMPRODUCT((Cards!$A$4:$A$1000<>"")*ISNUMBER(SEARCH($A31,Cards!$E$4:$E$1000))*(Cards!$F$4:$F$1000<>"Medium")*(Cards!$F$4:$F$1000<>"Low"))=0),"Conditionally Passed","Failed"),IF($M31="Done","Passed","Not Run"))))) -> Not Run | X31: ขั้น [4] ยังไม่เคยตรวจบนระบบจริง (รอ BA ยืนยันว่าผู้ป่วยต้องไปขึ้นแท็บไหนของ OPD) · หลังส่งต่อ รายการในแท็บ "ส่งคลินิกอื่น" อาจขึ้นช้ากว่า 20 วินาที | Y31: {=IF($A31="","",IF(TRIM($B31)="","-",IFERROR(_xlfn.TEXTJOIN(" / ",TRUE,_xlfn.UNIQUE(_xlfn._xlws.FILTER('Ownership Matrix'!$C$5:$C$200,('Ownership Matrix'!$A$5:$A$200=TRIM($B31))*('Ownership Matrix'!$C$5:$C$200<>"")))),"ไม่พบใน Ownership Matrix")))} -> ไม่พบใน Ownership Matrix | Z31: =IF(NOT(AND($A31<>"",$M31<>"Out of Scope",$M31<>"Canceled",$T31<>"Fixed – Retest Passed",OR(LEN(TRIM($O31))>0,LEN(TRIM($P31))>0))),"",IF(OR($W31="Failed",$R31="Urgent",$R31="High",$R31="ระบุ Severity + Impact"),IF(COUNTIFS(Dashboard!$B$105:$B$124,$O31,Dashboard!$I$105:$I$124,"CAB")>0,"Accepted (CF)","Blocking"),"Deferrable"))
A32: SMK-ADM-001 | B32: Admission Center | C32: ER → Admit (Admit Request → สร้าง AN → ส่งหอผู้ป่วย) | D32: แพทย์ ER สั่ง Admit ผู้ป่วย และศูนย์จัดการเตียงสร้าง AN ส่งผู้ป่วยเข้ารายการผู้ป่วยเตรียมเข้าของหอผู้ป่วย | E32: [1] แพทย์ (ต่อจาก SMK-ER-003): เมนูขวา "สร้าง Admit Order" → การวินิจฉัยเบื้องต้น + อาการสำคัญ → กด "แบบฟอร์ม" → วันที่จะรับไว้รักษา + หอผู้ป่วย + จากแผนก → กด "ส่งคำขอ" → ยืนยันการส่ง Admit Request [2] ตรวจหน้ารายการผู้ป่วย ER แท็บ "ผู้ป่วยรอเตียง" + ER Dashboard คอลัมน์รอเตียง [3] แพทย์: เมนูขวา "Disposition" → วิธีการจำหน่าย "รับไว้รักษาต่อIPD" → บันทึกฉบับร่าง → กด "ลงนาม" [4] ศูนย์จัดการเตียง (Admission Center): เปิด Admit Request ของผู้ป่วย → ระบุ หอผู้ป่วย + แผนก + Admitting Diagnosis + ประเภทการรับ Admit + รับ Admit จาก (+ จองเตียง) → บันทึก → ยืนยันการสร้าง AN [5] ตรวจหอผู้ป่วยปลายทาง (เมนูผู้ป่วยใน → เลือกหอผู้ป่วย → Tab "ผู้ป่วยเตรียมเข้า") → ต่อ SMK-IPD-001 | F32: ผู้ป่วยอีกราย (ไม่ใช่รายของ SMK-ER-005) ที่ผ่าน SMK-ER-001 – SMK-ER-003 แล้ว | G32: {=IF($A32="","",IFERROR(_xlfn.TEXTJOIN(CHAR(10)&CHAR(10),TRUE,_xlfn._xlws.FILTER("• "&Cards!$A$4:$A$1000&" - "&Cards!$B$4:$B$1000&CHAR(10)&" "&IF(Cards!$F$4:$F$1000="","Priority ?",Cards!$F$4:$F$1000)&IF(Cards!$H$4:$H$1000="Yes"," · TOR",IF(Cards!$H$4:$H$1000=""," · TOR?",""))&" | Result: "&IF(Cards!$J$4:$J$1000="","Pending",Cards!$J$4:$J$1000)&" | TC "&Cards!$P$4:$P$1000&"/"&Cards!$O$4:$O$1000&IF(Cards!$L$4:$L$1000="",""," | Gate: "&Cards!$L$4:$L$1000),(Cards!$A$4:$A$1000<>"")*ISNUMBER(SEARCH($A32,Cards!$E$4:$E$1000)))),"-"))} -> - | H32: - ส่ง Admit Request สำเร็จ ผู้ป่วยมีสถานะ "รอเตียง" อยู่แท็บ "ผู้ป่วยรอเตียง" และไม่เข้าแท็บ "รอจำหน่าย" - ลงนาม Disposition แบบรับไว้รักษาต่อได้ โดยผู้ป่วยยังอยู่สถานะรอเตียง - สร้าง AN สำเร็จ ขึ้นแจ้งเตือน "บันทึกข้อมูลสำเร็จ “AN <เลข>”" และ AN ผูกกับ Admit Request ของ Visit นี้ - ผู้ป่วยปรากฏในแท็บ "ผู้ป่วยเตรียมเข้า" ของหอผู้ป่วยปลายทางพร้อม AN | I32: System | J32: Functional | K32: Happy | M32: Ready for Testing | R32: =IF(OR($A32="",LEN(TRIM($O32))=0),"",IF(OR($P32="",$Q32=""),"ระบุ Severity + Impact",IFERROR(INDEX({"Urgent","Urgent","High","High";"Urgent","High","High","Medium";"High","High","Medium","Medium";"Medium","Medium","Low","Low"},MATCH($P32,{"Critical","High","Medium","Low"},0),MATCH($Q32,{"Extensive","Significant","Moderate","Minor"},0)),"-"))) | W32: =IF($A32="","",IF(OR($M32="Out of Scope",$M32="Canceled"),"Out of Scope",IF($M32="Blocked","Blocked",IF(AND($T32<>"Fixed – Retest Passed",OR(LEN(TRIM($O32))>0,LEN(TRIM($P32))>0)),IF(AND(OR($L32="Medium",$L32="Low"),SUMPRODUCT((Cards!$A$4:$A$1000<>"")*ISNUMBER(SEARCH($A32,Cards!$E$4:$E$1000))*(Cards!$F$4:$F$1000<>"Medium")*(Cards!$F$4:$F$1000<>"Low"))=0),"Conditionally Passed","Failed"),IF($M32="Done","Passed","Not Run"))))) -> Not Run | X32: ขั้น [4]–[5] ยังไม่ได้สำรวจหน้าจอศูนย์จัดการเตียง (ทางที่เคยทำคือเมนูขวา "จัดการ Admission" ของหน้า ER ได้ AN แต่ AN ไม่ผูก Admit Request) · การจองเตียงจริงบน Prod ยังไม่ได้ตกลง | Y32: {=IF($A32="","",IF(TRIM($B32)="","-",IFERROR(_xlfn.TEXTJOIN(" / ",TRUE,_xlfn.UNIQUE(_xlfn._xlws.FILTER('Ownership Matrix'!$C$5:$C$200,('Ownership Matrix'!$A$5:$A$200=TRIM($B32))*('Ownership Matrix'!$C$5:$C$200<>"")))),"ไม่พบใน Ownership Matrix")))} -> ไม่พบใน Ownership Matrix | Z32: =IF(NOT(AND($A32<>"",$M32<>"Out of Scope",$M32<>"Canceled",$T32<>"Fixed – Retest Passed",OR(LEN(TRIM($O32))>0,LEN(TRIM($P32))>0))),"",IF(OR($W32="Failed",$R32="Urgent",$R32="High",$R32="ระบุ Severity + Impact"),IF(COUNTIFS(Dashboard!$B$105:$B$124,$O32,Dashboard!$I$105:$I$124,"CAB")>0,"Accepted (CF)","Blocking"),"Deferrable"))
A33: SMK-IPD-001 | B33: IPD | C33: ผู้ป่วยใน → รายการผู้ป่วยเตรียมเข้า | D33: พยาบาล Ward เปิดรายการผู้ป่วนเตรียมเข้า หอผู้ป่วยใน | E33: [1] พยาบาล Ward เข้าเมนู ผู้ป่วยใน → เลือก หอผู้ป่วย → กด ส่ง [2] พยาบาล Ward เข้า Tab ผู้ป่วยเตรียมเข้า [3] พยาบาล Ward เข้า Tab ผู้ป่วยเตรียมเข้า → เลือก เพิ่มผู้ป่วยลงเตียง → พยาบาล Ward จัดการข้อมูลผู้ป่วย → กด ยืนยัน [4] พยาบาล Ward เข้าเมนู ผู้ป่วยใน → เลือก หอผู้ป่วย → กด ส่ง [5] พยาบาล Ward เข้า Tab เตียงทั้งหมด | G33: {=IF($A33="","",IFERROR(_xlfn.TEXTJOIN(CHAR(10)&CHAR(10),TRUE,_xlfn._xlws.FILTER("• "&Cards!$A$4:$A$1000&" - "&Cards!$B$4:$B$1000&CHAR(10)&" "&IF(Cards!$F$4:$F$1000="","Priority ?",Cards!$F$4:$F$1000)&IF(Cards!$H$4:$H$1000="Yes"," · TOR",IF(Cards!$H$4:$H$1000=""," · TOR?",""))&" | Result: "&IF(Cards!$J$4:$J$1000="","Pending",Cards!$J$4:$J$1000)&" | TC "&Cards!$P$4:$P$1000&"/"&Cards!$O$4:$O$1000&IF(Cards!$L$4:$L$1000="",""," | Gate: "&Cards!$L$4:$L$1000),(Cards!$A$4:$A$1000<>"")*ISNUMBER(SEARCH($A33,Cards!$E$4:$E$1000)))),"-"))} -> - | H33: - หน้าจอหอผู้ป่วยแสดงรายชื่อผู้ป่วยที่จองเตียงไว้ในแท็บ "ผู้ป่วยเตรียมเข้า" ถูกต้อง - พยาบาลกด "เพิ่มผู้ป่วยลงเตียง" และยืนยันข้อมูลแรกรับเข้าสู่ Ward ได้สำเร็จ - สถานะผู้ป่วยเปลี่ยนเป็น "Admitted (ครองเตียง)" - เมื่อตรวจสอบที่แท็บ "เตียงทั้งหมด" สถานะเตียงเปลี่ยนเป็นสีเตียงไม่ว่าง (Occupied) พร้อมแสดงชื่อและ AN ของคนไข้ | I33: System | J33: Functional | K33: Happy | M33: Out of Scope | R33: =IF(OR($A33="",LEN(TRIM($O33))=0),"",IF(OR($P33="",$Q33=""),"ระบุ Severity + Impact",IFERROR(INDEX({"Urgent","Urgent","High","High";"Urgent","High","High","Medium";"High","High","Medium","Medium";"Medium","Medium","Low","Low"},MATCH($P33,{"Critical","High","Medium","Low"},0),MATCH($Q33,{"Extensive","Significant","Moderate","Minor"},0)),"-"))) | W33: =IF($A33="","",IF(OR($M33="Out of Scope",$M33="Canceled"),"Out of Scope",IF($M33="Blocked","Blocked",IF(AND($T33<>"Fixed – Retest Passed",OR(LEN(TRIM($O33))>0,LEN(TRIM($P33))>0)),IF(AND(OR($L33="Medium",$L33="Low"),SUMPRODUCT((Cards!$A$4:$A$1000<>"")*ISNUMBER(SEARCH($A33,Cards!$E$4:$E$1000))*(Cards!$F$4:$F$1000<>"Medium")*(Cards!$F$4:$F$1000<>"Low"))=0),"Conditionally Passed","Failed"),IF($M33="Done","Passed","Not Run"))))) -> Out of Scope | X33: Flow ยังไม่ชัดเจน — พักไว้ก่อน ยังไม่รันในรอบนี้ (ไฮไลต์สีเทา · รอ QA Site / BA ยืนยัน Flow) | Y33: {=IF($A33="","",IF(TRIM($B33)="","-",IFERROR(_xlfn.TEXTJOIN(" / ",TRUE,_xlfn.UNIQUE(_xlfn._xlws.FILTER('Ownership Matrix'!$C$5:$C$200,('Ownership Matrix'!$A$5:$A$200=TRIM($B33))*('Ownership Matrix'!$C$5:$C$200<>"")))),"ไม่พบใน Ownership Matrix")))} -> ไม่พบใน Ownership Matrix | Z33: =IF(NOT(AND($A33<>"",$M33<>"Out of Scope",$M33<>"Canceled",$T33<>"Fixed – Retest Passed",OR(LEN(TRIM($O33))>0,LEN(TRIM($P33))>0))),"",IF(OR($W33="Failed",$R33="Urgent",$R33="High",$R33="ระบุ Severity + Impact"),IF(COUNTIFS(Dashboard!$B$105:$B$124,$O33,Dashboard!$I$105:$I$124,"CAB")>0,"Accepted (CF)","Blocking"),"Deferrable"))
A34: SMK-IPD-002 | B34: IPD | C34: ผู้ป่วยใน → รายการผู้ป่วยเตรียมเข้า → นำผู้ป่วยเข้าเตียง | D34: พยาบาล Ward นำผู้ป่วยเข้าเตียงที่หอผู้ป่วยใน | E34: [1] พยาบาล Ward เข้า Tab ผู้ป่วยเตรียมเข้า → เลือก เพิ่มผู้ป่วยลงเตียง → พยาบาล Ward จัดการข้อมูลผู้ป่วย → กด ยืนยัน | G34: {=IF($A34="","",IFERROR(_xlfn.TEXTJOIN(CHAR(10)&CHAR(10),TRUE,_xlfn._xlws.FILTER("• "&Cards!$A$4:$A$1000&" - "&Cards!$B$4:$B$1000&CHAR(10)&" "&IF(Cards!$F$4:$F$1000="","Priority ?",Cards!$F$4:$F$1000)&IF(Cards!$H$4:$H$1000="Yes"," · TOR",IF(Cards!$H$4:$H$1000=""," · TOR?",""))&" | Result: "&IF(Cards!$J$4:$J$1000="","Pending",Cards!$J$4:$J$1000)&" | TC "&Cards!$P$4:$P$1000&"/"&Cards!$O$4:$O$1000&IF(Cards!$L$4:$L$1000="",""," | Gate: "&Cards!$L$4:$L$1000),(Cards!$A$4:$A$1000<>"")*ISNUMBER(SEARCH($A34,Cards!$E$4:$E$1000)))),"-"))} -> - | I34: System | J34: Functional | K34: Happy | M34: Out of Scope | R34: =IF(OR($A34="",LEN(TRIM($O34))=0),"",IF(OR($P34="",$Q34=""),"ระบุ Severity + Impact",IFERROR(INDEX({"Urgent","Urgent","High","High";"Urgent","High","High","Medium";"High","High","Medium","Medium";"Medium","Medium","Low","Low"},MATCH($P34,{"Critical","High","Medium","Low"},0),MATCH($Q34,{"Extensive","Significant","Moderate","Minor"},0)),"-"))) | W34: =IF($A34="","",IF(OR($M34="Out of Scope",$M34="Canceled"),"Out of Scope",IF($M34="Blocked","Blocked",IF(AND($T34<>"Fixed – Retest Passed",OR(LEN(TRIM($O34))>0,LEN(TRIM($P34))>0)),IF(AND(OR($L34="Medium",$L34="Low"),SUMPRODUCT((Cards!$A$4:$A$1000<>"")*ISNUMBER(SEARCH($A34,Cards!$E$4:$E$1000))*(Cards!$F$4:$F$1000<>"Medium")*(Cards!$F$4:$F$1000<>"Low"))=0),"Conditionally Passed","Failed"),IF($M34="Done","Passed","Not Run"))))) -> Out of Scope | X34: Flow ยังไม่ชัดเจน — พักไว้ก่อน ยังไม่รันในรอบนี้ (ไฮไลต์สีเทา · รอ QA Site / BA ยืนยัน Flow) | Y34: {=IF($A34="","",IF(TRIM($B34)="","-",IFERROR(_xlfn.TEXTJOIN(" / ",TRUE,_xlfn.UNIQUE(_xlfn._xlws.FILTER('Ownership Matrix'!$C$5:$C$200,('Ownership Matrix'!$A$5:$A$200=TRIM($B34))*('Ownership Matrix'!$C$5:$C$200<>"")))),"ไม่พบใน Ownership Matrix")))} -> ไม่พบใน Ownership Matrix | Z34: =IF(NOT(AND($A34<>"",$M34<>"Out of Scope",$M34<>"Canceled",$T34<>"Fixed – Retest Passed",OR(LEN(TRIM($O34))>0,LEN(TRIM($P34))>0))),"",IF(OR($W34="Failed",$R34="Urgent",$R34="High",$R34="ระบุ Severity + Impact"),IF(COUNTIFS(Dashboard!$B$105:$B$124,$O34,Dashboard!$I$105:$I$124,"CAB")>0,"Accepted (CF)","Blocking"),"Deferrable"))
A35: SMK-IPD-003 | B35: IPD | C35: ผู้ป่วยใน → รายการเตียงทั้งหมด | D35: พยาบาล Ward ตรวจสอบรายการเตียงทั้งหมด | E35: [1] พยาบาล Ward เข้าเมนู ผู้ป่วยใน → เลือก หอผู้ป่วย → กด ส่ง [2] พยาบาล Ward เข้า Tab เตียงทั้งหมด | G35: {=IF($A35="","",IFERROR(_xlfn.TEXTJOIN(CHAR(10)&CHAR(10),TRUE,_xlfn._xlws.FILTER("• "&Cards!$A$4:$A$1000&" - "&Cards!$B$4:$B$1000&CHAR(10)&" "&IF(Cards!$F$4:$F$1000="","Priority ?",Cards!$F$4:$F$1000)&IF(Cards!$H$4:$H$1000="Yes"," · TOR",IF(Cards!$H$4:$H$1000=""," · TOR?",""))&" | Result: "&IF(Cards!$J$4:$J$1000="","Pending",Cards!$J$4:$J$1000)&" | TC "&Cards!$P$4:$P$1000&"/"&Cards!$O$4:$O$1000&IF(Cards!$L$4:$L$1000="",""," | Gate: "&Cards!$L$4:$L$1000),(Cards!$A$4:$A$1000<>"")*ISNUMBER(SEARCH($A35,Cards!$E$4:$E$1000)))),"-"))} -> - | I35: System | J35: Functional | K35: Happy | M35: Out of Scope | R35: =IF(OR($A35="",LEN(TRIM($O35))=0),"",IF(OR($P35="",$Q35=""),"ระบุ Severity + Impact",IFERROR(INDEX({"Urgent","Urgent","High","High";"Urgent","High","High","Medium";"High","High","Medium","Medium";"Medium","Medium","Low","Low"},MATCH($P35,{"Critical","High","Medium","Low"},0),MATCH($Q35,{"Extensive","Significant","Moderate","Minor"},0)),"-"))) | W35: =IF($A35="","",IF(OR($M35="Out of Scope",$M35="Canceled"),"Out of Scope",IF($M35="Blocked","Blocked",IF(AND($T35<>"Fixed – Retest Passed",OR(LEN(TRIM($O35))>0,LEN(TRIM($P35))>0)),IF(AND(OR($L35="Medium",$L35="Low"),SUMPRODUCT((Cards!$A$4:$A$1000<>"")*ISNUMBER(SEARCH($A35,Cards!$E$4:$E$1000))*(Cards!$F$4:$F$1000<>"Medium")*(Cards!$F$4:$F$1000<>"Low"))=0),"Conditionally Passed","Failed"),IF($M35="Done","Passed","Not Run"))))) -> Out of Scope | X35: Flow ยังไม่ชัดเจน — พักไว้ก่อน ยังไม่รันในรอบนี้ (ไฮไลต์สีเทา · รอ QA Site / BA ยืนยัน Flow) | Y35: {=IF($A35="","",IF(TRIM($B35)="","-",IFERROR(_xlfn.TEXTJOIN(" / ",TRUE,_xlfn.UNIQUE(_xlfn._xlws.FILTER('Ownership Matrix'!$C$5:$C$200,('Ownership Matrix'!$A$5:$A$200=TRIM($B35))*('Ownership Matrix'!$C$5:$C$200<>"")))),"ไม่พบใน Ownership Matrix")))} -> ไม่พบใน Ownership Matrix | Z35: =IF(NOT(AND($A35<>"",$M35<>"Out of Scope",$M35<>"Canceled",$T35<>"Fixed – Retest Passed",OR(LEN(TRIM($O35))>0,LEN(TRIM($P35))>0))),"",IF(OR($W35="Failed",$R35="Urgent",$R35="High",$R35="ระบุ Severity + Impact"),IF(COUNTIFS(Dashboard!$B$105:$B$124,$O35,Dashboard!$I$105:$I$124,"CAB")>0,"Accepted (CF)","Blocking"),"Deferrable"))
A36: SMK-IPD-004 | B36: IPD | C36: แพทย์บันทึกข้อมูลอาการผู้ป่วย | D36: แพทย์บันทึก Admission Note, Problem Lis | E36: [1] แพทย์ เข้าเมนู "ผู้ป่วยใน" [2] แพทย์ บันทึก Admission Note, Problem List | G36: {=IF($A36="","",IFERROR(_xlfn.TEXTJOIN(CHAR(10)&CHAR(10),TRUE,_xlfn._xlws.FILTER("• "&Cards!$A$4:$A$1000&" - "&Cards!$B$4:$B$1000&CHAR(10)&" "&IF(Cards!$F$4:$F$1000="","Priority ?",Cards!$F$4:$F$1000)&IF(Cards!$H$4:$H$1000="Yes"," · TOR",IF(Cards!$H$4:$H$1000=""," · TOR?",""))&" | Result: "&IF(Cards!$J$4:$J$1000="","Pending",Cards!$J$4:$J$1000)&" | TC "&Cards!$P$4:$P$1000&"/"&Cards!$O$4:$O$1000&IF(Cards!$L$4:$L$1000="",""," | Gate: "&Cards!$L$4:$L$1000),(Cards!$A$4:$A$1000<>"")*ISNUMBER(SEARCH($A36,Cards!$E$4:$E$1000)))),"-"))} -> - | I36: System | J36: Functional | K36: Happy | M36: Out of Scope | R36: =IF(OR($A36="",LEN(TRIM($O36))=0),"",IF(OR($P36="",$Q36=""),"ระบุ Severity + Impact",IFERROR(INDEX({"Urgent","Urgent","High","High";"Urgent","High","High","Medium";"High","High","Medium","Medium";"Medium","Medium","Low","Low"},MATCH($P36,{"Critical","High","Medium","Low"},0),MATCH($Q36,{"Extensive","Significant","Moderate","Minor"},0)),"-"))) | W36: =IF($A36="","",IF(OR($M36="Out of Scope",$M36="Canceled"),"Out of Scope",IF($M36="Blocked","Blocked",IF(AND($T36<>"Fixed – Retest Passed",OR(LEN(TRIM($O36))>0,LEN(TRIM($P36))>0)),IF(AND(OR($L36="Medium",$L36="Low"),SUMPRODUCT((Cards!$A$4:$A$1000<>"")*ISNUMBER(SEARCH($A36,Cards!$E$4:$E$1000))*(Cards!$F$4:$F$1000<>"Medium")*(Cards!$F$4:$F$1000<>"Low"))=0),"Conditionally Passed","Failed"),IF($M36="Done","Passed","Not Run"))))) -> Out of Scope | X36: Flow ยังไม่ชัดเจน — พักไว้ก่อน ยังไม่รันในรอบนี้ (ไฮไลต์สีเทา · รอ QA Site / BA ยืนยัน Flow) | Y36: {=IF($A36="","",IF(TRIM($B36)="","-",IFERROR(_xlfn.TEXTJOIN(" / ",TRUE,_xlfn.UNIQUE(_xlfn._xlws.FILTER('Ownership Matrix'!$C$5:$C$200,('Ownership Matrix'!$A$5:$A$200=TRIM($B36))*('Ownership Matrix'!$C$5:$C$200<>"")))),"ไม่พบใน Ownership Matrix")))} -> ไม่พบใน Ownership Matrix | Z36: =IF(NOT(AND($A36<>"",$M36<>"Out of Scope",$M36<>"Canceled",$T36<>"Fixed – Retest Passed",OR(LEN(TRIM($O36))>0,LEN(TRIM($P36))>0))),"",IF(OR($W36="Failed",$R36="Urgent",$R36="High",$R36="ระบุ Severity + Impact"),IF(COUNTIFS(Dashboard!$B$105:$B$124,$O36,Dashboard!$I$105:$I$124,"CAB")>0,"Accepted (CF)","Blocking"),"Deferrable"))
A37: SMK-IPD-005 | B37: IPD | C37: พยาบาลบันทึกข้อมูลอาการของผู้ป่วยที่โฟกัส | D37: พยาบาลบันทึก Focus List | E37: [1] พยาบาล เข้าเมนู "ผู้ป่วยใน" [2] พยาบาล บันทึก Focus List | G37: {=IF($A37="","",IFERROR(_xlfn.TEXTJOIN(CHAR(10)&CHAR(10),TRUE,_xlfn._xlws.FILTER("• "&Cards!$A$4:$A$1000&" - "&Cards!$B$4:$B$1000&CHAR(10)&" "&IF(Cards!$F$4:$F$1000="","Priority ?",Cards!$F$4:$F$1000)&IF(Cards!$H$4:$H$1000="Yes"," · TOR",IF(Cards!$H$4:$H$1000=""," · TOR?",""))&" | Result: "&IF(Cards!$J$4:$J$1000="","Pending",Cards!$J$4:$J$1000)&" | TC "&Cards!$P$4:$P$1000&"/"&Cards!$O$4:$O$1000&IF(Cards!$L$4:$L$1000="",""," | Gate: "&Cards!$L$4:$L$1000),(Cards!$A$4:$A$1000<>"")*ISNUMBER(SEARCH($A37,Cards!$E$4:$E$1000)))),"-"))} -> - | I37: System | J37: Functional | K37: Happy | M37: Out of Scope | R37: =IF(OR($A37="",LEN(TRIM($O37))=0),"",IF(OR($P37="",$Q37=""),"ระบุ Severity + Impact",IFERROR(INDEX({"Urgent","Urgent","High","High";"Urgent","High","High","Medium";"High","High","Medium","Medium";"Medium","Medium","Low","Low"},MATCH($P37,{"Critical","High","Medium","Low"},0),MATCH($Q37,{"Extensive","Significant","Moderate","Minor"},0)),"-"))) | W37: =IF($A37="","",IF(OR($M37="Out of Scope",$M37="Canceled"),"Out of Scope",IF($M37="Blocked","Blocked",IF(AND($T37<>"Fixed – Retest Passed",OR(LEN(TRIM($O37))>0,LEN(TRIM($P37))>0)),IF(AND(OR($L37="Medium",$L37="Low"),SUMPRODUCT((Cards!$A$4:$A$1000<>"")*ISNUMBER(SEARCH($A37,Cards!$E$4:$E$1000))*(Cards!$F$4:$F$1000<>"Medium")*(Cards!$F$4:$F$1000<>"Low"))=0),"Conditionally Passed","Failed"),IF($M37="Done","Passed","Not Run"))))) -> Out of Scope | X37: Flow ยังไม่ชัดเจน — พักไว้ก่อน ยังไม่รันในรอบนี้ (ไฮไลต์สีเทา · รอ QA Site / BA ยืนยัน Flow) | Y37: {=IF($A37="","",IF(TRIM($B37)="","-",IFERROR(_xlfn.TEXTJOIN(" / ",TRUE,_xlfn.UNIQUE(_xlfn._xlws.FILTER('Ownership Matrix'!$C$5:$C$200,('Ownership Matrix'!$A$5:$A$200=TRIM($B37))*('Ownership Matrix'!$C$5:$C$200<>"")))),"ไม่พบใน Ownership Matrix")))} -> ไม่พบใน Ownership Matrix | Z37: =IF(NOT(AND($A37<>"",$M37<>"Out of Scope",$M37<>"Canceled",$T37<>"Fixed – Retest Passed",OR(LEN(TRIM($O37))>0,LEN(TRIM($P37))>0))),"",IF(OR($W37="Failed",$R37="Urgent",$R37="High",$R37="ระบุ Severity + Impact"),IF(COUNTIFS(Dashboard!$B$105:$B$124,$O37,Dashboard!$I$105:$I$124,"CAB")>0,"Accepted (CF)","Blocking"),"Deferrable"))
A38: SMK-IPD-006 | B38: IPD | C38: แพทย์ตรวจ + วินิจฉัย + สั่ง Order (Lab/X-ray/ยา) | D38: แพทย์ Round ตรวจและสั่ง Order ยา/Lab/X-ray แบบ ONE DAY และ CONTINUE ให้ผู้ป่วย IPD | E38: [1] แพทย์ เข้าเมนู "ผู้ป่วยใน" [2] แพทย์ Round ตรวจอาการ + บันทึก Progress Note [3] แพทย์กดเปิด Tab "Physician Order" [4] แพทย์เลือกประเภทที่ Order Search: ปุ่ม Toggle "One Day Order" / "Continue Order" [5] แพทย์ค้นหา Item ที่ช่องค้นหา "ค้นหา ยา, เวชภัณฑ์, แล็บ, รังสี, หัตถการ..." (หรือใช้ทางลัด: Order Set / Remed / Re-Lab / Re-Imaging / Order Checklist) [6] แพทย์เลือก Item จากผลค้นหา → กดปุ่ม "เพิ่มออเดอร์" (วนซ้ำ step 4-5 ได้หลาย Item ทั้งยา/Lab/Xray ผสมกันในรอบเดียว) [7] แพทย์กดปุ่ม "บันทึก" (มุมขวาบนของ Physician Order) [8] ระบบย้าย Item ทั้งหมดไปแสดงที่ Tab "IPD Summary" โดยจัดกลุ่มตามประเภท: [8a] กลุ่ม "ORDER FOR ONE DAY" [8b] กลุ่ม "ORDER FOR CONTINUE" (ถ้าเลือกไว้ตอน step 3) [9] แพทย์กดปุ่ม "Sign" ทีละรายการ หรือกดปุ่ม "Sign All" เพื่อเซ็นยืนยันทั้งหมดในกลุ่มพร้อมกัน [Status Order = "รอรับ"] | G38: {=IF($A38="","",IFERROR(_xlfn.TEXTJOIN(CHAR(10)&CHAR(10),TRUE,_xlfn._xlws.FILTER("• "&Cards!$A$4:$A$1000&" - "&Cards!$B$4:$B$1000&CHAR(10)&" "&IF(Cards!$F$4:$F$1000="","Priority ?",Cards!$F$4:$F$1000)&IF(Cards!$H$4:$H$1000="Yes"," · TOR",IF(Cards!$H$4:$H$1000=""," · TOR?",""))&" | Result: "&IF(Cards!$J$4:$J$1000="","Pending",Cards!$J$4:$J$1000)&" | TC "&Cards!$P$4:$P$1000&"/"&Cards!$O$4:$O$1000&IF(Cards!$L$4:$L$1000="",""," | Gate: "&Cards!$L$4:$L$1000),(Cards!$A$4:$A$1000<>"")*ISNUMBER(SEARCH($A38,Cards!$E$4:$E$1000)))),"-"))} -> - | H38: - บันทึก Progress Note ประจำวันลงในชาร์ตผู้ป่วยสำเร็จ - สามารถสลับ Toggle สั่งรายการทั้งแบบ One Day Order และ Continue Order ได้ในคราวเดียวกัน - เมื่อกดบันทึก ข้อมูลถูกแยกกลุ่มในหน้า IPD Summary ออกเป็นหมวด "ORDER FOR ONE DAY" และ "ORDER FOR CONTINUE" อย่างถูกต้อง - เมื่อกด Sign หรือ Sign All ระบบลงลายมือชื่อแพทย์ดิจิทัล และปรับสถานะของคำสั่งเป็น "รอรับ (Pending Acknowledgement)" เพื่อส่งต่อไปยังพยาบาล | I38: System | J38: Functional | K38: Happy | M38: Out of Scope | R38: =IF(OR($A38="",LEN(TRIM($O38))=0),"",IF(OR($P38="",$Q38=""),"ระบุ Severity + Impact",IFERROR(INDEX({"Urgent","Urgent","High","High";"Urgent","High","High","Medium";"High","High","Medium","Medium";"Medium","Medium","Low","Low"},MATCH($P38,{"Critical","High","Medium","Low"},0),MATCH($Q38,{"Extensive","Significant","Moderate","Minor"},0)),"-"))) | W38: =IF($A38="","",IF(OR($M38="Out of Scope",$M38="Canceled"),"Out of Scope",IF($M38="Blocked","Blocked",IF(AND($T38<>"Fixed – Retest Passed",OR(LEN(TRIM($O38))>0,LEN(TRIM($P38))>0)),IF(AND(OR($L38="Medium",$L38="Low"),SUMPRODUCT((Cards!$A$4:$A$1000<>"")*ISNUMBER(SEARCH($A38,Cards!$E$4:$E$1000))*(Cards!$F$4:$F$1000<>"Medium")*(Cards!$F$4:$F$1000<>"Low"))=0),"Conditionally Passed","Failed"),IF($M38="Done","Passed","Not Run"))))) -> Out of Scope | X38: Flow ยังไม่ชัดเจน — พักไว้ก่อน ยังไม่รันในรอบนี้ (ไฮไลต์สีเทา · รอ QA Site / BA ยืนยัน Flow) | Y38: {=IF($A38="","",IF(TRIM($B38)="","-",IFERROR(_xlfn.TEXTJOIN(" / ",TRUE,_xlfn.UNIQUE(_xlfn._xlws.FILTER('Ownership Matrix'!$C$5:$C$200,('Ownership Matrix'!$A$5:$A$200=TRIM($B38))*('Ownership Matrix'!$C$5:$C$200<>"")))),"ไม่พบใน Ownership Matrix")))} -> ไม่พบใน Ownership Matrix | Z38: =IF(NOT(AND($A38<>"",$M38<>"Out of Scope",$M38<>"Canceled",$T38<>"Fixed – Retest Passed",OR(LEN(TRIM($O38))>0,LEN(TRIM($P38))>0))),"",IF(OR($W38="Failed",$R38="Urgent",$R38="High",$R38="ระบุ Severity + Impact"),IF(COUNTIFS(Dashboard!$B$105:$B$124,$O38,Dashboard!$I$105:$I$124,"CAB")>0,"Accepted (CF)","Blocking"),"Deferrable"))
A39: SMK-IPD-007 | B39: IPD | C39: พยาบาลตรวจสอบ Order ยา และ Confirm รายการยา | D39: พยาบาลตรวจสอบและ Confirm รายการยาผู้ป่วย IPD ต่อเนื่องจากแพทย์สั่ง Order ทั้งแบบ ONE DAY และ CONTINUE ตามรอบให้ยาแต่ละวัน | E39: [1] พยาบาลเข้าเมนู "ผู้ป่วยใน" → "รายการเตียง" → เลือกหอผู้ป่วย/Ward [2] พยาบาลกดเลือกคนไข้ → เข้าสู่หน้า "Patient IPD Summary" [3] พยาบาลดูรายการ Order ที่แพทย์ Sign แล้ว (สถานะ "รอรับ" จาก SC7) แบ่งเป็น 2 คอลัมน์: [3a] คอลัมน์ "ORDER FOR ONE DAY" [3b] คอลัมน์ "NEW ORDER FOR CONTINUE" [4] พยาบาลตรวจสอบรายการยาแต่ละรายการ (ชื่อยา, ขนาด, วิธีให้ — เช่น "1 tab PO tid") [5] พยาบาลกดปุ่ม "รับออเดอร์" ที่รายการยานั้นๆ [6] ระบบส่งรายการยาที่กด "รับออเดอร์" ไปที่ห้องยา (เภสัชกรรม) ต่อไป | G39: {=IF($A39="","",IFERROR(_xlfn.TEXTJOIN(CHAR(10)&CHAR(10),TRUE,_xlfn._xlws.FILTER("• "&Cards!$A$4:$A$1000&" - "&Cards!$B$4:$B$1000&CHAR(10)&" "&IF(Cards!$F$4:$F$1000="","Priority ?",Cards!$F$4:$F$1000)&IF(Cards!$H$4:$H$1000="Yes"," · TOR",IF(Cards!$H$4:$H$1000=""," · TOR?",""))&" | Result: "&IF(Cards!$J$4:$J$1000="","Pending",Cards!$J$4:$J$1000)&" | TC "&Cards!$P$4:$P$1000&"/"&Cards!$O$4:$O$1000&IF(Cards!$L$4:$L$1000="",""," | Gate: "&Cards!$L$4:$L$1000),(Cards!$A$4:$A$1000<>"")*ISNUMBER(SEARCH($A39,Cards!$E$4:$E$1000)))),"-"))} -> - | H39: - หน้า Patient IPD Summary แสดงรายการคำสั่งแพทย์ที่ Sign แล้วแยก 2 คอลัมน์ชัดเจน - พยาบาลตรวจสอบความถูกต้อง (ชื่อยา, ขนาดยา, Route, ความถี่) ได้ถูกต้อง - เมื่อกดปุ่ม "รับออเดอร์" สถานะคำสั่งยาเปลี่ยนเป็น "รับแล้ว (Confirmed)" - ข้อมูลรายการยาที่ยืนยันแล้วถูกส่งต่อเข้าสู่คิวจัดการสั่งยาของห้องยาผู้ป่วยในทันที | I39: System | J39: Functional | K39: Happy | M39: Out of Scope | R39: =IF(OR($A39="",LEN(TRIM($O39))=0),"",IF(OR($P39="",$Q39=""),"ระบุ Severity + Impact",IFERROR(INDEX({"Urgent","Urgent","High","High";"Urgent","High","High","Medium";"High","High","Medium","Medium";"Medium","Medium","Low","Low"},MATCH($P39,{"Critical","High","Medium","Low"},0),MATCH($Q39,{"Extensive","Significant","Moderate","Minor"},0)),"-"))) | W39: =IF($A39="","",IF(OR($M39="Out of Scope",$M39="Canceled"),"Out of Scope",IF($M39="Blocked","Blocked",IF(AND($T39<>"Fixed – Retest Passed",OR(LEN(TRIM($O39))>0,LEN(TRIM($P39))>0)),IF(AND(OR($L39="Medium",$L39="Low"),SUMPRODUCT((Cards!$A$4:$A$1000<>"")*ISNUMBER(SEARCH($A39,Cards!$E$4:$E$1000))*(Cards!$F$4:$F$1000<>"Medium")*(Cards!$F$4:$F$1000<>"Low"))=0),"Conditionally Passed","Failed"),IF($M39="Done","Passed","Not Run"))))) -> Out of Scope | X39: Flow ยังไม่ชัดเจน — พักไว้ก่อน ยังไม่รันในรอบนี้ (ไฮไลต์สีเทา · รอ QA Site / BA ยืนยัน Flow) | Y39: {=IF($A39="","",IF(TRIM($B39)="","-",IFERROR(_xlfn.TEXTJOIN(" / ",TRUE,_xlfn.UNIQUE(_xlfn._xlws.FILTER('Ownership Matrix'!$C$5:$C$200,('Ownership Matrix'!$A$5:$A$200=TRIM($B39))*('Ownership Matrix'!$C$5:$C$200<>"")))),"ไม่พบใน Ownership Matrix")))} -> ไม่พบใน Ownership Matrix | Z39: =IF(NOT(AND($A39<>"",$M39<>"Out of Scope",$M39<>"Canceled",$T39<>"Fixed – Retest Passed",OR(LEN(TRIM($O39))>0,LEN(TRIM($P39))>0))),"",IF(OR($W39="Failed",$R39="Urgent",$R39="High",$R39="ระบุ Severity + Impact"),IF(COUNTIFS(Dashboard!$B$105:$B$124,$O39,Dashboard!$I$105:$I$124,"CAB")>0,"Accepted (CF)","Blocking"),"Deferrable"))
A40: SMK-IPD-008 | B40: IPD | C40: เภสัชกรรมจ่ายยา IPD [ONE DAY] (สร้างใบยา) → ชำระเงิน → เภสัชกรรม จ่ายยา → พยาบาล Ward | D40: เภสัชกรจ่ายยาผู้ป่วย IPD แยกตามประเภท Order ONE DAY (จ่ายครั้งเดียว) และต้องชำระเงิน | E40: [1] เภสัชกรเข้าเมนู "ห้องยาผู้ป่วยใน" → "ผู้ป่วยใน" → "จัดการสั่งยา" → Tab "Order รอยืนยัน" (รับต่อจาก SC8 ที่พยาบาลกด "รับออเดอร์" แล้ว) [2] ระบบแสดงรายการยาของผู้ป่วย พร้อมวิธีการรับยา [3] เภสัชกรกดเลือกรายการ Order ผู้ป่วย [4] ระบบแสดงหน้า Profile ผู้ป่วย พร้อมหน้า "สร้างใบยา" (สถานะแสดง: "Order รอยืนยัน" | "รอชำระ" | "IPD" | AN) [4a] แสดงรายการ ONE DAY [4b] แสดงรายการ CONTINUE [SC10] [5] เภสัชกรตรวจสอบความถูกต้องรายการยาที่พยาบาลยืนยัน Order มาทั้งหมด [6] เภสัชกร กดปุ่ม "สร้างใบยา" (ตรวจสอบรายการยา + Drug Interaction/Allergy check) [7] ระบบสร้างใบยา + Print ฉลากยาอัตโนมัติทันที (auto print)(default checked) [8] เภสัชกรรม: ยืนยันใบยา → ส่งไปแผนกการเงิน และ ระบบตัด Stock ยา (hiventory) [9] ระบบย้ายรายการยาไปแสดงที่ Tab "ใบยารอจัด" [10] เภสัชกรรม: ยืนยันจ่ายยา + จ่ายยา (auto print ใบยารายการยา) + เจ้าหน้าที่มารับยา หรือ ส่งกระสวย [11] รายการยาจะไปแสดงที่ e-MAR [12] พยาบาล Ward ทำการจ่ายยา e-MAR (in development process) | G40: {=IF($A40="","",IFERROR(_xlfn.TEXTJOIN(CHAR(10)&CHAR(10),TRUE,_xlfn._xlws.FILTER("• "&Cards!$A$4:$A$1000&" - "&Cards!$B$4:$B$1000&CHAR(10)&" "&IF(Cards!$F$4:$F$1000="","Priority ?",Cards!$F$4:$F$1000)&IF(Cards!$H$4:$H$1000="Yes"," · TOR",IF(Cards!$H$4:$H$1000=""," · TOR?",""))&" | Result: "&IF(Cards!$J$4:$J$1000="","Pending",Cards!$J$4:$J$1000)&" | TC "&Cards!$P$4:$P$1000&"/"&Cards!$O$4:$O$1000&IF(Cards!$L$4:$L$1000="",""," | Gate: "&Cards!$L$4:$L$1000),(Cards!$A$4:$A$1000<>"")*ISNUMBER(SEARCH($A40,Cards!$E$4:$E$1000)))),"-"))} -> - | H40: - หน้าจอห้องยา IPD แสดงรายการยาในแท็บ "Order รอยืนยัน" ครบถ้วนตาม AN - การสร้างใบยาสั่งพิมพ์ฉลากยาอัตโนมัติ และระบบทำการ ตัดสต็อกยาในคลัง (hiventory) สำเร็จ - ข้อมูลค่าใช้จ่ายถูกส่งไปบันทึกตั้งหนี้ในระบบการเงิน IPD - ย้ายสถานะไปแท็บ "ใบยารอจัด" และเมื่อกดยืนยันจ่ายยา ระบบสั่ง Auto-print ใบนำจ่ายยา - รายการยา ONE DAY ปรากฏขึ้นในตาราง e-MAR ของ Ward เพื่อให้พยาบาลบริหารยาตามเวลา | I40: System | J40: Functional | K40: Happy | M40: Out of Scope | R40: =IF(OR($A40="",LEN(TRIM($O40))=0),"",IF(OR($P40="",$Q40=""),"ระบุ Severity + Impact",IFERROR(INDEX({"Urgent","Urgent","High","High";"Urgent","High","High","Medium";"High","High","Medium","Medium";"Medium","Medium","Low","Low"},MATCH($P40,{"Critical","High","Medium","Low"},0),MATCH($Q40,{"Extensive","Significant","Moderate","Minor"},0)),"-"))) | W40: =IF($A40="","",IF(OR($M40="Out of Scope",$M40="Canceled"),"Out of Scope",IF($M40="Blocked","Blocked",IF(AND($T40<>"Fixed – Retest Passed",OR(LEN(TRIM($O40))>0,LEN(TRIM($P40))>0)),IF(AND(OR($L40="Medium",$L40="Low"),SUMPRODUCT((Cards!$A$4:$A$1000<>"")*ISNUMBER(SEARCH($A40,Cards!$E$4:$E$1000))*(Cards!$F$4:$F$1000<>"Medium")*(Cards!$F$4:$F$1000<>"Low"))=0),"Conditionally Passed","Failed"),IF($M40="Done","Passed","Not Run"))))) -> Out of Scope | X40: Flow ยังไม่ชัดเจน — พักไว้ก่อน ยังไม่รันในรอบนี้ (ไฮไลต์สีเทา · รอ QA Site / BA ยืนยัน Flow) | Y40: {=IF($A40="","",IF(TRIM($B40)="","-",IFERROR(_xlfn.TEXTJOIN(" / ",TRUE,_xlfn.UNIQUE(_xlfn._xlws.FILTER('Ownership Matrix'!$C$5:$C$200,('Ownership Matrix'!$A$5:$A$200=TRIM($B40))*('Ownership Matrix'!$C$5:$C$200<>"")))),"ไม่พบใน Ownership Matrix")))} -> ไม่พบใน Ownership Matrix | Z40: =IF(NOT(AND($A40<>"",$M40<>"Out of Scope",$M40<>"Canceled",$T40<>"Fixed – Retest Passed",OR(LEN(TRIM($O40))>0,LEN(TRIM($P40))>0))),"",IF(OR($W40="Failed",$R40="Urgent",$R40="High",$R40="ระบุ Severity + Impact"),IF(COUNTIFS(Dashboard!$B$105:$B$124,$O40,Dashboard!$I$105:$I$124,"CAB")>0,"Accepted (CF)","Blocking"),"Deferrable"))
A41: SMK-IPD-009 | B41: IPD | C41: เภสัชกรรมจ่ายยา IPD [CONTINUE](สร้างใบยา) → เภสัชกรรม จ่ายยา → พยาบาล Ward | D41: เภสัชกรจ่ายยาผู้ป่วย IPD แยกตามประเภท และ CONTINUE (จ่ายซ้ำทุกวันตาม EMAR) โดยไม่รอการชำระเงิน | E41: [1] เภสัชกรเข้าเมนู "ห้องยาผู้ป่วยใน" → "ผู้ป่วยใน" → "รับ Continue Order ประจำวัน" [2] ค้นหา และ เลือกหอผู้ป่วย กดปุ่ม ค้นหา → จะแสดงรายการผู้ป่วยที่ต้องการ ที่ tab รายการผู้ป่วย [3] เลือกผู้ป่วย → กดปุ่ม Generate ที่เลือก (จำนวนที่เลือก) หรือ Generate ผู้ป่วยที่พร้อมทั้งหมด (จำนวนที่มียา Continue) [4] เภสัชกร กดปุ่ม Generate ที่เลือก (จำนวนที่เลือก) [5] ระบบแสดง รายการใบยา Continue ที่ tab รายการใบยา Continue [6] เภสัชกร เลือกรายการยา พร้อม พิมพ์ใบยา และ พิมพ์ฉลากยา [7] เภสัชกร กดปุ่ม จ่ายยา (ได้ทั้งแบบทีละรายการ และ แบบหลายรายการ) [8] รายการยาจะไปแสดงที่ e-MAR [9] พยาบาล Ward ทำการจ่ายยา e-MAR (in development process) | G41: {=IF($A41="","",IFERROR(_xlfn.TEXTJOIN(CHAR(10)&CHAR(10),TRUE,_xlfn._xlws.FILTER("• "&Cards!$A$4:$A$1000&" - "&Cards!$B$4:$B$1000&CHAR(10)&" "&IF(Cards!$F$4:$F$1000="","Priority ?",Cards!$F$4:$F$1000)&IF(Cards!$H$4:$H$1000="Yes"," · TOR",IF(Cards!$H$4:$H$1000=""," · TOR?",""))&" | Result: "&IF(Cards!$J$4:$J$1000="","Pending",Cards!$J$4:$J$1000)&" | TC "&Cards!$P$4:$P$1000&"/"&Cards!$O$4:$O$1000&IF(Cards!$L$4:$L$1000="",""," | Gate: "&Cards!$L$4:$L$1000),(Cards!$A$4:$A$1000<>"")*ISNUMBER(SEARCH($A41,Cards!$E$4:$E$1000)))),"-"))} -> - | H41: - ค้นหาตาม Ward แล้วแสดงเฉพาะผู้ป่วยที่มีรายการยาแบบ Continue ประจำรอบได้ถูกต้อง - การกดปุ่ม "Generate" สามารถสร้างชุดใบยา Continue ได้ทั้งแบบรายคนและแบบ Batch หลายคนพร้อมกัน - ระบบยอมให้ดำเนินการจ่ายยาประจำรอบได้ทันทีโดยไม่ต้องรอให้การเงินกดยืนยันชำระเงิน - พิมพ์ใบยาและฉลากยาได้ถูกต้อง และเมื่อกด "จ่ายยา" ข้อมูลมื้อยาจะไปอัปเดตบนหน้าจอ e-MAR ของหอผู้ป่วย | I41: System | J41: Functional | K41: Happy | M41: Out of Scope | R41: =IF(OR($A41="",LEN(TRIM($O41))=0),"",IF(OR($P41="",$Q41=""),"ระบุ Severity + Impact",IFERROR(INDEX({"Urgent","Urgent","High","High";"Urgent","High","High","Medium";"High","High","Medium","Medium";"Medium","Medium","Low","Low"},MATCH($P41,{"Critical","High","Medium","Low"},0),MATCH($Q41,{"Extensive","Significant","Moderate","Minor"},0)),"-"))) | W41: =IF($A41="","",IF(OR($M41="Out of Scope",$M41="Canceled"),"Out of Scope",IF($M41="Blocked","Blocked",IF(AND($T41<>"Fixed – Retest Passed",OR(LEN(TRIM($O41))>0,LEN(TRIM($P41))>0)),IF(AND(OR($L41="Medium",$L41="Low"),SUMPRODUCT((Cards!$A$4:$A$1000<>"")*ISNUMBER(SEARCH($A41,Cards!$E$4:$E$1000))*(Cards!$F$4:$F$1000<>"Medium")*(Cards!$F$4:$F$1000<>"Low"))=0),"Conditionally Passed","Failed"),IF($M41="Done","Passed","Not Run"))))) -> Out of Scope | X41: Flow ยังไม่ชัดเจน — พักไว้ก่อน ยังไม่รันในรอบนี้ (ไฮไลต์สีเทา · รอ QA Site / BA ยืนยัน Flow) | Y41: {=IF($A41="","",IF(TRIM($B41)="","-",IFERROR(_xlfn.TEXTJOIN(" / ",TRUE,_xlfn.UNIQUE(_xlfn._xlws.FILTER('Ownership Matrix'!$C$5:$C$200,('Ownership Matrix'!$A$5:$A$200=TRIM($B41))*('Ownership Matrix'!$C$5:$C$200<>"")))),"ไม่พบใน Ownership Matrix")))} -> ไม่พบใน Ownership Matrix | Z41: =IF(NOT(AND($A41<>"",$M41<>"Out of Scope",$M41<>"Canceled",$T41<>"Fixed – Retest Passed",OR(LEN(TRIM($O41))>0,LEN(TRIM($P41))>0))),"",IF(OR($W41="Failed",$R41="Urgent",$R41="High",$R41="ระบุ Severity + Impact"),IF(COUNTIFS(Dashboard!$B$105:$B$124,$O41,Dashboard!$I$105:$I$124,"CAB")>0,"Accepted (CF)","Blocking"),"Deferrable"))
A42: SMK-IPD-010 | B42: IPD | C42: จนท. Lab check-in + ลงผล + แพทย์อ่านผล | D42: จนท. Lab ดำเนินการตรวจและบันทึกผลผู้ป่วย IPD แยกตามประเภท Order ONE DAY แล้วแพทย์อ่านผลต่อเนื่อง | E42: [1] ระบบส่ง Order เข้าคิว Lab (auto, จาก SC7) [2] จนท. Lab ชั้น 3เข้าเมนู ห้องปฎิบัติการ → รายการแล็บ: [2a] รายการแล็บ ที่มาจากการ Order ONE DAY [3] จนท.Lab ชั้น 3 ไปที่ tab รอเช็คอิน [4] จนท.Lab ชั้น 3 กดเข้าไปที่รายการ lab → ไปที่หน้า Patient Profile → รายละเอียด Lab Task [5] จนท.Lab ชั้น 3 กดปุ่ม เช็คอิน (รายละเอียด Lab Task) [6] จนท.Lab ชั้น 3 กดปุ่ม เก็บแล้ว (Container) + พิมพ์สติกเกอร์ ↓(ส่ง Specimens ไปที่ห้อง Lab ชั้น 6) [7] จนท. Lab ชั้น 6 กดปุ่ม รับแล้ว / ปฎิเสธ (Container) (กดรับผ่านระบบ LIS) [8] จนท.Lab ชั้น 3 รอผลจากระบบ LIS (ออกผลผ่านระบบ LIS) [9] แพทย์ ไปที่หน้า Pratient Profile → เมนู Lab result [10] แพทย์ เลือกรายการอ่าน Lab ที่ Status = เสร็จสิ้น → กดปุ่ม Acknowledge [11] แพทย์ กดปุ่ม ดาวน์โหลด หรือ พิมพ์ ผล Lab | G42: {=IF($A42="","",IFERROR(_xlfn.TEXTJOIN(CHAR(10)&CHAR(10),TRUE,_xlfn._xlws.FILTER("• "&Cards!$A$4:$A$1000&" - "&Cards!$B$4:$B$1000&CHAR(10)&" "&IF(Cards!$F$4:$F$1000="","Priority ?",Cards!$F$4:$F$1000)&IF(Cards!$H$4:$H$1000="Yes"," · TOR",IF(Cards!$H$4:$H$1000=""," · TOR?",""))&" | Result: "&IF(Cards!$J$4:$J$1000="","Pending",Cards!$J$4:$J$1000)&" | TC "&Cards!$P$4:$P$1000&"/"&Cards!$O$4:$O$1000&IF(Cards!$L$4:$L$1000="",""," | Gate: "&Cards!$L$4:$L$1000),(Cards!$A$4:$A$1000<>"")*ISNUMBER(SEARCH($A42,Cards!$E$4:$E$1000)))),"-"))} -> - | H42: - Order Lab IPD แสดงผลในแท็บ "รอเช็คอิน" ของห้องปฏิบัติการ ชั้น 3 ได้ถูกต้อง - เช็คอินสำเร็จ สติกเกอร์ Container ถูกสั่งพิมพ์ และเมื่อส่งไปชั้น 6 สามารถกด "รับแล้ว" ผ่านระบบ LIS ได้ - เมื่อระบบ LIS ส่งค่าผลตรวจกลับมา สถานะผล Lab ปรับเป็น "เสร็จสิ้น (Completed)" - แพทย์เปิดดูผลในเมนู Lab Result และเมื่อกดปุ่ม "Acknowledge" ระบบบันทึกเวลาและชื่อแพทย์ผู้อ่านผลเป็นหลักฐาน - สามารถดาวน์โหลดหรือสั่งพิมพ์รายงานผลการตรวจทางห้องปฏิบัติการเป็น PDF ได้สมบูรณ์ | I42: System | J42: Functional | K42: Happy | M42: Out of Scope | R42: =IF(OR($A42="",LEN(TRIM($O42))=0),"",IF(OR($P42="",$Q42=""),"ระบุ Severity + Impact",IFERROR(INDEX({"Urgent","Urgent","High","High";"Urgent","High","High","Medium";"High","High","Medium","Medium";"Medium","Medium","Low","Low"},MATCH($P42,{"Critical","High","Medium","Low"},0),MATCH($Q42,{"Extensive","Significant","Moderate","Minor"},0)),"-"))) | W42: =IF($A42="","",IF(OR($M42="Out of Scope",$M42="Canceled"),"Out of Scope",IF($M42="Blocked","Blocked",IF(AND($T42<>"Fixed – Retest Passed",OR(LEN(TRIM($O42))>0,LEN(TRIM($P42))>0)),IF(AND(OR($L42="Medium",$L42="Low"),SUMPRODUCT((Cards!$A$4:$A$1000<>"")*ISNUMBER(SEARCH($A42,Cards!$E$4:$E$1000))*(Cards!$F$4:$F$1000<>"Medium")*(Cards!$F$4:$F$1000<>"Low"))=0),"Conditionally Passed","Failed"),IF($M42="Done","Passed","Not Run"))))) -> Out of Scope | X42: Flow ยังไม่ชัดเจน — พักไว้ก่อน ยังไม่รันในรอบนี้ (ไฮไลต์สีเทา · รอ QA Site / BA ยืนยัน Flow) | Y42: {=IF($A42="","",IF(TRIM($B42)="","-",IFERROR(_xlfn.TEXTJOIN(" / ",TRUE,_xlfn.UNIQUE(_xlfn._xlws.FILTER('Ownership Matrix'!$C$5:$C$200,('Ownership Matrix'!$A$5:$A$200=TRIM($B42))*('Ownership Matrix'!$C$5:$C$200<>"")))),"ไม่พบใน Ownership Matrix")))} -> ไม่พบใน Ownership Matrix | Z42: =IF(NOT(AND($A42<>"",$M42<>"Out of Scope",$M42<>"Canceled",$T42<>"Fixed – Retest Passed",OR(LEN(TRIM($O42))>0,LEN(TRIM($P42))>0))),"",IF(OR($W42="Failed",$R42="Urgent",$R42="High",$R42="ระบุ Severity + Impact"),IF(COUNTIFS(Dashboard!$B$105:$B$124,$O42,Dashboard!$I$105:$I$124,"CAB")>0,"Accepted (CF)","Blocking"),"Deferrable"))
A43: SMK-IPD-011 | B43: IPD | C43: จนท. Xray check-in + ลงผล + แพทย์อ่านผล (ยังไม่รู้ Flow) | D43: จนท. Xray ดำเนินการตรวจและบันทึกผลผู้ป่วย IPD แยกตามประเภท Order ONE DAY แล้วแพทย์อ่านผลต่อเนื่อง | E43: [1] ระบบส่ง Order เข้าคิว Xray (auto, จาก SC7) [2] จนท. เข้าเมนู ห้องรังสี → รายงานรังสี: [2a] จาก ONE DAY / [2b] จาก CONTINUE [3] จนท. ไปที่ tab รอ Check-in [4] จนท. กดเข้าไปที่รายการ lab → ไปที่หน้า Patient Profile → รายละเอียดรังสี [5] จนท. กดปุ่ม เช็คอิน (รายละเอียดรังสี) + พิมพ์ใบยินยอม + Status Log = Check-in [6] จนท. เลือกประเภทการเช็คอิน → กดปุ่ม ยืนยัน (รายละเอียดรังสี) + Status Log = Check-in [7] จนท. กดปุ่ม เริ่มถ่ายภาพ (รายละเอียดรังสี) + Status Log = เริ่มถ่ายภาพ [8] จนท. กดปุ่ม ถ่ายภาพแล้ว (รายละเอียดรังสี) + Status Log = ถ่ายภาพเสร็จสิ้น [9] จนท. เลือกแพทย์ผู้อ่านผล (รายละเอียดรังสี) → Status = รออ่านผล (รายละเอียดรังสี) + Status Log = ถ่ายภาพเสร็จสิ้น [10] แพทย์. ลงข้อมูล Preparation note + บันทึก [11] พยาบาล. ลงข้อมูล Nurse note + Imaging nurse note + Assessment (A) + Intervention (I) + Evaluation (E) + บันทึก [12] พยาบาล. Imaging nurse note + บันทึก [13] แพทย์. ลงข้อมูล รายงานผลตรวจทางรังสี + บันทึก Status = เสร็จสิ้น (รายละเอียดรังสี) + Status Log = อ่านผล | G43: {=IF($A43="","",IFERROR(_xlfn.TEXTJOIN(CHAR(10)&CHAR(10),TRUE,_xlfn._xlws.FILTER("• "&Cards!$A$4:$A$1000&" - "&Cards!$B$4:$B$1000&CHAR(10)&" "&IF(Cards!$F$4:$F$1000="","Priority ?",Cards!$F$4:$F$1000)&IF(Cards!$H$4:$H$1000="Yes"," · TOR",IF(Cards!$H$4:$H$1000=""," · TOR?",""))&" | Result: "&IF(Cards!$J$4:$J$1000="","Pending",Cards!$J$4:$J$1000)&" | TC "&Cards!$P$4:$P$1000&"/"&Cards!$O$4:$O$1000&IF(Cards!$L$4:$L$1000="",""," | Gate: "&Cards!$L$4:$L$1000),(Cards!$A$4:$A$1000<>"")*ISNUMBER(SEARCH($A43,Cards!$E$4:$E$1000)))),"-"))} -> - | H43: - Order รังสีแสดงในแท็บ "รอ Check-in" ครบถ้วน - กดเช็คอิน พิมพ์ใบยินยอม (Consent Form) สำเร็จ และ Status Log เปลี่ยนเป็น "Check-in" - State ของงานรังสีขยับตามขั้นตอนถูกต้อง: จาก เริ่มถ่ายภาพ > ถ่ายภาพเสร็จสิ้น > รออ่านผล - บันทึก Nurse Note / A-I-E และ Preparation Note ได้ครบถ้วนโดยข้อมูลไม่ทับซ้อนกัน - แพทย์ลงผลอ่านรังสีวิทยาแล้วกดยืนยัน สถานะของ Task เปลี่ยนเป็น "เสร็จสิ้น" และ Status Log บันทึกเป็น "อ่านผล" | I43: System | J43: Functional | K43: Happy | M43: Out of Scope | R43: =IF(OR($A43="",LEN(TRIM($O43))=0),"",IF(OR($P43="",$Q43=""),"ระบุ Severity + Impact",IFERROR(INDEX({"Urgent","Urgent","High","High";"Urgent","High","High","Medium";"High","High","Medium","Medium";"Medium","Medium","Low","Low"},MATCH($P43,{"Critical","High","Medium","Low"},0),MATCH($Q43,{"Extensive","Significant","Moderate","Minor"},0)),"-"))) | W43: =IF($A43="","",IF(OR($M43="Out of Scope",$M43="Canceled"),"Out of Scope",IF($M43="Blocked","Blocked",IF(AND($T43<>"Fixed – Retest Passed",OR(LEN(TRIM($O43))>0,LEN(TRIM($P43))>0)),IF(AND(OR($L43="Medium",$L43="Low"),SUMPRODUCT((Cards!$A$4:$A$1000<>"")*ISNUMBER(SEARCH($A43,Cards!$E$4:$E$1000))*(Cards!$F$4:$F$1000<>"Medium")*(Cards!$F$4:$F$1000<>"Low"))=0),"Conditionally Passed","Failed"),IF($M43="Done","Passed","Not Run"))))) -> Out of Scope | X43: Flow ยังไม่ชัดเจน — พักไว้ก่อน ยังไม่รันในรอบนี้ (ไฮไลต์สีเทา · รอ QA Site / BA ยืนยัน Flow) | Y43: {=IF($A43="","",IF(TRIM($B43)="","-",IFERROR(_xlfn.TEXTJOIN(" / ",TRUE,_xlfn.UNIQUE(_xlfn._xlws.FILTER('Ownership Matrix'!$C$5:$C$200,('Ownership Matrix'!$A$5:$A$200=TRIM($B43))*('Ownership Matrix'!$C$5:$C$200<>"")))),"ไม่พบใน Ownership Matrix")))} -> ไม่พบใน Ownership Matrix | Z43: =IF(NOT(AND($A43<>"",$M43<>"Out of Scope",$M43<>"Canceled",$T43<>"Fixed – Retest Passed",OR(LEN(TRIM($O43))>0,LEN(TRIM($P43))>0))),"",IF(OR($W43="Failed",$R43="Urgent",$R43="High",$R43="ระบุ Severity + Impact"),IF(COUNTIFS(Dashboard!$B$105:$B$124,$O43,Dashboard!$I$105:$I$124,"CAB")>0,"Accepted (CF)","Blocking"),"Deferrable"))
A44: SMK-IPD-012 | B44: IPD | C44: การเงินเรียกเก็บระหว่างพักรักษา (Interim Billing) | D44: ญาติผู้ป่วยชำระค่ารักษาสะสมของผู้ป่วย IPD (ทุก 15 วัน) ตลอดช่วงพักรักษาในโรงพยาบาล | E44: [1] การเงิน: เข้าเมนู Cashier ค้นหาข้อมูลผู้ป่วย ดูข้อมูลบัญชีรายการค่าใช้จ่าย (ยา+Lab+Xray+ค่าห้อง) ทุกรอบ 15 วัน นับจากวัน Admit [2] การเงิน: กดเลือก tab ตามสิทธิ เพื่อตรวจสอบสิทธิ์ + ย้ายรายการ Chage item ไปใช้สิทธิ์ของผู้ป่วย [3] การเงิน: กดเลือก tab รายการ เลือกรายการที่ต้องชำระ + กดสร้างใบแจ้งหนี้ [4] การเงิน: เลือกสิทธิ์การชำระ และ กดปุ่ม จ่าย + กดปุ่ม ยืนยัน (auto print ใบแจ้งหนี้) [5] ระบบจะสร้างใบเสร็จ ที่ผูกกับ รหัสใบแจ้งหนี้ [6] ระบบบันทึกยอดที่ชำระแล้ว หักออกจากยอดค้างสะสม → รอบถัดไปเริ่มนับใหม่ (วนซ้ำทุก 15 วัน จนกว่าจะถึง Discharge — รอบสุดท้าย) | G44: {=IF($A44="","",IFERROR(_xlfn.TEXTJOIN(CHAR(10)&CHAR(10),TRUE,_xlfn._xlws.FILTER("• "&Cards!$A$4:$A$1000&" - "&Cards!$B$4:$B$1000&CHAR(10)&" "&IF(Cards!$F$4:$F$1000="","Priority ?",Cards!$F$4:$F$1000)&IF(Cards!$H$4:$H$1000="Yes"," · TOR",IF(Cards!$H$4:$H$1000=""," · TOR?",""))&" | Result: "&IF(Cards!$J$4:$J$1000="","Pending",Cards!$J$4:$J$1000)&" | TC "&Cards!$P$4:$P$1000&"/"&Cards!$O$4:$O$1000&IF(Cards!$L$4:$L$1000="",""," | Gate: "&Cards!$L$4:$L$1000),(Cards!$A$4:$A$1000<>"")*ISNUMBER(SEARCH($A44,Cards!$E$4:$E$1000)))),"-"))} -> - | H44: - เมนู Cashier ดึงยอดสะสมทุกหมวด (ค่าห้อง, อาหาร, ยา, Lab, X-ray) ตามช่วงเวลา 15 วันได้ครบถ้วน - ย้าย charge-item ไปใช้สิทธิเบิกจ่ายของผู้ป่วยได้ถูกต้องตามเกณฑ์สิทธิ - ระบบสร้างใบแจ้งหนี้และ Auto-print ใบแจ้งหนี้ (Interim Invoice) ได้สมบูรณ์ - ระบบออกเลขที่ใบเสร็จรับเงินที่ผูกติดกับ Invoice ID อย่างถูกต้อง - ยอดหนี้สะสมคงค้างของ AN นี้ถูกหักลดลงตามจำนวนเงินที่จ่ายจริง และระบบตั้งรอบนับเวลาเพื่อคำนวณ Interim รอบถัดไป | I44: System | J44: Functional | K44: Happy | M44: Out of Scope | R44: =IF(OR($A44="",LEN(TRIM($O44))=0),"",IF(OR($P44="",$Q44=""),"ระบุ Severity + Impact",IFERROR(INDEX({"Urgent","Urgent","High","High";"Urgent","High","High","Medium";"High","High","Medium","Medium";"Medium","Medium","Low","Low"},MATCH($P44,{"Critical","High","Medium","Low"},0),MATCH($Q44,{"Extensive","Significant","Moderate","Minor"},0)),"-"))) | W44: =IF($A44="","",IF(OR($M44="Out of Scope",$M44="Canceled"),"Out of Scope",IF($M44="Blocked","Blocked",IF(AND($T44<>"Fixed – Retest Passed",OR(LEN(TRIM($O44))>0,LEN(TRIM($P44))>0)),IF(AND(OR($L44="Medium",$L44="Low"),SUMPRODUCT((Cards!$A$4:$A$1000<>"")*ISNUMBER(SEARCH($A44,Cards!$E$4:$E$1000))*(Cards!$F$4:$F$1000<>"Medium")*(Cards!$F$4:$F$1000<>"Low"))=0),"Conditionally Passed","Failed"),IF($M44="Done","Passed","Not Run"))))) -> Out of Scope | X44: Flow ยังไม่ชัดเจน — พักไว้ก่อน ยังไม่รันในรอบนี้ (ไฮไลต์สีเทา · รอ QA Site / BA ยืนยัน Flow) | Y44: {=IF($A44="","",IF(TRIM($B44)="","-",IFERROR(_xlfn.TEXTJOIN(" / ",TRUE,_xlfn.UNIQUE(_xlfn._xlws.FILTER('Ownership Matrix'!$C$5:$C$200,('Ownership Matrix'!$A$5:$A$200=TRIM($B44))*('Ownership Matrix'!$C$5:$C$200<>"")))),"ไม่พบใน Ownership Matrix")))} -> ไม่พบใน Ownership Matrix | Z44: =IF(NOT(AND($A44<>"",$M44<>"Out of Scope",$M44<>"Canceled",$T44<>"Fixed – Retest Passed",OR(LEN(TRIM($O44))>0,LEN(TRIM($P44))>0))),"",IF(OR($W44="Failed",$R44="Urgent",$R44="High",$R44="ระบุ Severity + Impact"),IF(COUNTIFS(Dashboard!$B$105:$B$124,$O44,Dashboard!$I$105:$I$124,"CAB")>0,"Accepted (CF)","Blocking"),"Deferrable"))
A45: SMK-IPD-013 | B45: IPD | C45: Discharge Process (ปิดยอดครั้งสุดท้าย) | D45: แพทย์อนุมัติจำหน่ายผู้ป่วย IPD แล้วจนท.การเงินปิด Bill ยอดคงเหลือทั้งหมดและปลดเตียงคืนระบบ | E45: [1] แพทย์บันทึก Discharge Summary + วินิจฉัยสุดท้าย [2] แพทย์สั่งยากลับบ้าน (Discharge Medication — ใช้ pattern ตะกร้าเดียวกับ SC7/SC9) [3] แพทย์ยืนยัน Discharge → ลงเอกสาร สรุปจำหน่าย (Discharge Summary) [4] การเงิน: เปิดรายการ IPD รอปิด Bill (ยอดคงเหลือหลังหักที่จ่ายไปแล้วทุก 3 วันจาก SC11) [5] การเงิน: ออกใบแจ้งหนี้ยอดสุดท้าย → เลือกสิทธิ์การชำระ และ กดปุ่ม จ่าย + กดปุ่ม ยืนยัน (auto print ใบแจ้งหนี้) [6] การเงิน: ออกใบเสร็จรับเงิน (พิมพ์ใบเสร็จรับเงิน) [7] การเงิน: กดปุ่ม ปิด Admission [8] รายชื่อผู้ป่วยจะถูกย้ายไปที่ tab ผู้ป่วยจำหน่าย + Status ผู้ป่วย = เสร็จสิ้น | G45: {=IF($A45="","",IFERROR(_xlfn.TEXTJOIN(CHAR(10)&CHAR(10),TRUE,_xlfn._xlws.FILTER("• "&Cards!$A$4:$A$1000&" - "&Cards!$B$4:$B$1000&CHAR(10)&" "&IF(Cards!$F$4:$F$1000="","Priority ?",Cards!$F$4:$F$1000)&IF(Cards!$H$4:$H$1000="Yes"," · TOR",IF(Cards!$H$4:$H$1000=""," · TOR?",""))&" | Result: "&IF(Cards!$J$4:$J$1000="","Pending",Cards!$J$4:$J$1000)&" | TC "&Cards!$P$4:$P$1000&"/"&Cards!$O$4:$O$1000&IF(Cards!$L$4:$L$1000="",""," | Gate: "&Cards!$L$4:$L$1000),(Cards!$A$4:$A$1000<>"")*ISNUMBER(SEARCH($A45,Cards!$E$4:$E$1000)))),"-"))} -> - | H45: - บันทึกแบบสรุปจำหน่าย (Discharge Summary) และสั่งยากลับบ้าน (Home Med) สำเร็จ - ระบบการเงินดึงยอดคงเหลือสุทธิ (Net Balance) หลังหักยอด Interim Billing ที่เคยชำระแล้วได้แม่นยำ - ออกใบแจ้งหนี้ ออกใบเสร็จรับเงินยอดสุดท้าย และสั่งพิมพ์ได้สมบูรณ์ - เมื่อการเงินกด "ปิด Admission" ระบบทำการปิดเคส AN นั้นอย่างเป็นทางการ - รายชื่อผู้ป่วยย้ายไปปรากฏในแท็บ "ผู้ป่วยจำหน่าย" โดยมีสถานะเป็น "เสร็จสิ้น (Discharged)" - ผังเตียง (Bed Management) ปลดล็อกสถานะเตียงเดิมให้กลับมาเป็น "เตียงว่าง (พร้อมทำความสะอาด)" ทันที | I45: System | J45: Functional | K45: Happy | M45: Out of Scope | R45: =IF(OR($A45="",LEN(TRIM($O45))=0),"",IF(OR($P45="",$Q45=""),"ระบุ Severity + Impact",IFERROR(INDEX({"Urgent","Urgent","High","High";"Urgent","High","High","Medium";"High","High","Medium","Medium";"Medium","Medium","Low","Low"},MATCH($P45,{"Critical","High","Medium","Low"},0),MATCH($Q45,{"Extensive","Significant","Moderate","Minor"},0)),"-"))) | W45: =IF($A45="","",IF(OR($M45="Out of Scope",$M45="Canceled"),"Out of Scope",IF($M45="Blocked","Blocked",IF(AND($T45<>"Fixed – Retest Passed",OR(LEN(TRIM($O45))>0,LEN(TRIM($P45))>0)),IF(AND(OR($L45="Medium",$L45="Low"),SUMPRODUCT((Cards!$A$4:$A$1000<>"")*ISNUMBER(SEARCH($A45,Cards!$E$4:$E$1000))*(Cards!$F$4:$F$1000<>"Medium")*(Cards!$F$4:$F$1000<>"Low"))=0),"Conditionally Passed","Failed"),IF($M45="Done","Passed","Not Run"))))) -> Out of Scope | X45: Flow ยังไม่ชัดเจน — พักไว้ก่อน ยังไม่รันในรอบนี้ (ไฮไลต์สีเทา · รอ QA Site / BA ยืนยัน Flow) | Y45: {=IF($A45="","",IF(TRIM($B45)="","-",IFERROR(_xlfn.TEXTJOIN(" / ",TRUE,_xlfn.UNIQUE(_xlfn._xlws.FILTER('Ownership Matrix'!$C$5:$C$200,('Ownership Matrix'!$A$5:$A$200=TRIM($B45))*('Ownership Matrix'!$C$5:$C$200<>"")))),"ไม่พบใน Ownership Matrix")))} -> ไม่พบใน Ownership Matrix | Z45: =IF(NOT(AND($A45<>"",$M45<>"Out of Scope",$M45<>"Canceled",$T45<>"Fixed – Retest Passed",OR(LEN(TRIM($O45))>0,LEN(TRIM($P45))>0))),"",IF(OR($W45="Failed",$R45="Urgent",$R45="High",$R45="ระบุ Severity + Impact"),IF(COUNTIFS(Dashboard!$B$105:$B$124,$O45,Dashboard!$I$105:$I$124,"CAB")>0,"Accepted (CF)","Blocking"),"Deferrable"))
G46: {=IF($A46="","",IFERROR(_xlfn.TEXTJOIN(CHAR(10)&CHAR(10),TRUE,_xlfn._xlws.FILTER("• "&Cards!$A$4:$A$1000&" - "&Cards!$B$4:$B$1000&CHAR(10)&" "&IF(Cards!$F$4:$F$1000="","Priority ?",Cards!$F$4:$F$1000)&IF(Cards!$H$4:$H$1000="Yes"," · TOR",IF(Cards!$H$4:$H$1000=""," · TOR?",""))&" | Result: "&IF(Cards!$J$4:$J$1000="","Pending",Cards!$J$4:$J$1000)&" | TC "&Cards!$P$4:$P$1000&"/"&Cards!$O$4:$O$1000&IF(Cards!$L$4:$L$1000="",""," | Gate: "&Cards!$L$4:$L$1000),(Cards!$A$4:$A$1000<>"")*ISNUMBER(SEARCH($A46,Cards!$E$4:$E$1000)))),"-"))} | R46: =IF(OR($A46="",LEN(TRIM($O46))=0),"",IF(OR($P46="",$Q46=""),"ระบุ Severity + Impact",IFERROR(INDEX({"Urgent","Urgent","High","High";"Urgent","High","High","Medium";"High","High","Medium","Medium";"Medium","Medium","Low","Low"},MATCH($P46,{"Critical","High","Medium","Low"},0),MATCH($Q46,{"Extensive","Significant","Moderate","Minor"},0)),"-"))) | W46: =IF($A46="","",IF(OR($M46="Out of Scope",$M46="Canceled"),"Out of Scope",IF($M46="Blocked","Blocked",IF(AND($T46<>"Fixed – Retest Passed",OR(LEN(TRIM($O46))>0,LEN(TRIM($P46))>0)),IF(AND(OR($L46="Medium",$L46="Low"),SUMPRODUCT((Cards!$A$4:$A$1000<>"")*ISNUMBER(SEARCH($A46,Cards!$E$4:$E$1000))*(Cards!$F$4:$F$1000<>"Medium")*(Cards!$F$4:$F$1000<>"Low"))=0),"Conditionally Passed","Failed"),IF($M46="Done","Passed","Not Run"))))) | Y46: {=IF($A46="","",IF(TRIM($B46)="","-",IFERROR(_xlfn.TEXTJOIN(" / ",TRUE,_xlfn.UNIQUE(_xlfn._xlws.FILTER('Ownership Matrix'!$C$5:$C$200,('Ownership Matrix'!$A$5:$A$200=TRIM($B46))*('Ownership Matrix'!$C$5:$C$200<>"")))),"ไม่พบใน Ownership Matrix")))} | Z46: =IF(NOT(AND($A46<>"",$M46<>"Out of Scope",$M46<>"Canceled",$T46<>"Fixed – Retest Passed",OR(LEN(TRIM($O46))>0,LEN(TRIM($P46))>0))),"",IF(OR($W46="Failed",$R46="Urgent",$R46="High",$R46="ระบุ Severity + Impact"),IF(COUNTIFS(Dashboard!$B$105:$B$124,$O46,Dashboard!$I$105:$I$124,"CAB")>0,"Accepted (CF)","Blocking"),"Deferrable"))
G47: {=IF($A47="","",IFERROR(_xlfn.TEXTJOIN(CHAR(10)&CHAR(10),TRUE,_xlfn._xlws.FILTER("• "&Cards!$A$4:$A$1000&" - "&Cards!$B$4:$B$1000&CHAR(10)&" "&IF(Cards!$F$4:$F$1000="","Priority ?",Cards!$F$4:$F$1000)&IF(Cards!$H$4:$H$1000="Yes"," · TOR",IF(Cards!$H$4:$H$1000=""," · TOR?",""))&" | Result: "&IF(Cards!$J$4:$J$1000="","Pending",Cards!$J$4:$J$1000)&" | TC "&Cards!$P$4:$P$1000&"/"&Cards!$O$4:$O$1000&IF(Cards!$L$4:$L$1000="",""," | Gate: "&Cards!$L$4:$L$1000),(Cards!$A$4:$A$1000<>"")*ISNUMBER(SEARCH($A47,Cards!$E$4:$E$1000)))),"-"))} | R47: =IF(OR($A47="",LEN(TRIM($O47))=0),"",IF(OR($P47="",$Q47=""),"ระบุ Severity + Impact",IFERROR(INDEX({"Urgent","Urgent","High","High";"Urgent","High","High","Medium";"High","High","Medium","Medium";"Medium","Medium","Low","Low"},MATCH($P47,{"Critical","High","Medium","Low"},0),MATCH($Q47,{"Extensive","Significant","Moderate","Minor"},0)),"-"))) | W47: =IF($A47="","",IF(OR($M47="Out of Scope",$M47="Canceled"),"Out of Scope",IF($M47="Blocked","Blocked",IF(AND($T47<>"Fixed – Retest Passed",OR(LEN(TRIM($O47))>0,LEN(TRIM($P47))>0)),IF(AND(OR($L47="Medium",$L47="Low"),SUMPRODUCT((Cards!$A$4:$A$1000<>"")*ISNUMBER(SEARCH($A47,Cards!$E$4:$E$1000))*(Cards!$F$4:$F$1000<>"Medium")*(Cards!$F$4:$F$1000<>"Low"))=0),"Conditionally Passed","Failed"),IF($M47="Done","Passed","Not Run"))))) | Y47: {=IF($A47="","",IF(TRIM($B47)="","-",IFERROR(_xlfn.TEXTJOIN(" / ",TRUE,_xlfn.UNIQUE(_xlfn._xlws.FILTER('Ownership Matrix'!$C$5:$C$200,('Ownership Matrix'!$A$5:$A$200=TRIM($B47))*('Ownership Matrix'!$C$5:$C$200<>"")))),"ไม่พบใน Ownership Matrix")))} | Z47: =IF(NOT(AND($A47<>"",$M47<>"Out of Scope",$M47<>"Canceled",$T47<>"Fixed – Retest Passed",OR(LEN(TRIM($O47))>0,LEN(TRIM($P47))>0))),"",IF(OR($W47="Failed",$R47="Urgent",$R47="High",$R47="ระบุ Severity + Impact"),IF(COUNTIFS(Dashboard!$B$105:$B$124,$O47,Dashboard!$I$105:$I$124,"CAB")>0,"Accepted (CF)","Blocking"),"Deferrable"))
G48: {=IF($A48="","",IFERROR(_xlfn.TEXTJOIN(CHAR(10)&CHAR(10),TRUE,_xlfn._xlws.FILTER("• "&Cards!$A$4:$A$1000&" - "&Cards!$B$4:$B$1000&CHAR(10)&" "&IF(Cards!$F$4:$F$1000="","Priority ?",Cards!$F$4:$F$1000)&IF(Cards!$H$4:$H$1000="Yes"," · TOR",IF(Cards!$H$4:$H$1000=""," · TOR?",""))&" | Result: "&IF(Cards!$J$4:$J$1000="","Pending",Cards!$J$4:$J$1000)&" | TC "&Cards!$P$4:$P$1000&"/"&Cards!$O$4:$O$1000&IF(Cards!$L$4:$L$1000="",""," | Gate: "&Cards!$L$4:$L$1000),(Cards!$A$4:$A$1000<>"")*ISNUMBER(SEARCH($A48,Cards!$E$4:$E$1000)))),"-"))} | R48: =IF(OR($A48="",LEN(TRIM($O48))=0),"",IF(OR($P48="",$Q48=""),"ระบุ Severity + Impact",IFERROR(INDEX({"Urgent","Urgent","High","High";"Urgent","High","High","Medium";"High","High","Medium","Medium";"Medium","Medium","Low","Low"},MATCH($P48,{"Critical","High","Medium","Low"},0),MATCH($Q48,{"Extensive","Significant","Moderate","Minor"},0)),"-"))) | W48: =IF($A48="","",IF(OR($M48="Out of Scope",$M48="Canceled"),"Out of Scope",IF($M48="Blocked","Blocked",IF(AND($T48<>"Fixed – Retest Passed",OR(LEN(TRIM($O48))>0,LEN(TRIM($P48))>0)),IF(AND(OR($L48="Medium",$L48="Low"),SUMPRODUCT((Cards!$A$4:$A$1000<>"")*ISNUMBER(SEARCH($A48,Cards!$E$4:$E$1000))*(Cards!$F$4:$F$1000<>"Medium")*(Cards!$F$4:$F$1000<>"Low"))=0),"Conditionally Passed","Failed"),IF($M48="Done","Passed","Not Run"))))) | Y48: {=IF($A48="","",IF(TRIM($B48)="","-",IFERROR(_xlfn.TEXTJOIN(" / ",TRUE,_xlfn.UNIQUE(_xlfn._xlws.FILTER('Ownership Matrix'!$C$5:$C$200,('Ownership Matrix'!$A$5:$A$200=TRIM($B48))*('Ownership Matrix'!$C$5:$C$200<>"")))),"ไม่พบใน Ownership Matrix")))} | Z48: =IF(NOT(AND($A48<>"",$M48<>"Out of Scope",$M48<>"Canceled",$T48<>"Fixed – Retest Passed",OR(LEN(TRIM($O48))>0,LEN(TRIM($P48))>0))),"",IF(OR($W48="Failed",$R48="Urgent",$R48="High",$R48="ระบุ Severity + Impact"),IF(COUNTIFS(Dashboard!$B$105:$B$124,$O48,Dashboard!$I$105:$I$124,"CAB")>0,"Accepted (CF)","Blocking"),"Deferrable"))
G49: {=IF($A49="","",IFERROR(_xlfn.TEXTJOIN(CHAR(10)&CHAR(10),TRUE,_xlfn._xlws.FILTER("• "&Cards!$A$4:$A$1000&" - "&Cards!$B$4:$B$1000&CHAR(10)&" "&IF(Cards!$F$4:$F$1000="","Priority ?",Cards!$F$4:$F$1000)&IF(Cards!$H$4:$H$1000="Yes"," · TOR",IF(Cards!$H$4:$H$1000=""," · TOR?",""))&" | Result: "&IF(Cards!$J$4:$J$1000="","Pending",Cards!$J$4:$J$1000)&" | TC "&Cards!$P$4:$P$1000&"/"&Cards!$O$4:$O$1000&IF(Cards!$L$4:$L$1000="",""," | Gate: "&Cards!$L$4:$L$1000),(Cards!$A$4:$A$1000<>"")*ISNUMBER(SEARCH($A49,Cards!$E$4:$E$1000)))),"-"))} | R49: =IF(OR($A49="",LEN(TRIM($O49))=0),"",IF(OR($P49="",$Q49=""),"ระบุ Severity + Impact",IFERROR(INDEX({"Urgent","Urgent","High","High";"Urgent","High","High","Medium";"High","High","Medium","Medium";"Medium","Medium","Low","Low"},MATCH($P49,{"Critical","High","Medium","Low"},0),MATCH($Q49,{"Extensive","Significant","Moderate","Minor"},0)),"-"))) | W49: =IF($A49="","",IF(OR($M49="Out of Scope",$M49="Canceled"),"Out of Scope",IF($M49="Blocked","Blocked",IF(AND($T49<>"Fixed – Retest Passed",OR(LEN(TRIM($O49))>0,LEN(TRIM($P49))>0)),IF(AND(OR($L49="Medium",$L49="Low"),SUMPRODUCT((Cards!$A$4:$A$1000<>"")*ISNUMBER(SEARCH($A49,Cards!$E$4:$E$1000))*(Cards!$F$4:$F$1000<>"Medium")*(Cards!$F$4:$F$1000<>"Low"))=0),"Conditionally Passed","Failed"),IF($M49="Done","Passed","Not Run"))))) | Y49: {=IF($A49="","",IF(TRIM($B49)="","-",IFERROR(_xlfn.TEXTJOIN(" / ",TRUE,_xlfn.UNIQUE(_xlfn._xlws.FILTER('Ownership Matrix'!$C$5:$C$200,('Ownership Matrix'!$A$5:$A$200=TRIM($B49))*('Ownership Matrix'!$C$5:$C$200<>"")))),"ไม่พบใน Ownership Matrix")))} | Z49: =IF(NOT(AND($A49<>"",$M49<>"Out of Scope",$M49<>"Canceled",$T49<>"Fixed – Retest Passed",OR(LEN(TRIM($O49))>0,LEN(TRIM($P49))>0))),"",IF(OR($W49="Failed",$R49="Urgent",$R49="High",$R49="ระบุ Severity + Impact"),IF(COUNTIFS(Dashboard!$B$105:$B$124,$O49,Dashboard!$I$105:$I$124,"CAB")>0,"Accepted (CF)","Blocking"),"Deferrable"))
G50: {=IF($A50="","",IFERROR(_xlfn.TEXTJOIN(CHAR(10)&CHAR(10),TRUE,_xlfn._xlws.FILTER("• "&Cards!$A$4:$A$1000&" - "&Cards!$B$4:$B$1000&CHAR(10)&" "&IF(Cards!$F$4:$F$1000="","Priority ?",Cards!$F$4:$F$1000)&IF(Cards!$H$4:$H$1000="Yes"," · TOR",IF(Cards!$H$4:$H$1000=""," · TOR?",""))&" | Result: "&IF(Cards!$J$4:$J$1000="","Pending",Cards!$J$4:$J$1000)&" | TC "&Cards!$P$4:$P$1000&"/"&Cards!$O$4:$O$1000&IF(Cards!$L$4:$L$1000="",""," | Gate: "&Cards!$L$4:$L$1000),(Cards!$A$4:$A$1000<>"")*ISNUMBER(SEARCH($A50,Cards!$E$4:$E$1000)))),"-"))} | R50: =IF(OR($A50="",LEN(TRIM($O50))=0),"",IF(OR($P50="",$Q50=""),"ระบุ Severity + Impact",IFERROR(INDEX({"Urgent","Urgent","High","High";"Urgent","High","High","Medium";"High","High","Medium","Medium";"Medium","Medium","Low","Low"},MATCH($P50,{"Critical","High","Medium","Low"},0),MATCH($Q50,{"Extensive","Significant","Moderate","Minor"},0)),"-"))) | W50: =IF($A50="","",IF(OR($M50="Out of Scope",$M50="Canceled"),"Out of Scope",IF($M50="Blocked","Blocked",IF(AND($T50<>"Fixed – Retest Passed",OR(LEN(TRIM($O50))>0,LEN(TRIM($P50))>0)),IF(AND(OR($L50="Medium",$L50="Low"),SUMPRODUCT((Cards!$A$4:$A$1000<>"")*ISNUMBER(SEARCH($A50,Cards!$E$4:$E$1000))*(Cards!$F$4:$F$1000<>"Medium")*(Cards!$F$4:$F$1000<>"Low"))=0),"Conditionally Passed","Failed"),IF($M50="Done","Passed","Not Run"))))) | Y50: {=IF($A50="","",IF(TRIM($B50)="","-",IFERROR(_xlfn.TEXTJOIN(" / ",TRUE,_xlfn.UNIQUE(_xlfn._xlws.FILTER('Ownership Matrix'!$C$5:$C$200,('Ownership Matrix'!$A$5:$A$200=TRIM($B50))*('Ownership Matrix'!$C$5:$C$200<>"")))),"ไม่พบใน Ownership Matrix")))} | Z50: =IF(NOT(AND($A50<>"",$M50<>"Out of Scope",$M50<>"Canceled",$T50<>"Fixed – Retest Passed",OR(LEN(TRIM($O50))>0,LEN(TRIM($P50))>0))),"",IF(OR($W50="Failed",$R50="Urgent",$R50="High",$R50="ระบุ Severity + Impact"),IF(COUNTIFS(Dashboard!$B$105:$B$124,$O50,Dashboard!$I$105:$I$124,"CAB")>0,"Accepted (CF)","Blocking"),"Deferrable"))
G51: {=IF($A51="","",IFERROR(_xlfn.TEXTJOIN(CHAR(10)&CHAR(10),TRUE,_xlfn._xlws.FILTER("• "&Cards!$A$4:$A$1000&" - "&Cards!$B$4:$B$1000&CHAR(10)&" "&IF(Cards!$F$4:$F$1000="","Priority ?",Cards!$F$4:$F$1000)&IF(Cards!$H$4:$H$1000="Yes"," · TOR",IF(Cards!$H$4:$H$1000=""," · TOR?",""))&" | Result: "&IF(Cards!$J$4:$J$1000="","Pending",Cards!$J$4:$J$1000)&" | TC "&Cards!$P$4:$P$1000&"/"&Cards!$O$4:$O$1000&IF(Cards!$L$4:$L$1000="",""," | Gate: "&Cards!$L$4:$L$1000),(Cards!$A$4:$A$1000<>"")*ISNUMBER(SEARCH($A51,Cards!$E$4:$E$1000)))),"-"))} | R51: =IF(OR($A51="",LEN(TRIM($O51))=0),"",IF(OR($P51="",$Q51=""),"ระบุ Severity + Impact",IFERROR(INDEX({"Urgent","Urgent","High","High";"Urgent","High","High","Medium";"High","High","Medium","Medium";"Medium","Medium","Low","Low"},MATCH($P51,{"Critical","High","Medium","Low"},0),MATCH($Q51,{"Extensive","Significant","Moderate","Minor"},0)),"-"))) | W51: =IF($A51="","",IF(OR($M51="Out of Scope",$M51="Canceled"),"Out of Scope",IF($M51="Blocked","Blocked",IF(AND($T51<>"Fixed – Retest Passed",OR(LEN(TRIM($O51))>0,LEN(TRIM($P51))>0)),IF(AND(OR($L51="Medium",$L51="Low"),SUMPRODUCT((Cards!$A$4:$A$1000<>"")*ISNUMBER(SEARCH($A51,Cards!$E$4:$E$1000))*(Cards!$F$4:$F$1000<>"Medium")*(Cards!$F$4:$F$1000<>"Low"))=0),"Conditionally Passed","Failed"),IF($M51="Done","Passed","Not Run"))))) | Y51: {=IF($A51="","",IF(TRIM($B51)="","-",IFERROR(_xlfn.TEXTJOIN(" / ",TRUE,_xlfn.UNIQUE(_xlfn._xlws.FILTER('Ownership Matrix'!$C$5:$C$200,('Ownership Matrix'!$A$5:$A$200=TRIM($B51))*('Ownership Matrix'!$C$5:$C$200<>"")))),"ไม่พบใน Ownership Matrix")))} | Z51: =IF(NOT(AND($A51<>"",$M51<>"Out of Scope",$M51<>"Canceled",$T51<>"Fixed – Retest Passed",OR(LEN(TRIM($O51))>0,LEN(TRIM($P51))>0))),"",IF(OR($W51="Failed",$R51="Urgent",$R51="High",$R51="ระบุ Severity + Impact"),IF(COUNTIFS(Dashboard!$B$105:$B$124,$O51,Dashboard!$I$105:$I$124,"CAB")>0,"Accepted (CF)","Blocking"),"Deferrable"))
G52: {=IF($A52="","",IFERROR(_xlfn.TEXTJOIN(CHAR(10)&CHAR(10),TRUE,_xlfn._xlws.FILTER("• "&Cards!$A$4:$A$1000&" - "&Cards!$B$4:$B$1000&CHAR(10)&" "&IF(Cards!$F$4:$F$1000="","Priority ?",Cards!$F$4:$F$1000)&IF(Cards!$H$4:$H$1000="Yes"," · TOR",IF(Cards!$H$4:$H$1000=""," · TOR?",""))&" | Result: "&IF(Cards!$J$4:$J$1000="","Pending",Cards!$J$4:$J$1000)&" | TC "&Cards!$P$4:$P$1000&"/"&Cards!$O$4:$O$1000&IF(Cards!$L$4:$L$1000="",""," | Gate: "&Cards!$L$4:$L$1000),(Cards!$A$4:$A$1000<>"")*ISNUMBER(SEARCH($A52,Cards!$E$4:$E$1000)))),"-"))} | R52: =IF(OR($A52="",LEN(TRIM($O52))=0),"",IF(OR($P52="",$Q52=""),"ระบุ Severity + Impact",IFERROR(INDEX({"Urgent","Urgent","High","High";"Urgent","High","High","Medium";"High","High","Medium","Medium";"Medium","Medium","Low","Low"},MATCH($P52,{"Critical","High","Medium","Low"},0),MATCH($Q52,{"Extensive","Significant","Moderate","Minor"},0)),"-"))) | W52: =IF($A52="","",IF(OR($M52="Out of Scope",$M52="Canceled"),"Out of Scope",IF($M52="Blocked","Blocked",IF(AND($T52<>"Fixed – Retest Passed",OR(LEN(TRIM($O52))>0,LEN(TRIM($P52))>0)),IF(AND(OR($L52="Medium",$L52="Low"),SUMPRODUCT((Cards!$A$4:$A$1000<>"")*ISNUMBER(SEARCH($A52,Cards!$E$4:$E$1000))*(Cards!$F$4:$F$1000<>"Medium")*(Cards!$F$4:$F$1000<>"Low"))=0),"Conditionally Passed","Failed"),IF($M52="Done","Passed","Not Run"))))) | Y52: {=IF($A52="","",IF(TRIM($B52)="","-",IFERROR(_xlfn.TEXTJOIN(" / ",TRUE,_xlfn.UNIQUE(_xlfn._xlws.FILTER('Ownership Matrix'!$C$5:$C$200,('Ownership Matrix'!$A$5:$A$200=TRIM($B52))*('Ownership Matrix'!$C$5:$C$200<>"")))),"ไม่พบใน Ownership Matrix")))} | Z52: =IF(NOT(AND($A52<>"",$M52<>"Out of Scope",$M52<>"Canceled",$T52<>"Fixed – Retest Passed",OR(LEN(TRIM($O52))>0,LEN(TRIM($P52))>0))),"",IF(OR($W52="Failed",$R52="Urgent",$R52="High",$R52="ระบุ Severity + Impact"),IF(COUNTIFS(Dashboard!$B$105:$B$124,$O52,Dashboard!$I$105:$I$124,"CAB")>0,"Accepted (CF)","Blocking"),"Deferrable"))
G53: {=IF($A53="","",IFERROR(_xlfn.TEXTJOIN(CHAR(10)&CHAR(10),TRUE,_xlfn._xlws.FILTER("• "&Cards!$A$4:$A$1000&" - "&Cards!$B$4:$B$1000&CHAR(10)&" "&IF(Cards!$F$4:$F$1000="","Priority ?",Cards!$F$4:$F$1000)&IF(Cards!$H$4:$H$1000="Yes"," · TOR",IF(Cards!$H$4:$H$1000=""," · TOR?",""))&" | Result: "&IF(Cards!$J$4:$J$1000="","Pending",Cards!$J$4:$J$1000)&" | TC "&Cards!$P$4:$P$1000&"/"&Cards!$O$4:$O$1000&IF(Cards!$L$4:$L$1000="",""," | Gate: "&Cards!$L$4:$L$1000),(Cards!$A$4:$A$1000<>"")*ISNUMBER(SEARCH($A53,Cards!$E$4:$E$1000)))),"-"))} | R53: =IF(OR($A53="",LEN(TRIM($O53))=0),"",IF(OR($P53="",$Q53=""),"ระบุ Severity + Impact",IFERROR(INDEX({"Urgent","Urgent","High","High";"Urgent","High","High","Medium";"High","High","Medium","Medium";"Medium","Medium","Low","Low"},MATCH($P53,{"Critical","High","Medium","Low"},0),MATCH($Q53,{"Extensive","Significant","Moderate","Minor"},0)),"-"))) | W53: =IF($A53="","",IF(OR($M53="Out of Scope",$M53="Canceled"),"Out of Scope",IF($M53="Blocked","Blocked",IF(AND($T53<>"Fixed – Retest Passed",OR(LEN(TRIM($O53))>0,LEN(TRIM($P53))>0)),IF(AND(OR($L53="Medium",$L53="Low"),SUMPRODUCT((Cards!$A$4:$A$1000<>"")*ISNUMBER(SEARCH($A53,Cards!$E$4:$E$1000))*(Cards!$F$4:$F$1000<>"Medium")*(Cards!$F$4:$F$1000<>"Low"))=0),"Conditionally Passed","Failed"),IF($M53="Done","Passed","Not Run"))))) | Y53: {=IF($A53="","",IF(TRIM($B53)="","-",IFERROR(_xlfn.TEXTJOIN(" / ",TRUE,_xlfn.UNIQUE(_xlfn._xlws.FILTER('Ownership Matrix'!$C$5:$C$200,('Ownership Matrix'!$A$5:$A$200=TRIM($B53))*('Ownership Matrix'!$C$5:$C$200<>"")))),"ไม่พบใน Ownership Matrix")))} | Z53: =IF(NOT(AND($A53<>"",$M53<>"Out of Scope",$M53<>"Canceled",$T53<>"Fixed – Retest Passed",OR(LEN(TRIM($O53))>0,LEN(TRIM($P53))>0))),"",IF(OR($W53="Failed",$R53="Urgent",$R53="High",$R53="ระบุ Severity + Impact"),IF(COUNTIFS(Dashboard!$B$105:$B$124,$O53,Dashboard!$I$105:$I$124,"CAB")>0,"Accepted (CF)","Blocking"),"Deferrable"))
G54: {=IF($A54="","",IFERROR(_xlfn.TEXTJOIN(CHAR(10)&CHAR(10),TRUE,_xlfn._xlws.FILTER("• "&Cards!$A$4:$A$1000&" - "&Cards!$B$4:$B$1000&CHAR(10)&" "&IF(Cards!$F$4:$F$1000="","Priority ?",Cards!$F$4:$F$1000)&IF(Cards!$H$4:$H$1000="Yes"," · TOR",IF(Cards!$H$4:$H$1000=""," · TOR?",""))&" | Result: "&IF(Cards!$J$4:$J$1000="","Pending",Cards!$J$4:$J$1000)&" | TC "&Cards!$P$4:$P$1000&"/"&Cards!$O$4:$O$1000&IF(Cards!$L$4:$L$1000="",""," | Gate: "&Cards!$L$4:$L$1000),(Cards!$A$4:$A$1000<>"")*ISNUMBER(SEARCH($A54,Cards!$E$4:$E$1000)))),"-"))} | R54: =IF(OR($A54="",LEN(TRIM($O54))=0),"",IF(OR($P54="",$Q54=""),"ระบุ Severity + Impact",IFERROR(INDEX({"Urgent","Urgent","High","High";"Urgent","High","High","Medium";"High","High","Medium","Medium";"Medium","Medium","Low","Low"},MATCH($P54,{"Critical","High","Medium","Low"},0),MATCH($Q54,{"Extensive","Significant","Moderate","Minor"},0)),"-"))) | W54: =IF($A54="","",IF(OR($M54="Out of Scope",$M54="Canceled"),"Out of Scope",IF($M54="Blocked","Blocked",IF(AND($T54<>"Fixed – Retest Passed",OR(LEN(TRIM($O54))>0,LEN(TRIM($P54))>0)),IF(AND(OR($L54="Medium",$L54="Low"),SUMPRODUCT((Cards!$A$4:$A$1000<>"")*ISNUMBER(SEARCH($A54,Cards!$E$4:$E$1000))*(Cards!$F$4:$F$1000<>"Medium")*(Cards!$F$4:$F$1000<>"Low"))=0),"Conditionally Passed","Failed"),IF($M54="Done","Passed","Not Run"))))) | Y54: {=IF($A54="","",IF(TRIM($B54)="","-",IFERROR(_xlfn.TEXTJOIN(" / ",TRUE,_xlfn.UNIQUE(_xlfn._xlws.FILTER('Ownership Matrix'!$C$5:$C$200,('Ownership Matrix'!$A$5:$A$200=TRIM($B54))*('Ownership Matrix'!$C$5:$C$200<>"")))),"ไม่พบใน Ownership Matrix")))} | Z54: =IF(NOT(AND($A54<>"",$M54<>"Out of Scope",$M54<>"Canceled",$T54<>"Fixed – Retest Passed",OR(LEN(TRIM($O54))>0,LEN(TRIM($P54))>0))),"",IF(OR($W54="Failed",$R54="Urgent",$R54="High",$R54="ระบุ Severity + Impact"),IF(COUNTIFS(Dashboard!$B$105:$B$124,$O54,Dashboard!$I$105:$I$124,"CAB")>0,"Accepted (CF)","Blocking"),"Deferrable"))
G55: {=IF($A55="","",IFERROR(_xlfn.TEXTJOIN(CHAR(10)&CHAR(10),TRUE,_xlfn._xlws.FILTER("• "&Cards!$A$4:$A$1000&" - "&Cards!$B$4:$B$1000&CHAR(10)&" "&IF(Cards!$F$4:$F$1000="","Priority ?",Cards!$F$4:$F$1000)&IF(Cards!$H$4:$H$1000="Yes"," · TOR",IF(Cards!$H$4:$H$1000=""," · TOR?",""))&" | Result: "&IF(Cards!$J$4:$J$1000="","Pending",Cards!$J$4:$J$1000)&" | TC "&Cards!$P$4:$P$1000&"/"&Cards!$O$4:$O$1000&IF(Cards!$L$4:$L$1000="",""," | Gate: "&Cards!$L$4:$L$1000),(Cards!$A$4:$A$1000<>"")*ISNUMBER(SEARCH($A55,Cards!$E$4:$E$1000)))),"-"))} | R55: =IF(OR($A55="",LEN(TRIM($O55))=0),"",IF(OR($P55="",$Q55=""),"ระบุ Severity + Impact",IFERROR(INDEX({"Urgent","Urgent","High","High";"Urgent","High","High","Medium";"High","High","Medium","Medium";"Medium","Medium","Low","Low"},MATCH($P55,{"Critical","High","Medium","Low"},0),MATCH($Q55,{"Extensive","Significant","Moderate","Minor"},0)),"-"))) | W55: =IF($A55="","",IF(OR($M55="Out of Scope",$M55="Canceled"),"Out of Scope",IF($M55="Blocked","Blocked",IF(AND($T55<>"Fixed – Retest Passed",OR(LEN(TRIM($O55))>0,LEN(TRIM($P55))>0)),IF(AND(OR($L55="Medium",$L55="Low"),SUMPRODUCT((Cards!$A$4:$A$1000<>"")*ISNUMBER(SEARCH($A55,Cards!$E$4:$E$1000))*(Cards!$F$4:$F$1000<>"Medium")*(Cards!$F$4:$F$1000<>"Low"))=0),"Conditionally Passed","Failed"),IF($M55="Done","Passed","Not Run"))))) | Y55: {=IF($A55="","",IF(TRIM($B55)="","-",IFERROR(_xlfn.TEXTJOIN(" / ",TRUE,_xlfn.UNIQUE(_xlfn._xlws.FILTER('Ownership Matrix'!$C$5:$C$200,('Ownership Matrix'!$A$5:$A$200=TRIM($B55))*('Ownership Matrix'!$C$5:$C$200<>"")))),"ไม่พบใน Ownership Matrix")))} | Z55: =IF(NOT(AND($A55<>"",$M55<>"Out of Scope",$M55<>"Canceled",$T55<>"Fixed – Retest Passed",OR(LEN(TRIM($O55))>0,LEN(TRIM($P55))>0))),"",IF(OR($W55="Failed",$R55="Urgent",$R55="High",$R55="ระบุ Severity + Impact"),IF(COUNTIFS(Dashboard!$B$105:$B$124,$O55,Dashboard!$I$105:$I$124,"CAB")>0,"Accepted (CF)","Blocking"),"Deferrable"))
G56: {=IF($A56="","",IFERROR(_xlfn.TEXTJOIN(CHAR(10)&CHAR(10),TRUE,_xlfn._xlws.FILTER("• "&Cards!$A$4:$A$1000&" - "&Cards!$B$4:$B$1000&CHAR(10)&" "&IF(Cards!$F$4:$F$1000="","Priority ?",Cards!$F$4:$F$1000)&IF(Cards!$H$4:$H$1000="Yes"," · TOR",IF(Cards!$H$4:$H$1000=""," · TOR?",""))&" | Result: "&IF(Cards!$J$4:$J$1000="","Pending",Cards!$J$4:$J$1000)&" | TC "&Cards!$P$4:$P$1000&"/"&Cards!$O$4:$O$1000&IF(Cards!$L$4:$L$1000="",""," | Gate: "&Cards!$L$4:$L$1000),(Cards!$A$4:$A$1000<>"")*ISNUMBER(SEARCH($A56,Cards!$E$4:$E$1000)))),"-"))} | R56: =IF(OR($A56="",LEN(TRIM($O56))=0),"",IF(OR($P56="",$Q56=""),"ระบุ Severity + Impact",IFERROR(INDEX({"Urgent","Urgent","High","High";"Urgent","High","High","Medium";"High","High","Medium","Medium";"Medium","Medium","Low","Low"},MATCH($P56,{"Critical","High","Medium","Low"},0),MATCH($Q56,{"Extensive","Significant","Moderate","Minor"},0)),"-"))) | W56: =IF($A56="","",IF(OR($M56="Out of Scope",$M56="Canceled"),"Out of Scope",IF($M56="Blocked","Blocked",IF(AND($T56<>"Fixed – Retest Passed",OR(LEN(TRIM($O56))>0,LEN(TRIM($P56))>0)),IF(AND(OR($L56="Medium",$L56="Low"),SUMPRODUCT((Cards!$A$4:$A$1000<>"")*ISNUMBER(SEARCH($A56,Cards!$E$4:$E$1000))*(Cards!$F$4:$F$1000<>"Medium")*(Cards!$F$4:$F$1000<>"Low"))=0),"Conditionally Passed","Failed"),IF($M56="Done","Passed","Not Run"))))) | Y56: {=IF($A56="","",IF(TRIM($B56)="","-",IFERROR(_xlfn.TEXTJOIN(" / ",TRUE,_xlfn.UNIQUE(_xlfn._xlws.FILTER('Ownership Matrix'!$C$5:$C$200,('Ownership Matrix'!$A$5:$A$200=TRIM($B56))*('Ownership Matrix'!$C$5:$C$200<>"")))),"ไม่พบใน Ownership Matrix")))} | Z56: =IF(NOT(AND($A56<>"",$M56<>"Out of Scope",$M56<>"Canceled",$T56<>"Fixed – Retest Passed",OR(LEN(TRIM($O56))>0,LEN(TRIM($P56))>0))),"",IF(OR($W56="Failed",$R56="Urgent",$R56="High",$R56="ระบุ Severity + Impact"),IF(COUNTIFS(Dashboard!$B$105:$B$124,$O56,Dashboard!$I$105:$I$124,"CAB")>0,"Accepted (CF)","Blocking"),"Deferrable"))
G57: {=IF($A57="","",IFERROR(_xlfn.TEXTJOIN(CHAR(10)&CHAR(10),TRUE,_xlfn._xlws.FILTER("• "&Cards!$A$4:$A$1000&" - "&Cards!$B$4:$B$1000&CHAR(10)&" "&IF(Cards!$F$4:$F$1000="","Priority ?",Cards!$F$4:$F$1000)&IF(Cards!$H$4:$H$1000="Yes"," · TOR",IF(Cards!$H$4:$H$1000=""," · TOR?",""))&" | Result: "&IF(Cards!$J$4:$J$1000="","Pending",Cards!$J$4:$J$1000)&" | TC "&Cards!$P$4:$P$1000&"/"&Cards!$O$4:$O$1000&IF(Cards!$L$4:$L$1000="",""," | Gate: "&Cards!$L$4:$L$1000),(Cards!$A$4:$A$1000<>"")*ISNUMBER(SEARCH($A57,Cards!$E$4:$E$1000)))),"-"))} | R57: =IF(OR($A57="",LEN(TRIM($O57))=0),"",IF(OR($P57="",$Q57=""),"ระบุ Severity + Impact",IFERROR(INDEX({"Urgent","Urgent","High","High";"Urgent","High","High","Medium";"High","High","Medium","Medium";"Medium","Medium","Low","Low"},MATCH($P57,{"Critical","High","Medium","Low"},0),MATCH($Q57,{"Extensive","Significant","Moderate","Minor"},0)),"-"))) | W57: =IF($A57="","",IF(OR($M57="Out of Scope",$M57="Canceled"),"Out of Scope",IF($M57="Blocked","Blocked",IF(AND($T57<>"Fixed – Retest Passed",OR(LEN(TRIM($O57))>0,LEN(TRIM($P57))>0)),IF(AND(OR($L57="Medium",$L57="Low"),SUMPRODUCT((Cards!$A$4:$A$1000<>"")*ISNUMBER(SEARCH($A57,Cards!$E$4:$E$1000))*(Cards!$F$4:$F$1000<>"Medium")*(Cards!$F$4:$F$1000<>"Low"))=0),"Conditionally Passed","Failed"),IF($M57="Done","Passed","Not Run"))))) | Y57: {=IF($A57="","",IF(TRIM($B57)="","-",IFERROR(_xlfn.TEXTJOIN(" / ",TRUE,_xlfn.UNIQUE(_xlfn._xlws.FILTER('Ownership Matrix'!$C$5:$C$200,('Ownership Matrix'!$A$5:$A$200=TRIM($B57))*('Ownership Matrix'!$C$5:$C$200<>"")))),"ไม่พบใน Ownership Matrix")))} | Z57: =IF(NOT(AND($A57<>"",$M57<>"Out of Scope",$M57<>"Canceled",$T57<>"Fixed – Retest Passed",OR(LEN(TRIM($O57))>0,LEN(TRIM($P57))>0))),"",IF(OR($W57="Failed",$R57="Urgent",$R57="High",$R57="ระบุ Severity + Impact"),IF(COUNTIFS(Dashboard!$B$105:$B$124,$O57,Dashboard!$I$105:$I$124,"CAB")>0,"Accepted (CF)","Blocking"),"Deferrable"))
... G1000: {=IF($A1000="","",IFERROR(_xlfn.TEXTJOIN(CHAR(10)&CHAR(10),TRUE,_xlfn._xlws.FILTER("• "&Cards!$A$4:$A$1000&" - "&Cards!$B$4:$B$1000&CHAR(10)&" "&IF(Cards!$F$4:$F$1000="","Priority ?",Cards!$F$4:$F$1000)&IF(Cards!$H$4:$H$1000="Yes"," · TOR",IF(Cards!$H$4:$H$1000=""," · TOR?",""))&" | Result: "&IF(Cards!$J$4:$J$1000="","Pending",Cards!$J$4:$J$1000)&" | TC "&Cards!$P$4:$P$1000&"/"&Cards!$O$4:$O$1000&IF(Cards!$L$4:$L$1000="",""," | Gate: "&Cards!$L$4:$L$1000),(Cards!$A$4:$A$1000<>"")*ISNUMBER(SEARCH($A1000,Cards!$E$4:$E$1000)))),"-"))} | R1000: =IF(OR($A1000="",LEN(TRIM($O1000))=0),"",IF(OR($P1000="",$Q1000=""),"ระบุ Severity + Impact",IFERROR(INDEX({"Urgent","Urgent","High","High";"Urgent","High","High","Medium";"High","High","Medium","Medium";"Medium","Medium","Low","Low"},MATCH($P1000,{"Critical","High","Medium","Low"},0),MATCH($Q1000,{"Extensive","Significant","Moderate","Minor"},0)),"-"))) | W1000: =IF($A1000="","",IF(OR($M1000="Out of Scope",$M1000="Canceled"),"Out of Scope",IF($M1000="Blocked","Blocked",IF(AND($T1000<>"Fixed – Retest Passed",OR(LEN(TRIM($O1000))>0,LEN(TRIM($P1000))>0)),IF(AND(OR($L1000="Medium",$L1000="Low"),SUMPRODUCT((Cards!$A$4:$A$1000<>"")*ISNUMBER(SEARCH($A1000,Cards!$E$4:$E$1000))*(Cards!$F$4:$F$1000<>"Medium")*(Cards!$F$4:$F$1000<>"Low"))=0),"Conditionally Passed","Failed"),IF($M1000="Done","Passed","Not Run"))))) | Y1000: {=IF($A1000="","",IF(TRIM($B1000)="","-",IFERROR(_xlfn.TEXTJOIN(" / ",TRUE,_xlfn.UNIQUE(_xlfn._xlws.FILTER('Ownership Matrix'!$C$5:$C$200,('Ownership Matrix'!$A$5:$A$200=TRIM($B1000))*('Ownership Matrix'!$C$5:$C$200<>"")))),"ไม่พบใน Ownership Matrix")))} | Z1000: =IF(NOT(AND($A1000<>"",$M1000<>"Out of Scope",$M1000<>"Canceled",$T1000<>"Fixed – Retest Passed",OR(LEN(TRIM($O1000))>0,LEN(TRIM($P1000))>0))),"",IF(OR($W1000="Failed",$R1000="Urgent",$R1000="High",$R1000="ระบุ Severity + Impact"),IF(COUNTIFS(Dashboard!$B$105:$B$124,$O1000,Dashboard!$I$105:$I$124,"CAB")>0,"Accepted (CF)","Blocking"),"Deferrable"))

Sheet Cards
A1: 💡 TIP: คอลัมน์ A ถึง C ก๊อปวางจาก Linear ได้เลย (กด Ctrl+Shift+V เพื่อวางเฉพาะค่า) · F Card Priority และ H TOR กรอกให้ครบก่อนจบ Day 0
G2: 🛑 G, L–S = สูตร Auto ห้ามแก้ / ห้าม Paste ทับ | H2: ⬇ TOR: QA Site ระบุตอนดึงการ์ด (Day 0) | I2: ⬇ ใส่ Version ที่ไม่ผ่าน เช่น v{X} | J2: ⬇ QA Site ตัดสินผลการ์ด (Known Issue ต้อง QA Lead ยืนยัน) | K2: ⬇ เหตุผล / Sub-issue ID / ชื่อ QA Lead ที่ยืนยัน
A3: Card ID | B3: Title | C3: Owner | E3: Map to Scenario ID | F3: Card Priority | G3: E2E Status (Auto) | H3: TOR (Yes/No) | I3: Retest from Version | J3: Card Result | K3: Result Note | L3: Release Gate (Auto) | M3: Module (Auto) | N3: TC Status (Auto) | O3: TC Total | P3: TC Passed | Q3: TC Failed | R3: TC Remaining | S3: Tester (Auto)
A4: SBH-2785 | B4: [ER] [บัตรคิว] เพิ่ม Barcode HN | C4: Thanadon (Modern) | E4: SMK-ER-002 | G4: {=_xlfn.LET(_xlpm.ids,'E2E core flow'!$A$15:$A$1000,_xlpm.v,'E2E core flow'!$W$15:$W$1000,_xlpm.m,(_xlpm.ids<>"")*ISNUMBER(SEARCH(_xlpm.ids,$E4)),_xlpm.f,SUM(_xlpm.m*(_xlpm.v="Failed")),_xlpm.b,SUM(_xlpm.m*(_xlpm.v="Blocked")),_xlpm.nr,SUM(_xlpm.m*(_xlpm.v="Not Run")),_xlpm.cp,SUM(_xlpm.m*(_xlpm.v="Conditionally Passed")),_xlpm.p,SUM(_xlpm.m*(_xlpm.v="Passed")),IF(TRIM($A4)="","",IF(TRIM($E4)="","Pending Mapping",IF(SUM(_xlpm.m)=0,"ไม่พบ Scenario ID ใน E2E",IF(_xlpm.f>0,"Failed",IF(_xlpm.b>0,"Blocked",IF(_xlpm.nr>0,"Ready for Testing",IF(_xlpm.cp>0,"Conditionally Passed",IF(_xlpm.p>0,"Passed","Out of Scope")))))))))} -> Ready for Testing | L4: =IF(TRIM($A4)="","",IF($J4="Passed","",IF($J4="Passed with Known Issue","Known Issue",IF($J4="",IF(OR($H4<>"No",AND($F4<>"Medium",$F4<>"Low")),"Pending Result",""),IF(OR($H4<>"No",AND($F4<>"Medium",$F4<>"Low")),IF(COUNTIFS(Dashboard!$B$105:$B$124,$A4,Dashboard!$I$105:$I$124,"CAB")>0,"Accepted (CF)","Blocking"),IF($J4="Failed","Deferrable","Carry Over")))))) -> Pending Result | M4: =IF(OR(TRIM($A4)="",TRIM($E4)=""),"",IFERROR(INDEX('E2E core flow'!$B$15:$B$1000,MATCH(1,INDEX(('E2E core flow'!$A$15:$A$1000<>"")*ISNUMBER(SEARCH('E2E core flow'!$A$15:$A$1000,$E4)),0),0))&"","-")) -> ER | N4: =IF(TRIM($A4)="","",IF($O4=0,IF(COUNTIFS('Card Test Cases'!$B$4:$B$1000,$A4,'Card Test Cases'!$A$4:$A$1000,"<>")>0,"Out of Scope","No TC"),IF($Q4>0,"Failed",IF(COUNTIFS('Card Test Cases'!$B$4:$B$1000,$A4,'Card Test Cases'!$A$4:$A$1000,"<>",'Card Test Cases'!$F$4:$F$1000,"Blocked")>0,"Blocked",IF($R4>0,"In Progress","Passed"))))) -> No TC | O4: =IF(TRIM($A4)="","",COUNTIFS('Card Test Cases'!$B$4:$B$1000,$A4,'Card Test Cases'!$A$4:$A$1000,"<>",'Card Test Cases'!$F$4:$F$1000,"<>Out of Scope")) -> 0 | P4: =IF(TRIM($A4)="","",COUNTIFS('Card Test Cases'!$B$4:$B$1000,$A4,'Card Test Cases'!$A$4:$A$1000,"<>",'Card Test Cases'!$F$4:$F$1000,"Passed")) -> 0 | Q4: =IF(TRIM($A4)="","",COUNTIFS('Card Test Cases'!$B$4:$B$1000,$A4,'Card Test Cases'!$A$4:$A$1000,"<>",'Card Test Cases'!$F$4:$F$1000,"Failed")) -> 0 | R4: =IF(TRIM($A4)="","",$O4-$P4-$Q4) -> 0 | S4: {=IF(TRIM($A4)="","",IFERROR(_xlfn.TEXTJOIN(", ",TRUE,_xlfn.UNIQUE(_xlfn.VSTACK(_xlfn._xlws.FILTER('Card Test Cases'!$G$4:$G$1000,('Card Test Cases'!$B$4:$B$1000=$A4)*('Card Test Cases'!$G$4:$G$1000<>""),""),_xlfn._xlws.FILTER('E2E core flow'!$U$15:$U$1000,('E2E core flow'!$A$15:$A$1000<>"")*ISNUMBER(SEARCH('E2E core flow'!$A$15:$A$1000,$E4))*('E2E core flow'!$U$15:$U$1000<>""),"")))),"-"))}
A5: SBH-2629 | B5: [ER] [ Nurse Focus Note ] เพิ่ม Feature Note template | C5: Suchat Chancherngsilapakul | E5: SMK-ER-004 | F5: High | G5: {=_xlfn.LET(_xlpm.ids,'E2E core flow'!$A$15:$A$1000,_xlpm.v,'E2E core flow'!$W$15:$W$1000,_xlpm.m,(_xlpm.ids<>"")*ISNUMBER(SEARCH(_xlpm.ids,$E5)),_xlpm.f,SUM(_xlpm.m*(_xlpm.v="Failed")),_xlpm.b,SUM(_xlpm.m*(_xlpm.v="Blocked")),_xlpm.nr,SUM(_xlpm.m*(_xlpm.v="Not Run")),_xlpm.cp,SUM(_xlpm.m*(_xlpm.v="Conditionally Passed")),_xlpm.p,SUM(_xlpm.m*(_xlpm.v="Passed")),IF(TRIM($A5)="","",IF(TRIM($E5)="","Pending Mapping",IF(SUM(_xlpm.m)=0,"ไม่พบ Scenario ID ใน E2E",IF(_xlpm.f>0,"Failed",IF(_xlpm.b>0,"Blocked",IF(_xlpm.nr>0,"Ready for Testing",IF(_xlpm.cp>0,"Conditionally Passed",IF(_xlpm.p>0,"Passed","Out of Scope")))))))))} -> Ready for Testing | L5: =IF(TRIM($A5)="","",IF($J5="Passed","",IF($J5="Passed with Known Issue","Known Issue",IF($J5="",IF(OR($H5<>"No",AND($F5<>"Medium",$F5<>"Low")),"Pending Result",""),IF(OR($H5<>"No",AND($F5<>"Medium",$F5<>"Low")),IF(COUNTIFS(Dashboard!$B$105:$B$124,$A5,Dashboard!$I$105:$I$124,"CAB")>0,"Accepted (CF)","Blocking"),IF($J5="Failed","Deferrable","Carry Over")))))) -> Pending Result | M5: =IF(OR(TRIM($A5)="",TRIM($E5)=""),"",IFERROR(INDEX('E2E core flow'!$B$15:$B$1000,MATCH(1,INDEX(('E2E core flow'!$A$15:$A$1000<>"")*ISNUMBER(SEARCH('E2E core flow'!$A$15:$A$1000,$E5)),0),0))&"","-")) -> ER | N5: =IF(TRIM($A5)="","",IF($O5=0,IF(COUNTIFS('Card Test Cases'!$B$4:$B$1000,$A5,'Card Test Cases'!$A$4:$A$1000,"<>")>0,"Out of Scope","No TC"),IF($Q5>0,"Failed",IF(COUNTIFS('Card Test Cases'!$B$4:$B$1000,$A5,'Card Test Cases'!$A$4:$A$1000,"<>",'Card Test Cases'!$F$4:$F$1000,"Blocked")>0,"Blocked",IF($R5>0,"In Progress","Passed"))))) -> No TC | O5: =IF(TRIM($A5)="","",COUNTIFS('Card Test Cases'!$B$4:$B$1000,$A5,'Card Test Cases'!$A$4:$A$1000,"<>",'Card Test Cases'!$F$4:$F$1000,"<>Out of Scope")) -> 0 | P5: =IF(TRIM($A5)="","",COUNTIFS('Card Test Cases'!$B$4:$B$1000,$A5,'Card Test Cases'!$A$4:$A$1000,"<>",'Card Test Cases'!$F$4:$F$1000,"Passed")) -> 0 | Q5: =IF(TRIM($A5)="","",COUNTIFS('Card Test Cases'!$B$4:$B$1000,$A5,'Card Test Cases'!$A$4:$A$1000,"<>",'Card Test Cases'!$F$4:$F$1000,"Failed")) -> 0 | R5: =IF(TRIM($A5)="","",$O5-$P5-$Q5) -> 0 | S5: {=IF(TRIM($A5)="","",IFERROR(_xlfn.TEXTJOIN(", ",TRUE,_xlfn.UNIQUE(_xlfn.VSTACK(_xlfn._xlws.FILTER('Card Test Cases'!$G$4:$G$1000,('Card Test Cases'!$B$4:$B$1000=$A5)*('Card Test Cases'!$G$4:$G$1000<>""),""),_xlfn._xlws.FILTER('E2E core flow'!$U$15:$U$1000,('E2E core flow'!$A$15:$A$1000<>"")*ISNUMBER(SEARCH('E2E core flow'!$A$15:$A$1000,$E5))*('E2E core flow'!$U$15:$U$1000<>""),"")))),"-"))}
A6: SBH-2593 | B6: [ER] [ Order Summary ] Improve order summary ER | C6: Suchat Chancherngsilapakul | E6: SMK-ER-003 | G6: {=_xlfn.LET(_xlpm.ids,'E2E core flow'!$A$15:$A$1000,_xlpm.v,'E2E core flow'!$W$15:$W$1000,_xlpm.m,(_xlpm.ids<>"")*ISNUMBER(SEARCH(_xlpm.ids,$E6)),_xlpm.f,SUM(_xlpm.m*(_xlpm.v="Failed")),_xlpm.b,SUM(_xlpm.m*(_xlpm.v="Blocked")),_xlpm.nr,SUM(_xlpm.m*(_xlpm.v="Not Run")),_xlpm.cp,SUM(_xlpm.m*(_xlpm.v="Conditionally Passed")),_xlpm.p,SUM(_xlpm.m*(_xlpm.v="Passed")),IF(TRIM($A6)="","",IF(TRIM($E6)="","Pending Mapping",IF(SUM(_xlpm.m)=0,"ไม่พบ Scenario ID ใน E2E",IF(_xlpm.f>0,"Failed",IF(_xlpm.b>0,"Blocked",IF(_xlpm.nr>0,"Ready for Testing",IF(_xlpm.cp>0,"Conditionally Passed",IF(_xlpm.p>0,"Passed","Out of Scope")))))))))} -> Ready for Testing | L6: =IF(TRIM($A6)="","",IF($J6="Passed","",IF($J6="Passed with Known Issue","Known Issue",IF($J6="",IF(OR($H6<>"No",AND($F6<>"Medium",$F6<>"Low")),"Pending Result",""),IF(OR($H6<>"No",AND($F6<>"Medium",$F6<>"Low")),IF(COUNTIFS(Dashboard!$B$105:$B$124,$A6,Dashboard!$I$105:$I$124,"CAB")>0,"Accepted (CF)","Blocking"),IF($J6="Failed","Deferrable","Carry Over")))))) -> Pending Result | M6: =IF(OR(TRIM($A6)="",TRIM($E6)=""),"",IFERROR(INDEX('E2E core flow'!$B$15:$B$1000,MATCH(1,INDEX(('E2E core flow'!$A$15:$A$1000<>"")*ISNUMBER(SEARCH('E2E core flow'!$A$15:$A$1000,$E6)),0),0))&"","-")) -> ER | N6: =IF(TRIM($A6)="","",IF($O6=0,IF(COUNTIFS('Card Test Cases'!$B$4:$B$1000,$A6,'Card Test Cases'!$A$4:$A$1000,"<>")>0,"Out of Scope","No TC"),IF($Q6>0,"Failed",IF(COUNTIFS('Card Test Cases'!$B$4:$B$1000,$A6,'Card Test Cases'!$A$4:$A$1000,"<>",'Card Test Cases'!$F$4:$F$1000,"Blocked")>0,"Blocked",IF($R6>0,"In Progress","Passed"))))) -> No TC | O6: =IF(TRIM($A6)="","",COUNTIFS('Card Test Cases'!$B$4:$B$1000,$A6,'Card Test Cases'!$A$4:$A$1000,"<>",'Card Test Cases'!$F$4:$F$1000,"<>Out of Scope")) -> 0 | P6: =IF(TRIM($A6)="","",COUNTIFS('Card Test Cases'!$B$4:$B$1000,$A6,'Card Test Cases'!$A$4:$A$1000,"<>",'Card Test Cases'!$F$4:$F$1000,"Passed")) -> 0 | Q6: =IF(TRIM($A6)="","",COUNTIFS('Card Test Cases'!$B$4:$B$1000,$A6,'Card Test Cases'!$A$4:$A$1000,"<>",'Card Test Cases'!$F$4:$F$1000,"Failed")) -> 0 | R6: =IF(TRIM($A6)="","",$O6-$P6-$Q6) -> 0 | S6: {=IF(TRIM($A6)="","",IFERROR(_xlfn.TEXTJOIN(", ",TRUE,_xlfn.UNIQUE(_xlfn.VSTACK(_xlfn._xlws.FILTER('Card Test Cases'!$G$4:$G$1000,('Card Test Cases'!$B$4:$B$1000=$A6)*('Card Test Cases'!$G$4:$G$1000<>""),""),_xlfn._xlws.FILTER('E2E core flow'!$U$15:$U$1000,('E2E core flow'!$A$15:$A$1000<>"")*ISNUMBER(SEARCH('E2E core flow'!$A$15:$A$1000,$E6))*('E2E core flow'!$U$15:$U$1000<>""),"")))),"-"))}
