Workbook

Sheet Scenario-OPD-Doctor
A1: Case_id | B1: Use case Scenario | C1: Test case ID | D1: Test Step | E1: Status test | H1: NOTE
E2: Pass | F2: Fail | G2: N/A
A3: PHY-OPD-001 | B3: การให้บริการคนไข้ก่อนพบแพทย์
A4: OPD/EMR | B4: ดูข้อมูลผล IMG
B5: ตรวจสอบข้อมูลผล IMG | D5: 1. เลือกดูเมนู Imaging result ที่ Side bar ทางซ้ายมือ 2. ระบบจะแสดงข้อมูลขึ้นมา 3. สามารถใช้ Fillter เพื่อทำการกรองข้อมูล
A6: OPD/EMR | B6: ดูข้อมูลผล LAB
B7: ตรวจสอบข้อมูลผล LAB | D7: 1. เลือกดูเมนู Lab Result ที่ Side bar ทางซ้ายมือ 2. ระบบจะแสดงข้อมูลขึ้นมา 3. สามารถใช้ Fillter เพื่อทำการกรองข้อมูล
B8: เปรียบเทียบผล LAB | D8: 1. เลือกดูเมนู Lab Result หรือ ประวัติ Patho ที่ Side bar ทางซ้ายมือ 2. ระบบจะแสดงข้อมูลขึ้นมา 3. กดปุ่ม แบบเปรียบเทียบ เพื่อทำการเปรียบเทียบผล LAB กับผลครั้งก่อนๆ 4. ระบบแสดงผล LAB เปรียบเทียบกัน
B9: ตรวจสอบข้อมูลผล LAB (Patho) | D9: 1. เลือกดูเมนู ประวัติ Patho ที่ Side bar ทางซ้ายมือ 2. ระบบจะแสดงข้อมูลขึ้นมา 3. สามารถเลือกดูชุดข้อมูลต้องการได้
A10: OPD/EMR | B10: ดูข้อมูลการคัดกรองของพยาบาล
B11: ดูข้อมูลการคัดกรองของพยาบาล | D11: 1. เลือกดูเมนู ฟอร์มคัดกรอง ที่ Side bar ทางซ้ายมือ 2. ระบบจะแสดงข้อมูลของ ฟอร์มคัดกรองขึ้นมา
A12: OPD/EMR | B12: ดูข้อมูลประวัติการรักษาของคนไข้
B13: ตรวจสอบข้อมูล ประวัติการรักษา | D13: 1. เลือกดูเมนู ประวัติการรักษา ที่ Side bar ทางซ้ายมือ 2. ระบบจะแสดงข้อมูลของ ประวัติการรักษา ขึ้นมาสามารถตรวจสอบข้อมูลได้ตามราย Visit
B14: ตรวจสอบข้อมูลประจำตัวของคนไข้ (Patient Banner) | D14: 1. ข้อมูลประจำตัวของคนไข้ จะแสดงอยู่บน Banner ด้านบนสุดโดยจะประกอบไปด้วยข้อมูลดังนี้ 1.1. ข้อมูลผู้ป่วย 1.2. ข้อมูลการแพ้ 1.3. ข้อมูล U/D 1.4. ข้อมูล เชื้อดื้อยา 1.5. ข้อมูล Vital sign 1.6. ข้อมูล น้ำหนัก ส่วนสูง
A15: OPD/EMR | B15: การดูข้อมูล Med reconcile
B16: ตรวจสอบข้อมูลประวัติยาเดิมของคนไข้ | D16: 1. เลือกดูเมนู Reconclie med ที่ Side bar ทางขวามือ 2. ระบบจะแสดงหน้าข้อมูลของ Reconclie med ขึ้นมา | I16: mock ข้อมูล
A17: OPD/EMR | B17: จัดการข้อควรระวัง (Flag Manament)
B18: ตรวจสอบรายการข้อควรระวัง | D18: 1. เลือกดูเมนู ข้อพึงระวัง ที่ Side bar ทางซ้ายมือ 2. ระบบจะแสดงหน้ากรอกข้อมูลของ ข้อควรระวัง 5. ระบบแสดงข้อมูลข้อควรระวัง | I18: mock ข้อมูล
B19: เพิ่ิ่มรายการข้อควรระวัง | D19: 1. เลือกดูเมนู ข้อพึงระวัง ที่ Side bar ทางซ้ายมือ 2. ระบบจะแสดงหน้ากรอกข้อมูลของ ข้อควรระวัง 3. คลิก "เพิ่มFlag" 4. กรอกข้อมูลที่ต้องการลงไป 5. กดบันทึก 5. ระบบจะแสดงข้อมูลข้อพึงระวังของคนไข้บน Patient banner
B20: แก้ไข/ลบข้อควรระวัง | D20: 1. เลือกดูเมนู ข้อพึงระวัง ที่ Side bar ทางซ้ายมือ 2. ระบบจะแสดงหน้ากรอกข้อมูลของ ข้อควรระวัง 3.. แก้ไข หรือ ลบ Flag 4. กดบันทึก 5. ระบบจะแก้ไขข้อมูลข้อพึงระวัง หรือลบออกจาก Patient banner
A21: PHY-OPD-002 | B21: การให้บริการคนไข้ขณะพบแพทย์
A22: OPD/EMR | B22: การลง OPD Note
B23: การลงข้อมูลการรักษา | D23: 1. กดเลือกคนไข้ที่พร้อมตัวจากหน้า รายการผู้ป่วยนอก ที่สถานะพร้อมตรวจ 2. ระบบจะแสดง OPD Note ขึ้นมา 3. ลงข้อมูลการรักษา 4. ลง diagnosis 5. บันทึกข้อมูล 6. ระบบแสดงข้อมูล OPD Note ที่บันทึก
A24: OPD/CPOE | B24: การ Order, View, Edit, Delete, (ยา/เวชภัณฑ์)
B25: สั่งยา | D25: 1. กดเลือกคนไข้ที่พร้อมตัวจากหน้า รายการผู้ป่วยนอก ที่สถานะพร้อมตรวจ 2. ระบบจะแสดง Section ในส่วนของการ Order ขึ้นมา 3. ทำการสั่งยา 4. เลือกสั่งยา Home med หรือ In hospital 5. ระบุวิธีการใช้ยา / จำนวนยาที่จ่าย / หมายเหตุอื่นๆ 6. กดปุ่ม เพิ่ม order
B26: สั่งยาพร้อมนัดหมาย | D26: 1. กดเลือกคนไข้ที่พร้อมตัวจากหน้า รายการผู้ป่วยนอก ที่สถานะพร้อมตรวจ 2. ระบบจะแสดง Section ในส่วนของการ Order ขึ้นมา 3. คลิกค้นหาวันนัด 4. เลือกวันที่และSlotเวลา 5. ค้นหารายการยา 6. จำนวนวันที่ใช้จะแสดงสอดคล้องกับจำนวนวันที่นัด
B27: สั่งยา Stat | D27: 1. เลือกสั่งยาเป็น order stat 2. ระบุวิธีการใช้ยา / จำนวนยาที่จ่าย / หมายเหตุอื่นๆ 3. กดปุ่ม เพิ่ม order 4. ระบบจะแสดงรายการยาที่สั่ง พร้อม สถานะ Stat
B28: สั่งยา นอกบัญชียาหลัก หรือยาประเภทอื่นๆ (A-F) | D28: 1. ระบบสามารถแสดงบัญชียาของรายการยาที่สั่งได้ 2. เมื่อทำการสั่งยา ระบบนำราคาไปคำนวณได้ถูกต้องสัมพันธ์กับสิทธิ์การรักษาของคนไข้
B29: สั่งยา ที่ต้องมีเอกสารประกอบการสั่งยา | D29: 1. ระบบสามารถทำการตั้งค่ายาที่ต้องมีเอกสารประกอบได้จากหน้าการจัดการการสั่งยา 1.1 DUE 1.2 PA 2. เมื่อสั่งยาที่ตั้งค่าเป็นยาที่ต้องการเอกสาร ระบบสามารถ alert แจ้งเตือนว่ามีเอกสารที่เกี่ยวข้อง 3. สามารถ Link / เรียกดูเอกสารที่เกี่ยวข้องกับยานั้นได้ 4. สามารถ print/บันทึกข้อมูลลงไปในระบบได้ 5. สามารถเรียกดู order เก่าที่มีการบันทึกเอกสารไว้ได้ | I29: เช็คเอกสาร ว่ามันคือ เอกสารตัวไหน
B30: การแจ้งเตือนการสั่งยาที่คนไข้แพ้ตามประวัติ | D30: 1. เมื่อสั่งยาที่คนไข้แพ้ ระบบสามารถแสดง alert ได้ 2. test ยาที่ related / VTM group ใกล้เคียง 3. เมื่อยืนยันการสั่งยาจะสามารถสั่งได้ โดยจะต้องระบุเหตุผลก่อนเท่านั้น
B31: การแจ้งเตือนการสั่งยาซ้ำ | D31: 1. เมื่อสั่งยาซ้ำ ระบบสามารถแสดง alert ได้ 2. test ยาที่ related / VTM group ใกล้เคียง 3. เมื่อยืนยันการสั่ง ยาจะสามารถสั่งได้ โดยจะต้องระบุเหตุผลก่อนเท่านั้น
B32: การแจ้งเตือนการสั่งยา Interaction | D32: 1. สั่งยา Med0000003 2. สั่งยา Med0000007 3. ระบบจะ alert แจ้งเตือน การใช้ยาคู่ปฏิกิริยา 4. หากต้องการสั่งจะต้องกรอกเหตุผลการสั่งลงไป
B33: Remed | D33: 1. กดเลือกคนไข้ที่พร้อมตัวจากหน้า รายการผู้ป่วยนอก ที่สถานะพร้อมตรวจ 2. ระบบจะแสดง Section ในส่วนของการ Order ขึ้นมา 3. คลิกปุ่มRemed 4. เลือกVisit และยาที่ต้องการRemed 5. ตกลง ยาที่เลือกจะแสดงในOrder Basket
A34: OPD/CPOE | B34: การ Order, View, Edit, Delete, (LAB)
B35: สั่ง LAB ต้องการทราบผลภายในวันที่สั่ง | D35: 1. ค้นหารายการ lab ที่ต้องการสั่งใน order seach 2. ระบบจะแสดงรายการที่กำหนดไว้ 3. เลือก Priority และ วันที่ต้องการทราบผลเป็นวันนี้ 4. ระบบจะแสดงข้อมูลตามที่ได้เลือกไว้ ในส่วนของ วันที่ต้องการทราบหากเลือกเป็นวันนี้ ระบบจะไม่ให้เลือกวันที่ 5. กดปุ่มเพิ่ม order ระบบจะเพิ่มการสั่งลงในระบบ 6. กดปุ่ม Sign เพื่อทำการส่งการสั่งไปยังห้องปฏิบัติการ
B36: สั่ง LAB ต้องการทราบผลภายในวันที่ต้องการ | D36: 1. ค้นหารายการ lab ที่ต้องการสั่งใน order seach 2. ระบบจะแสดงรายการที่กำหนดไว้ 3. เลือก Priority และ วันที่ต้องการทราบผลเป็นวันอื่น และเลือกวันที่ต้องการ 4. ระบบจะแสดงข้อมูลตามที่ได้เลือกไว้ 5. กดปุ่มเพิ่ม order ระบบจะเพิ่มการสั่งลงในระบบ 6. กดปุ่ม Sign เพื่อทำการส่งการสั่งไปยังห้องปฏิบัติการ
B37: Order Check list | D37: 1. กดเลือกคนไข้ที่พร้อมตัวจากหน้า รายการผู้ป่วยนอก ที่สถานะพร้อมตรวจ 2. ระบบจะแสดง Section ในส่วนของการ Order ขึ้นมา 3. คลิกปุ่มChecklist 4. Check เลือกรายการLab 5. ตกลง รายการที่เลือกจะแสดงในOrder Basket
A38: OPD/CPOE | B38: การ Order, View, Edit, Delete, (IMG)
B39: สั่ง IMG ต้องการทราบผลภายในวันที่สั่ง | D39: 1. ค้นหารายการ Img ที่ต้องการสั่งใน order seach 2. ระบบจะแสดงรายการที่กำหนดไว้ 3. เลือก Priority และ วันที่ต้องการทราบผลเป็นวันนี้ 4. ระบบจะแสดงข้อมูลตามที่ได้เลือกไว้ ในส่วนของ วันที่ต้องการทราบหากเลือกเป็นวันนี้ ระบบจะไม่ให้เลือกวันที่ 5. กดปุ่มเพิ่ม order ระบบจะเพิ่มการสั่งลงในระบบ 6. กดปุ่ม Sign เพื่อทำการส่งการสั่งไปยังห้องปฏิบัติการ
B40: สั่ง IMG ต้องการทราบผลภายในวันที่ต้องการ | D40: 1. ค้นหารายการ Img ที่ต้องการสั่งใน order seach 2. ระบบจะแสดงรายการที่กำหนดไว้ 3. เลือก Priority และ วันที่ต้องการทราบผลเป็นวันอื่น และเลือกวันที่ต้องการ 4. ระบบจะแสดงข้อมูลตามที่ได้เลือกไว้ 5. กดปุ่มเพิ่ม order ระบบจะเพิ่มการสั่งลงในระบบ 6. กดปุ่ม Sign เพื่อทำการส่งการสั่งไปยังห้องปฏิบัติการ
B41: Order Check list | D41: 1. กดเลือกคนไข้ที่พร้อมตัวจากหน้า รายการผู้ป่วยนอก ที่สถานะพร้อมตรวจ 2. ระบบจะแสดง Section ในส่วนของการ Order ขึ้นมา 3. คลิกปุ่มChecklist 4. Check เลือกรายการ Imaging 5. ตกลง รายการที่เลือกจะแสดงในOrder Basket
A42: OPD/CPOE | B42: การ Order, View, Edit, Delete, (หัตถการ)
B43: การสั่งหัตถการ | D43: 1. กดเลือกคนไข้ที่พร้อมตัวจากหน้า รายการผู้ป่วยนอก ที่สถานะพร้อมตรวจ 2. ระบบจะแสดง Section ในส่วนของการ Order ขึ้นมา 3. ทำการสั่ง หัตถการ ที่ต้องการ 4. เลือก Priority และ วันที่ต้องการให้ทำหัตถการ และจำนวนครั้ง 5. กดปุ่มบันทึก 6. ระบบจะแสดงข้อมูล หัตถการที่สั่ง จำนวน ราคา พร้อม ICD9 (เฉพาะ หัตถการหมวด 11 เท่านั้น) | I43: หมวดที่ 11 เท่านั้นที่ผูกกับ ICD9 เพราะหมวดที่ต้องส่งเบิกมีแค่หมวด 11
B44: การเพิ่มค่า Doctor Fee
B45: เพิ่มค่าบริการแพทย์ | D45: 1. เลือกดูเมนู ค่าตรวจแพทย์ ที่ Side bar ทางขวามือ 2. ระบบจะแสดงหน้ากรอกข้อมูลขึ้นมา 3. เลือกเก็บค่าตรวจแพทย์ 4. ใส่จำนวน 5. บันทึกข้อมูล ระบบจะนำข้อมูลส่วนนี้ไปใช้คำนวณค่าใช้จ่ายและเรียกเก็บกับคนไข้ในลำดับถัดไป
A46: OPD/EMR | B46: การดูประวัติการสั่งยา
B47: ตรวจสอบประวัติการสั่งยา | D47: 1. เลือกดูเมนู ประวัติใบยา ที่ Side bar ทางซ้ายมือ 2. ระบบจะแสดงข้อมูลขึ้นมา 3. สามารถเลือกดูข้อมูลตามราย Visit ได้ 4. ระบบแสดงข้อมูลประวัติใบยาตามราย Visit
B48: เอกสารร่วมจ่าย (Co-pay) | D48: 1. เลือกดูเมนู สร้างฟอร์ม ที่ Side bar ทางขวามือ 2. ระบบจะแสดงหน้ากรอกข้อมูลของ สร้างฟอร์ม ขึ้นมา 3. เลือกประเภทของฟอร์มที่ต้องการ 4. ระบบจะแสดงข้อมูลใบรับรองประเภทนั้นๆขึ้นมา 5. กรอกข้อมูลลงในฟอร์ม 6. บันทึกข้อมูล
A49: OPD/EMR | B49: Admit request
B50: สร้าง Admit request กรณีที่คนไข้ต้องนอนโรงพยาบาล | D50: 1. เลือกดูเมนู สร้าง admit order ที่ Side bar ทางขวามือ 2. ระบบจะแสดง ฟอร์ม ขึ้นมา 3. ลงข้อมูล Pre-diagnosis และ Chief complaint 4. กรอกข้อมูล Admit Request form 5. กดปุ่ม เครื่องหมายถูก เพื่อบันทึกข้อมูล
B51: Refer*******
D52: รอเช็คว่ามีมั้ย
A53: OPD/EMR | B53: Consult
B54: สร้าง Consult request เพื่อทำการปรึกษาแพทย์ท่านอื่น | D54: 1. เลือกดูเมนู Consult ที่ Side bar ทางขวามือ 2. ระบบจะแสดงหน้ากรอกข้อมูลของ Consutl ขึ้นมา 3. กรอกข้อมูลที่ต้องการลงไป 4. กดบันทึกเพื่อทำการส่งแบบฟอร์ม 5. ระบบจะแสดงสถานะ รอตอบกลับ
B55: การตอบกับการ Consult ที่ได้รับ | D55: 1. กดปุ่มเมนู มุมบนขวา 2. เลือกเมนู ผู้ป่วยนอก 3. เลือกรายการปรึกษาแพทย์ 4. ระบบจะแสดงข้อมูล Consult โดยแบ่งประเภทเป็น รับ Consult และ ส่ง Consult 5. เลือกรับ Consult ระบบจะแสดงรายการที่มี Request เอาไว้ 6. เลือกรายการที่ต้องการตอบกลับ 7.ระบบจะแสดงรายละเอียดการ Consult ขึ้น 8. กรอกข้อมูลที่ต้องการตอบกลับและกดปุ่มบันทึก 9.สถานะของรายการ Consult นั้นจะเปลี่ยนเป็นตอบแล้ว
B56: ดูข้อมูล Consult ที่ตอบกลับมา | D56: 1. กดปุ่มเมนู มุมบนซ้าย 2. เลือกเมนู ผู้ป่วยนอก 3. เลือกรายการปรึกษาแพทย์ 4. ระบบจะแสดงข้อมูล Consult โดยแบ่งประเภทเป็น รับ Consult และ ส่ง Consult 5. เลือก ส่ง Consult ระบบจะแสดงรายการที่ส่ง Request เอาไว้ 6. เลือกรายการที่มีต้องการโดย รายการที่มีการตอบกลับแล้วจะมีสถานะเป็น ตอบแล้ว 7.ระบบจะแสดงรายละเอียดการ Consult ที่แพทย์อีกท่านตอบกลับมา 8. และสามารถดูข้อมูลการตอบกลับได้ที่เมนู Consult ให้หน้า Patient profile
A57: OPD/EMR | B57: ข้อมูลนัดหมายคนไข้
B58: ตรวจสอบข้อมูลนัดหมายคนไข้ | D58: 1. เลือกดูเมนู ประวัติการนัดหมาย ที่ Side bar ทางซ้ายมือ 2. ระบบจะแสดงข้อมูลนัดหมายทั้งหมดของคนไข้ขึ้นมา
B59: สร้างนัดหมายคนไข้ | D59: 1. เลือกดูเมนู สร้างนัดหมาย ที่ Side bar ทางขวามือ 2. ระบบจะแสดงข้อมูลหน้าสร้างนัดหมายขึ้นมา 3. เลือก คลินิก แพทย์ ประเภทการนัดหมาย แล้ว Slot ที่ต้องการ 4. กดบันทึก 5. ระบบจะบันทึกนัดหมายของคนไข้
A60: OPD/EMR | B60: การลงข้อมูลการแพ้ของคนไข้
B61: การลงข้อมูลการแพ้ยาของคนไข้ | D61: 1. เลือกดูเมนู การแพ้ยา ที่ Side bar ทางขวามือ 2. ระบบจะแสดงหน้ากรอกข้อมูลของ การแพ้ยา ขึ้นมา 3. กรอกข้อมูลที่ต้องการลงไป 4. กดบันทึก 5. ระบบจะแสดงข้อมูลการแพ้ของคนไข้บน Patient banner
B62: การลงข้อมูลการแพ้อื่นๆของคนไข้ | D62: 1. เลือกดูเมนู การแพ้อื่นๆ ที่ Side bar ทางขวามือ 2. ระบบจะแสดงหน้ากรอกข้อมูลของ การแพ้อื่นๆ ขึ้นมา 3. กรอกข้อมูลที่ต้องการลงไป 4. กดบันทึก 5. ระบบจะแสดงข้อมูลการแพ้ของคนไข้บน Patient banner
A63: OPD/EMR | B63: สร้างใบรับรองแพทย์
B64: ตรวจสอบสร้างใบรับรองแพทย์จากหน้า ใบรับรองแพทย์ | D64: 1. เลือกดูเมนู ใบรับรองแพทย์ ที่Side bar ทางขวามือ 2. ระบบจะแสดงหน้ากรอกข้อมูลของ การแพ้ยา ขึ้นมา 3. กรอกข้อมูลที่ต้องการลงไป 4. กดบันทึก
B65: ตรวจสอบสร้างใบรับรองแพทย์จากหน้า Document | D65: 1. เลือกดูเมนู เอกสาร ที่Side bar ทางซ้ายมือ 2. ระบบจะแสดงหน้ารายการเอกสาร 3. คลิกสร้างเอกสาร 4. ระบบจะแสดงหน้าสร้างเอกสาร 5. ผู้ใช้เลือกประเภทเอกสาร "ใบรับรองแพทย์" และเลือกประเภทใบรับรองแพทย์ 6. กรอกข้อมูลที่ต้องการลงไป 7. กดบันทึก
B66: พิมพ์ใบรับรองแพทย์จากหน้า | D66: 1. เลือกดูเมนู เอกสาร ที่Side bar ทางซ้ายมือ 2. ระบบจะแสดงหน้ารายการเอกสาร 3. คลิิกพิมพ์เอกสาร
A67: OPD/EMR | B67: เพิ่มประวัติการฉีดวัคซีน
B68: ตรวจสอบข้อมูลการให้วัคซีน | D68: 1. เลือกดูเมนู ประวัติวัคซีน ที่Side bar ทางซ้าย 2. ระบบจะแสดงหน้าประวัติการให้วัคซีน
B69: เพิ่มข้อมูลการให้วัคซีน | D69: 1. เลือกดูเมนู ประวัติวัคซีน ที่Side bar ทางซ้าย 2. ระบบจะแสดงหน้าประวัติการให้วัคซีน 3. กรอกข้อมูลยาวัคซีน 4. กดบันทึก 5. แสดงรายการประวัติการให้วัคซีน
A70: PHY-OPD-003 | B70: ตรวจสอบข้อมูลต่างๆ
B71: ตรวจสอบข้อมูลคำสั่ง รคส. | D71: 1. เปิดเมนูผู้ใช้งาน มุมขวาบน 2. เลือกคำสั่งรอยืนยัน 3. ตรวจสอบรายการ คำสั่งรคส. 4. กดApprove
B72: ตรวจสอบข้อมูลตารางตรวจ | D72: 1. กดปุ่มเมนู มุมบนซ้าย 2. เลือกเมนู ผู้ป่วยนอก 3. เลือก ตารางแพทย์ และ ดูตารางออกตรวจแพทย์ 4. ระบบจะแสดง ข้อมูลตารางตรวจทั้งหมดของแพทย์ขึ้นมา
B73: ตรวจสอบข้อมูลวันลาแพทย์ | D73: 1. กดปุ่มเมนู มุมบนซ้าย 2. เลือกเมนู ผู้ป่วยนอก 3. เลือก วันหยุดแพทย์ 4. ระบบจะแสดง ข้อมูลวันหยุดแพทย์ ทั้งหมดขึ้นมา

Sheet Scenario-OPD-Nurse
A1: Case_id | B1: Use case Scenario | C1: Test case ID | D1: Test Step | E1: Status test | H1: NOTE
E2: Pass | F2: Fail | G2: N/A
A3: N-OPD-001 | B3: การให้บริการคนไข้ก่อนพบแพทย์ (การจัดการคนไข้ Walk in)
A4: OPD | B4: การจัดการผู้ป่วย Walk-in | D4: 1. กดปุ่มเมนูมุมบนขวา เลือกผู้ป่วยนอก และ รายการผู้ป่วย Walk-in request 2. ระบบจะแสดงรายการคนไข้ที่มีการ Walk-in เข้ามาในระบบ 3. ทำการ assign แพทย์ที่คนไข้จะได้เข้ารับการตรวจในวันนี้
B5: สร้างนัดหมายคนไข้ (กรณีคนไข้ไม่ได้เข้ารับการตรวจในวันนั้นๆ) | D5: 1. เลือกดูเมนู สร้างนัดหมาย ที่ Side bar ทางขวามือ 2. ระบบจะแสดงข้อมูลหน้าสร้างนัดหมายขึ้นมา 3. เลือก คลินิก แพทย์ ประเภทการนัดหมาย แล้ว Slot ที่ต้องการ 4. กดบันทึก 5. ระบบจะบันทึกนัดหมายของคนไข้
A6: N-OPD-002 | B6: การให้บริการคนไข้ก่อนพบแพทย์
A7: OPD/EMR | B7: ดูข้อมูลผล IMG
B8: ตรวจสอบข้อมูลผล IMG | D8: 1. เลือกดูเมนู Imaging result ที่ Side bar ทางซ้ายมือ 2. ระบบจะแสดงข้อมูลขึ้นมา 3. สามารถใช้ Fillter เพื่อทำการกรองข้อมูล
A9: OPD/EMR | B9: ดูข้อมูลผล LAB
B10: ตรวจสอบข้อมูลผล LAB | D10: 1. เลือกดูเมนู Lab Result ที่ Side bar ทางซ้ายมือ 2. ระบบจะแสดงข้อมูลขึ้นมา 3. สามารถใช้ Fillter เพื่อทำการกรองข้อมูล
B11: เปรียบเทียบผล LAB | D11: 1. เลือกดูเมนู Lab Result หรือ ประวัติ Patho ที่ Side bar ทางซ้ายมือ 2. ระบบจะแสดงข้อมูลขึ้นมา 3. กดปุ่ม แบบเปรียบเทียบ เพื่อทำการเปรียบเทียบผล LAB กับผลครั้งก่อนๆ 4. ระบบแสดงผล LAB เปรียบเทียบกัน
B12: ตรวจสอบข้อมูลผล LAB (Patho) | D12: 1. เลือกดูเมนู ประวัติ Patho ที่ Side bar ทางซ้ายมือ 2. ระบบจะแสดงข้อมูลขึ้นมา 3. สามารถเลือกดูชุดข้อมูลต้องการได้
A13: OPD/EMR | B13: การคัดกรองของพยาบาล
B14: เพิ่มการคัดกรองของพยาบาล | D14: 1. เลือกดูเมนู ฟอร์มคัดกรอง ที่ Side bar ทางขวามือ 2. ระบบจะแสดง ฟอร์มคัดกรองขึ้นมา 3. กรอกข้อมูลการคัดกรองลงไป 4. บันทึกข้อมูล 5. ระบบแสดงข้อมูลที่ได้ทำการบันทึกลงไป 6. สามารถ add attach file/outside document ได้
B15: การทำ med reconcile | D15: 1. เลือกดูเมนู reconcile med ที่ Side bar ทางขวามือ 2. ระบบจะแสดง ฟอร์ม reconcile med ขึ้นมา 3. กรอกข้อมูลรายการยาลงไป -3.1 ยาที่มีในระบบ 3.2 ยาที่ไม่มีในระบบ (free text) 4. บันทึกข้อมูล รายการยา/วิธีใช้/จำนวนคงเหลือ/หน่วย 5. สามารถเรียกดูข้อมูลที่ได้ทำการบันทึกลงไป
A16: OPD/EMR | B16: ดูข้อมูลประวัติการรักษาของคนไข้
B17: ตรวจสอบข้อมูล ประวัติการรักษา | D17: 1. เลือกดูเมนู ประวัติการรักษา ที่ Side bar ทางซ้ายมือ 2. ระบบจะแสดงข้อมูลของ ประวัติการรักษา ขึ้นมาสามารถตรวจสอบข้อมูลได้ตามราย Visit
B18: ตรวจสอบข้อมูลประจำตัวของคนไข้ (Patient Banner) | D18: 1. ข้อมูลประจำตัวของคนไข้ จะแสดงอยู่บน Banner ด้านบนสุดโดยจะประกอบไปด้วยข้อมูลดังนี้ 1.1. ข้อมูลผู้ป่วย 1.2. ข้อมูลการแพ้ 1.3. ข้อมูล U/D 1.4. ข้อมูล เชื้อดื้อยา 1.5. ข้อมูล Vital sign 1.6. ข้อมูล น้ำหนัก ส่วนสูง
A19: OPD/EMR | B19: ดูข้อมูลประวัติการแพ้
B20: ตรวจสอบข้อมูล ประวัติการแพ้ | D20: 1. เลือกดูเมนู ประวัติการแพ้ ที่ Side bar ทางซ้ายมือ 2. ระบบจะแสดงข้อมูลของ ประวัติการแพ้ของคนไข้ 3. โดยเรียงลำดับจากการแพ้ที่ Active และตามด้วย Serverity
A21: N-OPD-003 | B21: การให้บริการคนไข้ระหว่างพบแพทย์
A22: OPD/CPOE | B22: การ Order, View, Edit, Delete, (ยา/เวชภัณฑ์)
B23: Order รคส. | D23: 1. กดเลือกคนไข้ที่พร้อมตัวจากหน้า รายการผู้ป่วยนอก ที่สถานะพร้อมตรวจ 2. ระบบจะแสดง Section ในส่วนของการ Order ขึ้นมา 3. ระบุแพทย์ผู้สั่ง 4. ทำการสั่งยา
B24: สั่งยากลับบ้าน | D24: 1. กดเลือกคนไข้ที่พร้อมตัวจากหน้า รายการผู้ป่วยนอก ที่สถานะพร้อมตรวจ 2. ระบบจะแสดง Section ในส่วนของการ Order ขึ้นมา 3. ทำการสั่งยา
B25: สั่งยา Stat | D25: 1. เลือกสั่งยาเป็น order stat 2. ระบุวิธีการใช้ยา / จำนวนยาที่จ่าย / หมายเหตุอื่นๆ 3. กดปุ่ม เพิ่ม order 4. ระบบจะแสดงรายการยาที่สั่ง พร้อม สถานะ Stat
B26: สั่งยา นอกบัญชียาหลัก หรือยาประเภทอื่นๆ (A-F) | D26: 1. ระบบสามารถแสดงบัญชียาของรายการยาที่สั่งได้ 2. เมื่อทำการสั่งยา ระบบนำราคาไปคำนวณได้ถูกต้องสัมพันธ์กับสิทธิ์การรักษาของคนไข้
B27: สั่งยาที่ต้องมีเอกสารประกอบการสั่งยา | D27: 1. ระบบสามารถทำการตั้งค่ายาที่ต้องมีเอกสารประกอบได้จากหน้าการจัดการการสั่งยา 1.1 DUE 1.2 PA 2. เมื่อสั่งยาที่ตั้งค่าเป็นยาที่ต้องการเอกสาร ระบบสามารถ alert แจ้งเตือนว่ามีเอกสารที่เกี่ยวข้อง 3. สามารถ Link / เรียกดูเอกสารที่เกี่ยวข้องกับยานั้นได้ 4. สามารถ print/บันทึกข้อมูลลงไปในระบบได้ 5. สามารถเรียกดู order เก่าที่มีการบันทึกเอกสารไว้ได้
B28: การแจ้งเตือนการสั่งยาที่คนไข้แพ้ตามประวัติ | D28: 1. เมื่อสั่งยาที่คนไข้แพ้ ระบบสามารถแสดง alert ได้ 2. test ยาที่ related / ATC group ใกล้เคียง 3. เมื่อยืนยันการสั่ง ยาจะสามารถสั่งได้ โดยจะต้องระบุเหตุผลก่อนเท่านั้น
B29: การแจ้งเตือนการสั่งยาซ้ำ (Duplication alert) | D29: 1. เมื่อสั่งยาซ้ำ ระบบสามารถแสดง alert ได้ 2. test ยาที่ related / ATC group ใกล้เคียง 3. เมื่อยืนยันการสั่ง ยาจะสามารถสั่งได้ โดยจะต้องระบุเหตุผลก่อนเท่านั้น
B30: การแจ้งเตือนการสั่งยา Interaction | D30: 1. สั่งยา Med0000003 2. สั่งยา Med0000007 3. ระบบจะ alert แจ้งเตือน การใช้ยาคู่ปฏิกิริยา 4. หากต้องการสั่งจะต้องกรอกเหตุผลการสั่งลงไป
B31: Remed | D31: 1. กดเลือกคนไข้ที่พร้อมตัวจากหน้า รายการผู้ป่วยนอก ที่สถานะพร้อมตรวจ 2. ระบบจะแสดง Section ในส่วนของการ Order ขึ้นมา 3. คลิกปุ่มRemed 4. เลือกVisit และยาที่ต้องการRemed 5. ตกลง ยาที่เลือกจะแสดงในOrder Basket
A32: OPD/CPOE | B32: การ Order, View, Edit, Delete, (LAB)
B33: สั่ง LAB ต้องการทราบผลภายในวันที่สั่ง | D33: 1. ค้นหารายการ lab ที่ต้องการสั่งใน order seach 2. ระบบจะแสดงรายการที่กำหนดไว้ 3. เลือก Priority และ วันที่ต้องการทราบผลเป็นวันนี้ 4. ระบบจะแสดงข้อมูลตามที่ได้เลือกไว้ ในส่วนของ วันที่ต้องการทราบหากเลือกเป็นวันนี้ ระบบจะไม่ให้เลือกวันที่ 5. กดปุ่มเพิ่ม order ระบบจะเพิ่มการสั่งลงในระบบ 6. กดปุ่ม Sign เพื่อทำการส่งการสั่งไปยังห้องปฏิบัติการ
B34: สั่ง LAB ต้องการทราบผลภายในวันที่ต้องการ | D34: 1. ค้นหารายการ lab ที่ต้องการสั่งใน order seach 2. ระบบจะแสดงรายการที่กำหนดไว้ 3. เลือก Priority และ วันที่ต้องการทราบผลเป็นวันอื่น และเลือกวันที่ต้องการ 4. ระบบจะแสดงข้อมูลตามที่ได้เลือกไว้ 5. กดปุ่มเพิ่ม order ระบบจะเพิ่มการสั่งลงในระบบ 6. กดปุ่ม Sign เพื่อทำการส่งการสั่งไปยังห้องปฏิบัติการ
B35: Order Check list | D35: 1. กดเลือกคนไข้ที่พร้อมตัวจากหน้า รายการผู้ป่วยนอก ที่สถานะพร้อมตรวจ 2. ระบบจะแสดง Section ในส่วนของการ Order ขึ้นมา 3. คลิกปุ่มChecklist 4. Check เลือกรายการLab/Imaging 5. ตกลง รายการที่เลือกจะแสดงในOrder Basket
A36: OPD/CPOE | B36: การ Order, View, Edit, Delete, (IMG)
B37: สั่ง IMG ต้องการทราบผลภายในวันที่สั่ง | D37: 1. ค้นหารายการ Img ที่ต้องการสั่งใน order seach 2. ระบบจะแสดงรายการที่กำหนดไว้ 3. เลือก Priority และ วันที่ต้องการทราบผลเป็นวันนี้ 4. ระบบจะแสดงข้อมูลตามที่ได้เลือกไว้ ในส่วนของ วันที่ต้องการทราบหากเลือกเป็นวันนี้ ระบบจะไม่ให้เลือกวันที่ 5. กดปุ่มเพิ่ม order ระบบจะเพิ่มการสั่งลงในระบบ 6. กดปุ่ม Sign เพื่อทำการส่งการสั่งไปยังห้องปฏิบัติการ
B38: สั่ง IMG ต้องการทราบผลภายในวันที่ต้องการ | D38: 1. ค้นหารายการ Img ที่ต้องการสั่งใน order seach 2. ระบบจะแสดงรายการที่กำหนดไว้ 3. เลือก Priority และ วันที่ต้องการทราบผลเป็นวันอื่น และเลือกวันที่ต้องการ 4. ระบบจะแสดงข้อมูลตามที่ได้เลือกไว้ 5. กดปุ่มเพิ่ม order ระบบจะเพิ่มการสั่งลงในระบบ 6. กดปุ่ม Sign เพื่อทำการส่งการสั่งไปยังห้องปฏิบัติการ
B39: Order Check list | D39: 1. กดเลือกคนไข้ที่พร้อมตัวจากหน้า รายการผู้ป่วยนอก ที่สถานะพร้อมตรวจ 2. ระบบจะแสดง Section ในส่วนของการ Order ขึ้นมา 3. คลิกปุ่มChecklist 4. Check เลือกรายการImaging 5. ตกลง รายการที่เลือกจะแสดงในOrder Basket
A40: OPD/CPOE | B40: การ Order, View, Edit, Delete, (หัตถการ)
B41: การสั่งหัตถการ | D41: 1. กดเลือกคนไข้ที่พร้อมตัวจากหน้า รายการผู้ป่วยนอก ที่สถานะพร้อมตรวจ 2. ระบบจะแสดง Section ในส่วนของการ Order ขึ้นมา 3. ทำการสั่ง หัตถการ ที่ต้องการ 4. เลือก Priority และ วันที่ต้องการให้ทำหัตถการ และจำนวนครั้ง 5. กดปุ่มบันทึก 6. ระบบจะแสดงข้อมูล หัตถการที่สั่ง จำนวน ราคา พร้อม ICD9
A42: OPD/EMR | B42: เพิ่มประวัติการฉีดวัคซีน
B43: ตรวจสอบข้อมูลการให้วัคซีน | D43: 1. เลือกดูเมนู ประวัติวัคซีน ที่Side bar ทางซ้าย 2. ระบบจะแสดงหน้าประวัติการให้วัคซีน
B44: เพิ่มข้อมูลการให้วัคซีน | D44: 1. เลือกดูเมนู ประวัติวัคซีน ที่Side bar ทางซ้าย 2. ระบบจะแสดงหน้าประวัติการให้วัคซีน 3. กรอกข้อมูลยาวัคซีน 4. กดบันทึก 5. แสดงรายการประวัติการให้วัคซีน
A45: N-OPD-004 | B45: การให้บริการคนไข้หลังพบแพทย์ (คนไข้กลับบ้าน)
A46: OPD | B46: Discharge summary | D46: 1. กดเลือกคนไข้ที่พร้อมตัวจากหน้า รายการผู้ป่วยนอก ที่สถานะ ตรวจเสร็จ 2. ระบบจะแสดงข้อมูลการรักษา / Order / คิวการเงินห้องยา 3. เลือกประเภทการ Discharge 4. หากเลือก ประเภทเป็น Dead ระบบจะแสดงแบบ form ให้กรอกข้อมูล
B47: ตรวจสอบข้อมูลนัดหมายคนไข้ | D47: 1. เลือกดูเมนู ประวัติการนัดหมาย ที่ Side bar ทางซ้ายมือ 2. ระบบจะแสดงข้อมูลนัดหมายทั้งหมดของคนไข้ขึ้นมา
B48: ปริ้นท์เอกสารต่างๆ | D48: 1. ปริ้นท์เอกสารบัตรนัดที่เมนู ประวัตินัดหมาย ที่ side bar ซ้ายมือ 2. ปริ้นท์บัตรคิว การเงิน / ห้องยา ที่หน้า Discharge summary 3. ปริ้นท์เอกสารอื่นๆ ที่เมนู เอกสาร ที่ side bar ซ้ายมือ
A49: N-OPD-005 | B49: การให้บริการคนไข้หลังพบแพทย์ (คนไข้ Admit)
A50: OPD/EMR | B50: ดูข้อมูล Admit request | D50: 1. เลือกดูเมนู สร้าง admit order ที่ Side bar ทางขวามือ 2. ระบบจะแสดง ฟอร์ม ขึ้นมา โดยมีสถานะ แสดงอยู่
A51: N-OPD-006 | B51: พยาบาลตั้งค่าระบบก่อนใช้งานระบบ
A52: OPD | B52: ตั้งค่าตารางตรวจ | D52: 1. เข้าแอพผู้ป่วยนอก 2. คลิกที่หัวข้อ "ผู้ป่วยนอก" ที่แถบเมนูด้านซ้ายมือ 3. เลือกดูเมนู ตารางออกตรวจแพทย์ เพื่อเปิดหน้าต่างจัดการตารางเวลาของแพทย์ขึ้นมา 4. เมื่อคลิกแล้ว หน้าจอจะแสดงช่องสำหรับเลือก"คลินิก" และ "แพทย์ 5. ระบุชื่อคลินิก ชื่อแพทย์ ค้นหา 6. กรอกรายละเอียดวันที่ออกตรวจ และจำนวนผู้ป่วยที่รับในแต่ละSlotเวลา
A53: OPD | B53: ตั้งค่าวันหยุด | D53: 1. กดปุ่มเมนู มุมบนซ้าย 2. เลือกเมนู ผู้ป่วยนอก 3. เลือก วันหยุดแพทย์ 4. ระบบจะแสดง ข้อมูลวันหยุดแพทย์ ทั้งหมดขึ้นมา 5. กดปุ่ม เพิ่มวันลา มุมบนขวา 6. ลงข้อมูลวันที่ต้องการลา ระบุแพทย์และเหตุผลในการลา และกดบันทึก 7. ระบบจะแสดงข้อมูลวันหยุดขึ้นมา

Sheet Scenario-Inventory
A1: Case_id | B1: TOR_ID | C1: Use case Scenario | D1: Test case ID | E1: Test Step | F1: Status test | I1: NOTE | K1: Result Test Version 1.12.13 | L1: Note
F2: Pass | G2: Fail | H2: N/A
A3: PHA-INV-001 | B3: 4.9.21.1 / 4.9.21.6 | C3: สร้างใบยาในระบบ และ ระบบคลังทำการตัด Stock รายการยานั้นๆ
A4: OPD/CPOE | C4: สร้้าง Order ยา
C5: สั่่งยา | E5: 1. เลือกเมนู OPD Note 2. ระบบจะแสดงหน้าต่าง OPD ขึ้นมา 3. เลื่อนลงไป Section: Order 4. กรอกชื่อยาในช่อง Order Search 5. กรอกข้อมูลการใช้ยา 6. เพิ่มยาลงตะกร้า 7. กดปุ่มส่งคำสั่ง | K5: สร้างใบยาในระบบ และ ระบบคลังทำการตัด Stock รายการยานั้นๆ.mp4
A6: OPD/PHA | C6: สร้างใบยาตัด Stock
C7: สร้างใบยา | E7: 1. ไปที่เมนูห้องยา 2. เลือกห้องยาชั้น 1 3. เลือกคนไข้ที่จะสร้างใบยา 4. เลือกรายการยาที่จะสร้างใบยา 5. กดปุ่มสร้างใบยา
C8: จัดยา | E8: 1. เลือกรายการยาที่จะสร้างใบยา 2. กดปุ่มสร้างใบยา 3. กดปุ่มจัดยาแล้ว
C9: จ่ายยา | E9: 1. กดปุ่มยืนยันรอจ่าย 2. เลือก 3จุด ด้านหลังรายการยา 3. เลือก ยืนยันจ่ายยา
A10: PHA-INV-002 | B10: 4.9.21.2 | C10: เบิกของจากคลังใหญ่ไปคลังย่อย
A11: PHA/INV | C11: สร้างใบขอเบิกจากคลังต้นทาง
C12: สร้างใบขอเบิกไปยังคลังย่อย | E12: 1. เข้าเมนู เบิกโอน >> ขอเบิก (ต้นทาง) 2. กดปุ่ม สร้างใบขอเบิก 3. เลือกคลังต้นทาง (คลังใหญ่) >> กดปุ่ม OK 4. กดปุ่ม เพิ่มสินค้า 4. ค้นหาและเลือกรายการสินค้า พร้อมระบุจำนวนที่ขอเบิก 5. กดปุ่ม บันทึกออกใบขอเบิก 6. ระบบแสดงใบขอเบิกพร้อมเลขที่เอกสาร และสถานะ ขอเบิก | K12: สร้างใบขอเบิกไปยังคลังย่อย.mp4
C13: ดึงรายการที่ถึงจุดสั่งซื้อเข้าใบขอเบิกอัตโนมัติ | E13: 1. เข้าเมนู เบิกโอน >> ขอเบิก (ต้นทาง) 2. กดปุ่ม สร้างใบขอเบิก 3. เลือกคลังต้นทาง (คลังใหญ่) >> กดปุ่ม OK 4. กดปุ่ม แสดงรายการที่ถึงจุดสั่งชื้อ 4. ค้นหาและเลือกรายการสินค้า พร้อมระบุจำนวนที่ขอเบิก 5. กดปุ่ม บันทึกออกใบขอเบิก 6. ระบบแสดงใบขอเบิกพร้อมเลขที่เอกสาร และสถานะ ขอเบิก | J13: Mock Data ให้ขึ้นสีเหลืองไว้ | K13: ดึงรายการที่ถึงจุดสั่งซื้อเข้าใบขอเบิกอัตโนมัติ.mp4
C14: พิมพ์ใบขอเบิกจากคลัง | E14: 1. เปิดใบขอเบิกที่สร้างไว้ 2. กดปุ่ม พิมพ์ใบขอเบิก 3. ระบบแสดงใบขอเบิกจากคลัง พร้อมเลขที่เอกสาร หน่วยขอเบิก-หน่วยจ่าย และรายการสินค้า | K14: พิมพ์ใบขอเบิกจากคลัง.mp4
A15: PHA/INV | C15: โอนสินค้าระหว่างคลัง
C16: โอนสินค้าจากคลังใหญ่ไปคลังย่อย | E16: 1. เข้าเมนู เบิกโอน >> โอนระหว่างคลัง (ต้นทาง) 2. กดปุ่ม สร้างใบโอน 3. เลือกคลังต้นทาง (คลังใหญ่) >> กดปุ่ม OK 4. กดปุ่ม เพิ่มสินค้า 4. ค้นหาและเลือกรายการสินค้า พร้อมระบุจำนวนที่โอนในแต่ล่ะ Lot 5. กดปุ่ม บันทึกโอนออกจากคลัง 6. ระบบแสดงใบโอนพร้อมเลขที่เอกสาร และสถานะ โอนระหว่างคลัง | K16: โอนสินค้าจากคลังใหญ่ไปคลังย่อย.mp4
C17: ตรวจสอบยอดคงเหลือคลังต้นทางหลังโอน | E17: 1. เข้าเมนู ภาพรวม 2. ค้นหาสินค้าที่โอนออกไป 3. ตรวจสอบยอดคงเหลือลดลงตรงตามจำนวนที่โอน 4. เปิด Stock Card ของสินค้า 5. ระบบแสดง movement ประเภทโอนออก พร้อมเลขที่ใบโอน | K17: ตรวจสอบยอดคงเหลือคลังต้นทางหลังโอน.mp4 | L17: Bug ไม่สามารถพิมพ์ใบ Stock Card ได้ | M17: ตรวจสอบยอดคงเหลือคลังต้นทางหลังโอน Fix.mp4
A18: PHA/INV | C18: รับเข้าที่คลังปลายทาง
C19: คลังย่อยรับเข้าสินค้าที่โอนมา | E19: 1. เข้าเมนู รับเข้า >> รับเข้าระหว่างคลัง (โอนเข้า) 2. เลือกรายการที่รอรับเข้า 3. ตรวจสอบจำนวนและ Lot แล้วกดปุ่ม รับเข้าจากเบิก/โอน 4. ยอดคงเหลือของคลังย่อยเพิ่มขึ้นตามจำนวนที่รับ | K19: คลังย่อยรับเข้าสินค้าที่โอนมา.mp4
A20: PHA-INV-003 | B20: 4.9.21.3 | C20: อนุมัติหรือปฏิเสธคำขอการเบิกสินค้า
A21: PHA/INV | C21: ตรวจสอบใบขอเบิกที่รอจ่าย
C22: ตรวจสอบรายการใบขอเบิกที่รออนุมัติ | E22: 1. เข้าเมนู จ่ายออก >> จ่ายตามใบขอเบิก 2. กดปุ่ม ค้นหา 3. ระบบแสดง ใบขอเบิกพร้อมสถานะ ขอเบิก 4. เลือกรายการ ขอเบิกเพื่อดูรายการสินค้า จำนวนที่ขอ และยอดคงคลัง | K22: ตรวจสอบรายการใบขอเบิกที่รออนุมัติ.mp4
A23: PHA/INV | C23: อนุมัติคำขอเบิก
C24: อนุมัติและจ่ายเต็มจำนวน | E24: 1. เข้าเมนู จ่ายออก >> จ่ายตามใบขอเบิก 2. กดปุ่ม ค้นหา 3. ระบบแสดง ใบขอเบิกพร้อมสถานะ ขอเบิก 4. เลือกรายการ ขอเบิกเพื่อดูรายการสินค้า จำนวนที่ขอ และยอดคงคลัง 5. ระบุจำนวนที่จ่าย (จ่ายเต็มจำนวน) 6. กดปุ่ม บันทึกจ่ายออกจากคลัง | K24: อนุมัติและจ่ายเต็มจำนวน.mp4
C25: อนุมัติแบบจ่ายบางส่วน (ค้างจ่าย) | E25: 1. เข้าเมนู จ่ายออก >> จ่ายตามใบขอเบิก 2. กดปุ่ม ค้นหา 3. ระบบแสดง ใบขอเบิกพร้อมสถานะ ขอเบิก 4. เลือกรายการ ขอเบิกเพื่อดูรายการสินค้า จำนวนที่ขอ และยอดคงคลัง 5. ระบุจำนวนที่จ่าย (ระบุไม่ครบตามจำนวนที่ขอเบิก) 6. กดปุ่ม บันทึกจ่ายออกจากคลัง | J25: **ต้องกด จ่ายบางส่วน** | K25: อนุมัติแบบจ่ายบางส่วน (ค้างจ่าย).mp4
C26: กรณียอดคงคลังไม่พอ | E26: 1. เข้าเมนู จ่ายออก >> จ่ายตามใบขอเบิก 2. กดปุ่ม ค้นหา 3. ระบบแสดง ใบขอเบิกพร้อมสถานะ ขอเบิก 4. เลือกรายการ ขอเบิกเพื่อดูรายการสินค้า จำนวนที่ขอ และยอดคงคลัง 5. ระบุจำนวนที่จ่าย (ระบุไม่ครบตามจำนวนที่ขอเบิก) 6. กดปุ่ม บันทึกจ่ายออกจากคลัง | J26: **ต้องกด จ่ายบางส่วน** | K26: กรณียอดคงคลังไม่พอ.mp4
A27: PHA/INV | C27: ปฏิเสธคำขอเบิก
C28: ปฏิเสธ / ยกเลิกใบขอเบิก | E28: ปฏิเสธ รับของระหว่างคลัง 1. เข้าเมนู รับเข้า >> รับเข้าระหว่างคลัง(โอนเข้า) 1. เปิดใบขอเบิกที่มีสถานะ จ่ายออกจากการเบิก 2. กดปุ่ม ปฏิเสธรับเข้าจากเบิก/โอน 3. กดปุ่ม YES 5. สถานะเปลี่ยนเป็น ปฏิเสธรับเข้าจากเบิก และยอดคงเหลือไม่ถูกตัด | K28: ปฏิเสธ ยกเลิกใบขอเบิก.mp4
A29: PHA-INV-004 | B29: 4.9.21.4 / 4.9.21.5 | C29: รับของเข้าคลังตามรายที่เบิก (มีทั้งหมด 3 วิธี)
A30: PHA/INV | C30: วิธีที่ 1 รับเข้าจากใบสั่งซื้อ (PO)
C31: สร้างเอกสาร PR และ อนุมัติเอกสาร PR | E31: 1. เข้าเมนู จัดชื้อ >> ขอซื้อ (PR) 2. กดปุ่ม สร้างใบสั่งชื้อ 3. ระบุผู้จำหน่าย 3. กดปุ่ม เพิ่มสินค้า 4. เลือกรายการสินค้า >> กดปุ่ม เลือก 5. ระบุจำนวนขอชื้อ, ของแถม, Vat, ราคาทุน/หน่วยชื้อ, ผู้ผลิต, เหตุผลในการขอชื้อ, หมายเหตุ 6. กดบันทึกออกใบขอชื้อ 7. เลือกเอกสาร PR 8. กดปุ่ม อนุมัติใบขอชื้อ | K31: สร้างเอกสาร PR และ อนุมัติเอกสาร PR.mp4
C32: สร้างเอกสาร PO | E32: 1. เข้าเมนู จัดชื้อ >> สั่งซื้อ (PO) 2. กดปุ่ม สร้างใบสั่งชื้อ 3. กดปุ่ม รายการใบขอสั่งชื้อ 4. กดปุ่ม ค้นหา 5. เลือกรายการเอกสาร PR (ที่อนุมัติแล้ว) >> เลือก 6. กดปุ่ม บันทึกออกใบสั่งชื้อ 7. กดปุ่ม Yes | K32: สร้างเอกสาร PO.mp4
C33: รับเข้าตาม PO เต็มจำนวน | E33: 1. เข้าเมนู รับเข้า >> รับเข้าจากการสั่งชื้อ(PO) 2. เลือกรายการเอกสาร PO 3. กดติ๊กหน้ารายการที่จะรับเข้า 4. ระบุ Lot No., รับเข้า, รับเข้าของแถม(ถ้ามี) (กรอกรับเต็มจำนวน) 5. บันทึกรับเข้าคลัง 7. รายการจะแสดงสถานะเปลี่ยนจาก สั่งชื้อ เป็น รับเข้า | K33: รับเข้าตาม PO เต็มจำนวน.mp4
C34: รับเข้าตาม PO บางส่วน (ค้างรับ) | E34: 1. เข้าเมนู รับเข้า >> รับเข้าจากการสั่งชื้อ(PO) 2. เลือกรายการเอกสาร PO 3. กดติ๊กหน้ารายการที่จะรับเข้า 4. ระบุ Lot No., รับเข้า, รับเข้าของแถม(ถ้ามี) (กรอกรับไม่เต็มจำนวน) 5. บันทึกรับเข้าคลัง 7. รายการจะยังคงแสดงสถานะเป็น สั่งชื้อ | K34: รับเข้าตาม PO บางส่วน (ค้างรับ).mp4
C35: พิมพ์ใบรับเข้าสินค้า | E35: 1. เข้าเมนู รับเข้า >> รับเข้าจากการสั่งชื้อ(PO) 2. เลือกรายการเอกสาร PO 3. กดปุ่ม พิมพ์ใบรับเข้าสินค้า | K35: พิมพ์ใบรับเข้าสินค้า.mp4
A36: PHA/INV | C36: วิธีที่ 2 รับเข้าจากการโอนระหว่างคลัง
C37: รับเข้าสินค้าที่คลังอื่นโอนมา | E37: 1. เข้าเมนู รับเข้า >> รับเข้าระหว่างคลัง (โอนเข้า) 2. ระบบแสดงรายการทั้งหมด 3. เลือกรายการที่จะรับเข้า 4. ตรวจสอบจำนวนและ Lot >> กดปุ่ม รับเข้าจากเบิก/โอน 5. สถานะเปลี่ยนเป็น รับจากการโอนระหว่างคลัง และยอดคงเหลือเพิ่มขึ้น | K37: รับเข้าสินค้าที่คลังอื่นโอนมา.mp4
C38: พิมพ์ใบรับโอน | E38: 1. เข้าเมนู รับเข้า >> รับเข้าระหว่างคลัง (โอนเข้า) 2. ระบบแสดงรายการทั้งหมด 3. เลือกรายการที่ รับจากการโอนระหว่างคลัง 4. กดปุ่ม พิมพ์ใบรับเข้าจากการเบิก/โอน | K38: พิมพ์ใบรับโอน.mp4
A39: PHA/INV | C39: วิธีที่ 3 รับเข้าจากช่องทางอื่น (บริจาค / เร่งด่วน / อื่นๆ)
C40: สร้างใบรับเข้าแบบบริจาค | E40: 1. เข้าเมนู รับเข้า >> รับเข้าวิธีอื่นๆ (บริจาค/เร่งด่วน/อื่นๆ) 2. ระบบแสดงรายการทั้งหมด 3. กดปุ่ม สร้างใบสั่งชื้อด้วยวิธีอื่นๆ 4. ระบุ ประเภทการรับเข้า (ระบุ รับเข้าจากยาบริจาค) 5. กดปุ่ม เพิ่มสินค้า 6. เลือกรายการสินค้า >> กดปุ่ม เลือก 7. ระบุ Lot, จำนวนรับเข้า 8. กดปุ่ม บันทึกรอรับเข้า | K40: สร้างใบรับเข้าแบบบริจาค.mp4
C41: บันทึกใบรับเข้าเป็นสถานะ รอรับ | E41: 1. เข้าเมนู รับเข้า >> รับเข้าวิธีอื่นๆ (บริจาค/เร่งด่วน/อื่นๆ) 2. ระบบแสดงรายการทั้งหมด 3. เลือกรายการที่จะรับเข้า 4. ตรวจสอบจำนวน >> กดปุ่ม บันทึกรับเข้าคลัง 5. สถานะเปลี่ยนเป็น รับเข้า และยอดคงเหลือเพิ่มขึ้น | K41: บันทึกใบรับเข้าเป็นสถานะ รอรับ.mp4
C42: ตรวจสอบประวัติการรับเข้า | E42: 1. เข้าเมนู รับเข้า >> รับเข้าวิธีอื่นๆ (บริจาค/เร่งด่วน/อื่นๆ) 2. ระบบแสดงรายการทั้งหมด 3. เลือกรายการที่ รับเข้า 4. กดปุ่ม พิมพ์ใบรับเข้าสินค้า | K42: ตรวจสอบประวัติการรับเข้า.mp4 | L42: Bug ไม่สามารถพิมพ์เอกสารรับเข้าได้ | M42: ตรวจสอบประวัติการรับเข้า Fix.mp4

Sheet Mock-Data Inventory
A2: สถานะยา | B2: ชื่อสถานะ | C2: Code | D2: Drug Name
A3: สีเขียว | B3: เกินจุดสูงสุด | C3: med0000028 | D3: ACTEMRA (tocilizumab 80 mg/4 mL) concentrate for solution for infusion
A4: สีเหลือง | B4: ถึงจุดสั่งชื้อ | C4: med0000006 | D4: UTO LINCOMYCIN (lincomycin 3 g/10 mL) solution for injection
A5: สีส้ม | B5: ต่ำกว่าจุดวิกฤต | C5: med0000015 | D5: THENOX (enoxaparin sodium 60 mg/0.6 mL) solution for injection
A6: สีแดง | B6: หมดคลัง | C6: MED0000247 | D6: liposomal AMPHOTERICIN B 50 MG (UC)
A7: สีฟ้า | B7: รอรับเข้า | C7: med0000033 | D7: ARCONA (60 MG) (etoricoxib 60 mg) film-coated tablet
A8: สีม่วง | B8: ใกล้หมดอายุ | C8: med0000027 | D8: ACTEMRA (tocilizumab 400 mg/20 mL) concentrate for solution for infusion
A9: สีขาว | B9: มีพอใช้งาน | C9: med0000004 | D9: FELDENE (piroxicam 500 mg/100 g) gel
A13: User | B13: HN | C13: FName | D13: LName
A14: 1 | B14: 6903474 | C14: Test | D14: Inventory01
A15: 2 | B15: 6903475 | C15: Test | D15: Inventory02
A18: ยาสำหรับใช้ทดสอบ
A19: Code | B19: Drug Name
A20: MED0000323 | B20: VINCRISTINE SULFATE 2 MG/2 ML INJECTION
A21: MED0000278 | B21: SOFOSBUVIR 400 MG +LEDIPASVIR 90 MG TABLET (UC/SS)
A22: 1153035 | B22: COVID-19 VACCINE, 5 ML INJECTION (AZ) - ต่างชาติ

Sheet Scenario- ER
A1: Case_id | B1: TOR_ID | C1: Use case Scenario | D1: Test case ID | E1: Test Step | F1: Status test | I1: NOTE | J1: Pass/Fail
F2: Pass | G2: Fail | H2: N/A
A3: UAT-ER-01 | B3: 4.9.8.1.1 4.9.8.1.2 4.9.8.1.3 4.9.8.2.1 4.9.8.2 (1.9.2.4) 4.9.8.4.2 4.9.8.5 (1.9.5.1) 4.9.8.7.2 4.9.8.8.3 4.9.8.9.1 | C3: ผู้ป่วยมี HN เดิม ตรวจแล้วจำหน่าย แยกตามประเภท Disposition | M3: 1. ต้องเพื่ม MOPH Refer เพิ่มแล้ว 2. ประวัติแพ้ยา เพื่มแล้ว
A4: ER/REG | C4: เปิด Visit ER สิทธิ์ UC
C5: ค้นหาผู้ป่วยด้วย HN / ชื่อ / เลขบัตร | E5: 1. เข้าแอป ห้องฉุกเฉิน >> แดชบอร์ด >> กด "+ คัดกรอง" >> เลือก "ผู้ป่วยมี HN" แล้วค้นหาผู้ป่วยรายเดียวกันทีละวิธี: HN · ชื่อ-สกุล · เลขบัตรประชาชน 2. ผลที่ควรเห็น: ทุกวิธีพบผู้ป่วยรายเดียวกัน | I5: ผู้ทำ: เวชระเบียน | M5: 1. การเงินไม่สามารถปิด Visit ได้ ต้องให้แก้ก่อน 2. Lab Result ไม่สามารถส่งกลับมาได้
C6: ตรวจข้อมูลผู้ป่วยก่อนเปิด Visit | E6: 1. เลือกผู้ป่วย แล้วดูข้อมูลเบื้องต้นก่อนเปิด Visit 2. ผลที่ควรเห็น: เห็นชื่อ-สกุล รูปถ่าย | I6: ผู้ทำ: เวชระเบียน
C7: เปิด Visit ER | E7: 1. ในหน้าต่าง "เปิด Visit ER" เลือกสิทธิการรักษา แล้วกด "ยืนยันเปิด visit" 2. ผลที่ควรเห็น: ขึ้นข้อความ "สร้าง Visit สำเร็จ" และหัวจอผู้ป่วยแสดงเลข EN ของการมาครั้งนี้ | I7: ผู้ทำ: เวชระเบียน
A8: ER/TRIAGE | C8: คัดกรอง (Triage)
C9: กรอกฟอร์มคัดกรองให้ครบ | E9: 1. ในขั้น "1 Triage" กรอกฟอร์มคัดกรองให้ครบ: วิธีนำส่ง (วิธีการมาถึง) · รูปแบบเข้ารับบริการ · สัญญาณชีพ · Pain Score · อาการนำ · แพ้ยา .GCS .MEWS 2. ผลที่ควรเห็น: กรอกได้ครบทุกหัวข้อ และระบบคำนวณ MEWS จากสัญญาณชีพให้อัตโนมัติ | I9: ผู้ทำ: พยาบาลคัดกรอง
C10: เลือกระดับความเร่งด่วน (ESI) | E10: 1. ดูระดับความเร่งด่วน (ESI) ที่ระบบแนะนำ แล้วเลือกระดับที่เหมาะสม 2. ผลที่ควรเห็น: ระบบแสดงระดับที่แนะนำ ผู้ใช้เลือกเองได้ และระบบเลือกโซนที่แนะนำตามระดับให้ (แก้ได้) | I10: ผู้ทำ: พยาบาลคัดกรอง
C11: เลือกโซนและบันทึกคัดกรอง | E11: 1. ตรวจโซน แล้วกด "บันทึก" 2. ผลที่ควรเห็น: หน้าเปลี่ยนเป็น Overview แสดงระดับความเร่งด่วนและโซน · ผู้ป่วยขึ้นในคอลัมน์โซนนั้นบน ER Dashboard | I11: ผู้ทำ: พยาบาลคัดกรอง
A12: ER/EMR | C12: ตรวจรักษา
C13: เปิดผู้ป่วยจาก ER Dashboard | E13: 1. เปิด ER Dashboard แล้วคลิกผู้ป่วยจากรายการบนบอร์ด (Whiteboard) 2. ผลที่ควรเห็น: เข้าหน้าข้อมูลการรับบริการและการรักษาของผู้ป่วยรายนั้นได้ | I13: ผู้ทำ: แพทย์ ER
C14: บันทึก ER Physician Note | E14: 1. เปิดหน้าผู้ป่วย >> ER Physician Note (จากแท็บด้านขวา) บันทึกผลการตรวจ แล้วบันทึก 2. ผลที่ควรเห็น: บันทึกสำเร็จ เปิดดูซ้ำแล้วข้อมูลยังอยู่ | I14: ผู้ทำ: แพทย์ ER
C15: บันทึกประวัติแพ้ยา | E15: 1. แท็บด้านขวา >> บันทึกการแพ้ >> กรอกข้อมูลการแพ้ยา >> กด "บันทึก" 2. ผลที่ควรเห็น: ระบบแสดงรายการแพ้ยาที่ Banner ของผู้ป่วย | I15: ผู้ทำ: แพทย์ ER
C16: ขอ Consult แพทย์เฉพาะทาง | E16: 1. ขอ Consult แพทย์เฉพาะทาง: ใน Section Consult ของฟอร์มฝั่ง ER เลือก "ขอปรึกษาไปยังคลินิก" กรอกรายละเอียด แล้วบันทึก 2. ผลที่ควรเห็น: คำขอ Consult ถูกส่ง และแสดงในรายการ Consult ว่ามาจาก ER | I16: ผู้ทำ: แพทย์ ER
C17: ตอบ Consult | E17: 1. เปิดคำขอ Consult ที่มาจาก ER แล้วตอบคำปรึกษาในช่อง "คำตอบ" 2. ผลที่ควรเห็น: บันทึกคำตอบได้ | I17: ผู้ทำ: แพทย์เฉพาะทาง
C18: ดูคำตอบ Consult | E18: 1. กลับมาดูที่หน้าผู้ป่วย ER 2. ผลที่ควรเห็น: เห็นคำตอบจากแพทย์เฉพาะทาง | I18: ผู้ทำ: แพทย์ ER
C19: สั่ง Order | E19: 1. ไปที่แท๊บขวา >> เลือก "One Day Order" >> เพิ่มรายการยา/LAB/IMAGING/Activity 2. เพิ่มลงตะกร้า >> กดปุ่ม "ส่งคำสั่ง" 3. ผลที่ควรเห็น: แสดงรายการที่หน้า Order Summary | I19: ผู้ทำ: แพทย์ ER
A20: กรณี 1.1 | C20: กรณี 1.1 กลับบ้านปกติ (Disposition) — ผู้ป่วยรายที่ 1
C21: เริ่ม Disposition และกรอกข้อมูลในเอกสาร | E21: 1. Patient Card >> แท็บด้านขวา >> Disposition >> เริ่มจำหน่าย >> เลือก With Approval 2. กรอกข้อมูลที่เป็น Required Field ทั้งหมด 3. ผลที่ควรเห็น: สถานะ Disposition เป็น DRAFT | I21: ผู้ทำ: แพทย์ ER
C22: ลงนามเอกสาร Disposition | E22: 1. กดปุ่ม "ลงนาม" (Sign) เอกสาร Disposition 2. ผลที่ควรเห็น: เอกสารแสดงสถานะลงนามแล้ว | I22: ผู้ทำ: แพทย์ ER
C23: ออกใบรับรองแพทย์ | E23: 1. ออกใบรับรองแพทย์ได้ 2. ผลที่ควรเห็น: สามารถออกเอกสารใบรับรองแพทย์ได้ | I23: ผู้ทำ: แพทย์ ER
A24: กรณี 1.2 | C24: กรณี 1.2 ปฏิเสธการรักษา — ผู้ป่วยรายที่ 2
C25: เริ่ม Disposition แบบ ปฏิเสธการรักษา | E25: 1. ผู้ป่วยขอกลับ: Patient Card >> แท็บด้านขวา >> Disposition >> เริ่มจำหน่าย >> เลือก Against Advice 2. กรอกข้อมูลที่เป็น Required Field ทั้งหมด 3. ผลที่ควรเห็น: สถานะ Disposition เป็น DRAFT | I25: ผู้ทำ: แพทย์ ER
C26: ลงนามเอกสาร Disposition | E26: 1. กดปุ่ม "ลงนาม" (Sign) เอกสาร Disposition 2. ผลที่ควรเห็น: เอกสารแสดงสถานะลงนามแล้ว | I26: ผู้ทำ: แพทย์ ER
A27: กรณี 1.3 | C27: กรณี 1.3 ลงนาม แล้วพบข้อมูลผิด (Reopen) — ใช้ผู้ป่วยจากกรณี 1.1 ต่อได้
C28: Reopen Disposition ที่ ลงนาม แล้ว | E28: 1. เปิด Disposition ของผู้ป่วยกรณี 1.1 ที่ ลงนาม แล้ว พบว่าข้อมูลผิด กดปุ่ม "Reopen" 2. ผลที่ควรเห็น: สามารถดำเนินการแก้ไขข้อมูลที่ต้องการได้ | I28: ผู้ทำ: แพทย์ ER
C29: แก้ข้อมูลและ ลงนาม ใหม่ | E29: 1. แก้ข้อมูลให้ถูกต้อง แล้ว ลงนาม ใหม่ 2. ผลที่ควรเห็น: ลงนาม สำเร็จ ข้อมูลเป็นค่าที่แก้แล้ว | I29: ผู้ทำ: แพทย์ ER
C30: ตรวจผู้ทำและเวลาการ Disposition | E30: 1. ดูข้อมูลการ Disposition 2. ผลที่ควรเห็น: ระบบเก็บชื่อผู้ทำและเวลาของการ Disposition | I30: ผู้ทำ: แพทย์ ER
A31: UAT-ER-02 | B31: 4.9.8.1.3 | C31: ผู้ป่วยใหม่ไม่มี HN มา ER ครั้งแรก
A32: ER/REG | C32: เปิด Visit ER
C33: ลงทะเบียนผู้ป่วยใหม่ (สร้าง HN) | E33: 1. ห้องฉุกเฉิน >> แดชบอร์ด >> กด "+ คัดกรอง" >> เลือก "ผู้ป่วยใหม่" กรอกเลขบัตรประชาชน · ชื่อ · นามสกุล · เพศ · วันเกิด . บันทึกรูปภาพด้วย แล้วกด "ลงทะเบียนผู้ป่วย" 2. ผลที่ควรเห็น: ลงทะเบียนสำเร็จ ได้ HN ใหม่ (ไม่ต้องกรอกที่อยู่ก็ลงทะเบียนได้) | I33: ผู้ทำ: เวชระเบียน
C34: เปิด Visit ER | E34: 1. เปิด Visit ER: เลือกสิทธิการรักษา แล้วกด "ยืนยันเปิด visit" 2. ผลที่ควรเห็น: ขึ้นข้อความ "สร้าง Visit สำเร็จ" และได้เลข EN | I34: ผู้ทำ: เวชระเบียน
A35: ER/TRIAGE | C35: คัดกรอง (Triage)
C36: คัดกรองและเลือกโซน | E36: 1. กรอกฟอร์มคัดกรอง (สัญญาณชีพ · GCS · อาการสำคัญ ฯลฯ) เลือกระดับความเร่งด่วนและโซน แล้วกด "บันทึก" 2. ผลที่ควรเห็น: ผู้ป่วยขึ้นในคอลัมน์โซนที่เลือกบน ER Dashboard และแสดงระดับความเร่งด่วน | I36: ผู้ทำ: พยาบาลคัดกรอง
C37: พิมพ์ป้ายปลายเตียง | E37: 1. หน้า Overview >> แท็บด้านขวา >> พิมพ์ป้ายปลายเตียง 2. ผลที่ควรเห็น: ได้ป้ายปลายเตียงที่มีชื่อผู้ป่วย เลข EN และวันเวลา | I37: ผู้ทำ: พยาบาลคัดกรอง
A38: ER/EMR | C38: ตรวจรักษา
C39: บันทึก ER Physician Note | E39: 1. เปิดหน้าผู้ป่วย >> ER Physician Note (จากแท็บด้านขวา) บันทึกผลการตรวจ แล้วบันทึก 2. ผลที่ควรเห็น: บันทึกสำเร็จ เปิดดูซ้ำแล้วข้อมูลยังอยู่ | I39: ผู้ทำ: แพทย์ ER
A40: ER/DISP | C40: จำหน่าย (Disposition)
C41: เริ่ม Disposition และกรอกข้อมูลในเอกสาร | E41: 1. Patient Card >> แท็บด้านขวา >> Disposition >> เริ่มจำหน่าย >> เลือก With Approval 2. กรอกข้อมูลที่เป็น Required Field ทั้งหมด 3. ผลที่ควรเห็น: สถานะ Disposition เป็น DRAFT | I41: ผู้ทำ: แพทย์ ER
C42: ลงนามเอกสาร Disposition | E42: 1. กดปุ่ม "ลงนาม" (Sign) เอกสาร Disposition 2. ผลที่ควรเห็น: เอกสารแสดงสถานะลงนามแล้ว | I42: ผู้ทำ: แพทย์ ER
C43: ยืนยันการกรอกที่อยู่ผู้ป่วย (ในกรณีคนไข้ไม่ได้ถูกระบุที่อยู่) | E43: 1. กรณีไม่มีที่อยู่ >> "ลงนามต่อ" 2. ผลที่ควรเห็น: ลงนาม สำเร็จ สถานะเป็น ลงนาม | I43: ผู้ทำ: แพทย์ ER
A44: UAT-ER-03 | B44: 4.9.8.1.3 4.9.8.1.4 4.9.8.2.1 4.9.8.4.2 | C44: ผู้ป่วยไม่ทราบตัวตน หมดสติ ต้องกู้ชีพ
A45: ER/REG | C45: เปิด Visit ER
C46: ลงทะเบียนผู้ป่วยระบุตัวตนไม่ได้ | E46: 1. ห้องฉุกเฉิน >> กด "+ คัดกรอง" >> เลือก "ผู้ป่วยระบุตัวตนไม่ได้" กรอกชื่อสมมติ เพศ บันทึกรูปภาพ และอายุโดยประมาณ แล้วลงทะเบียน 2. ผลที่ควรเห็น: ได้ HN ชั่วคราว (Dummy) และชื่อสมมติแสดงบนหัวจอ | I46: ผู้ทำ: พยาบาลคัดกรอง
C47: เปิด Visit ER | E47: 1. เปิด Visit ER ให้ผู้ป่วยรายนี้ 2. ผลที่ควรเห็น: ได้เลข EN และระบบเปิดฟอร์มคัดกรองต่อทันที | I47: ผู้ทำ: พยาบาลคัดกรอง
A48: ER/TRIAGE | C48: คัดกรอง (Triage)
C49: คัดกรอง ESI 1 พร้อม GCS | E49: 1. กรอกฟอร์มคัดกรอง: สัญญาณชีพ และ GCS (E / V / M) แล้วเลือกระดับความเร่งด่วน 1 (กู้ชีพ) 2. ผลที่ควรเห็น: ระบบคำนวณ MEWS ให้อัตโนมัติ และเลือกโซนแดงให้ | I49: ผู้ทำ: พยาบาลคัดกรอง
C50: ตรวจโซนแดงและบันทึก | E50: 1. ตรวจว่าโซนเป็นโซนแดง แล้วกด "บันทึก" 2. ผลที่ควรเห็น: ผู้ป่วยขึ้นในคอลัมน์โซนแดง ER บน ER Dashboard | I50: ผู้ทำ: พยาบาลคัดกรอง
A51: ER/EMR | C51: ตรวจรักษา
C52: บันทึก CPR Progression | E52: 1. หน้าผู้ป่วย >> แท็บด้านขวา >> CPR Progression บันทึกการกู้ชีพ: วันเวลา · Rhythm · CPR Mark (เริ่ม CPR / หยุด CPR) 2. ผลที่ควรเห็น: บันทึกได้ และย้อนดูรายการที่บันทึกไว้ได้เรียงตามเวลา | I52: ผู้ทำ: พยาบาล ER
C53: บันทึก Doctor Progress Note | E53: 1. เลือกผู้ป่วย >> แท็บด้านขวา >> สร้างฟอร์ม >> Doctor Progress Note กรอก S O A P แล้วบันทึก 2. ผลที่ควรเห็น: บันทึกสำเร็จ แสดงในรายการพร้อมวันเวลาและชื่อผู้บันทึก | I53: ผู้ทำ: แพทย์ ER
A54: ER/DISP | C54: จำหน่าย (Disposition)
C55: Disposition แบบ Admission และลงนาม | E55: 1. Patient Card >> แท็บด้านขวา >> Disposition เลือก "Admission" >> ลงนาม (Sign) เอกสาร Disposition 2. ผลที่ควรเห็น: ลงนามได้ · ถ้าขึ้นหน้าต่าง "ผู้ป่วยยังไม่มีข้อมูลที่อยู่" กด "ลงนามต่อ" ได้ | I55: ผู้ทำ: แพทย์ ER
A56: UAT-ER-04 | B56: 4.9.8.4.1 1.9.5.1 4.9.8.7.2 | C56: ผู้ป่วย ER ต้องนอนโรงพยาบาล (รอเตียง)
A57: ER/DISP | C57: จำหน่าย (Disposition) - Admit Request
C58: Disposition แบบ Admission และ ลงนาม | E58: 1. Patient Card >> แท็บด้านขวา >> Disposition >> เลือก "Admission" >> ลงนาม (Sign) เอกสาร Disposition 2. ผลที่ควรเห็น: ลงนาม สำเร็จ สถานะเป็น ลงนาม | I58: ผู้ทำ: แพทย์ ER
A59: ER/ADMIT | C59: หลังจำหน่าย: Admit
C60: สร้าง Admit Request | E60: 1. สร้าง Admit Request ส่งไปศูนย์จัดการเตียง 2. ผลที่ควรเห็น: ศูนย์จัดการเตียงเห็นคำขอ Admit ของผู้ป่วยรายนี้ | I60: ผู้ทำ: แพทย์ ER
C61: ย้ายคนไข้ไปโซน คนไข้รอเตียง | E61: 1. เปิดหน้า Dashboard หรือ หน้ารายการ (แท็บ ผู้ป่วยรอเตียง) 2. ผลที่ควรเห็น: เห็นคนไข้ที่สร้างคำขอ Admit แสดงอยู่ในแท๊บ ผู้ป่วยรอเตียง | I61: ผู้ทำ: พยาบาล ER
C62: สร้าง AN (Convert EN เป็น AN) | E62: 1. รับเป็นผู้ป่วยใน: สร้าง AN (Convert จาก EN เป็น AN) 2. ผลที่ควรเห็น: ผู้ป่วยได้เลข AN | I62: ผู้ทำ: ศูนย์จัดการเตียง
A63: ER/ADMIT | C63: ดูข้อมูลการรักษาคนไข้
C64: ดู Treatment Timeline | E64: 1. เมนูด้านซ้าย "ประวัติการรักษา" >> แท็บ Timeline 2. ผลที่ควรเห็น: ติดตามกิจกรรมย้อนหลังได้ครบ ตั้งแต่เปิด Visit ถึง Disposition เรียงตามเวลา พร้อมชื่อผู้บันทึก | I64: ผู้ทำ: แพทย์ ER
C65: ติดตามสถานะ Lab / IMG | E65: 1. เปิดรายการผู้ป่วย ER (มุมมอง "รายการ") ดูคอลัมน์สถานะ Lab และ IMG ไปจนผลออก 2. ผลที่ควรเห็น: คอลัมน์ขึ้นสถานะรอผลเองหลังแพทย์สั่ง และเปลี่ยนเมื่อผลออกครบ | I65: ผู้ทำ: พยาบาล ER
A66: UAT-ER-05 | B66: 4.9.8.2.1 1.9.2.2 1.9.2.3 1.9.5.1 4.9.8.7.3 4.9.8.9.1 4.9.8.9.3 | C66: คัดกรองแรกรับ (ESI 5) และคัดกรองซ้ำประเมินอาการ
A67: กรณี 5.1 | C67: กรณี 5.1 ผู้ป่วยไม่ฉุกเฉิน ESI 5 ส่งต่อ OPD
C68: คัดกรอง ESI 5 | E68: 1. กรอกฟอร์มคัดกรอง แล้วเลือกระดับความเร่งด่วน 5 (ไม่เร่งด่วน) 2. ผลที่ควรเห็น: ระบบเสนอโซนเขียว (Green Zone) | I68: ผู้ทำ: พยาบาลคัดกรอง
C69: ส่งต่อผู้ป่วยไป OPD | E69: 1. ส่งต่อผู้ป่วยไปตรวจที่ OPD 2. ผลที่ควรเห็น: ผู้ป่วยในหน้า ER Dashboard | I69: ผู้ทำ: พยาบาลคัดกรอง
A70: กรณี 5.2 | C70: กรณี 5.2 ผู้ป่วยอาการทรุดระหว่างรอตรวจ → ต้องคัดกรองซ้ำ
C71: คัดกรองรอบแรกและประเมินอาการ | E71: 1. ที่หน้าคัดกรอง บันทึกสัญญาณชีพรอบแรก (MEWS อยู่ในระดับสูง ESI 2) 2. ผลที่ควรเห็น: แสดงข้อมูลคัดกรองรอบแรก | I71: ผู้ทำ: พยาบาล ER
C72: ดูแจ้งเตือน MEWS | E72: 1. ดูการแจ้งเตือนที่หน้า EMR ของผู้ป่วย และที่หน้า Patient list 2. ผลที่ควรเห็น: มีแจ้งเตือน MEWS | I72: ผู้ทำ: พยาบาล ER
C73: Acknowledge แจ้งเตือน MEWS | E73: 1. ที่หน้าคัดกรอง กด Acknowledge การแจ้งเตือน MEWS โดยพิมพ์ข้อความประกอบก่อนกด 2. ผลที่ควรเห็น: สถานะเปลี่ยนจาก "รอการรับทราบ" เป็น "รับทราบแล้ว" พร้อมชื่อผู้กดและเวลา · ถ้ายังไม่พิมพ์ข้อความจะกด Acknowledge ไม่ได้ | I73: ผู้ทำ: แพทย์ ER
C74: คัดกรองซ้ำ (Re-triage) | E74: 1. กดปุ่ม "คัดกรองซ้ำ" กรอกการคัดกรองครั้งใหม่ เลือกระดับความเร่งด่วนที่สูงขึ้น (เช่น ESI 1) แล้วบันทึก 2. ผลที่ควรเห็น: หน้าจอแสดงระดับความเร่งด่วนใหม่ และผู้ป่วยย้ายไปโซนตามระดับใหม่ | I74: ผู้ทำ: พยาบาล ER
C75: ดูประวัติการคัดกรอง | E75: 1. ดู "ประวัติการคัดกรอง" ที่หน้า Overview 2. ผลที่ควรเห็น: มีการคัดกรองครบทุกรอบ แต่ละรอบมีเวลาและชื่อผู้คัดกรอง (เป็นชื่อคน ไม่ใช่รหัส) รอบล่าสุดมีป้าย "ปัจจุบัน" | I75: ผู้ทำ: พยาบาล ER
C76: ตรวจลำดับเร่งด่วนบน ER Dashboard | E76: 1. เปิด ER Dashboard ดูลำดับความเร่งด่วน 2. ผลที่ควรเห็น: ลำดับของผู้ป่วยรายนี้เปลี่ยนตามความรุนแรงใหม่ | I76: ผู้ทำ: พยาบาล ER
A77: กรณี 5.3 | C77: กรณี 5.3 Suspect Fast Track & Trauma
C78: คัดกรองแบบ Suspect Fast Track & Trauma | E78: 1. กรอกฟอร์มคัดกรอง ที่หัวข้อ Suspect Fast Track เปลี่ยนจาก "Not Suspect Fast Track" เป็น Suspect Fast Track : Sepsis 2. เลือก Trauma Classification เป็น "Trauma" และกรอก GCS (E / V / M) ให้ครบ เลือกระดับความเร่งด่วนและโซน แล้วกดบันทึก 3. ผลที่ควรเห็น: บันทึกข้อมูล Suspect Fast Track, Trauma และ GCS ได้ ผู้ป่วยขึ้นในโซนบน ER Dashboard | I78: ผู้ทำ: พยาบาลคัดกรอง
C79: ดู Suspect Fast Track & Trauma บน Dashboard | E79: 1. เปิด ER Dashboard ดูการ์ดผู้ป่วยรายนี้ 2. ผลที่ควรเห็น: เห็นว่าผู้ป่วยเป็น Suspect Fast Track และ Trauma บน Dashboard | I79: ผู้ทำ: พยาบาลคัดกรอง
C80: ดู Section Suspect ใน ER Physician Note | E80: 1. เปิดหน้าผู้ป่วย >> ER Physician Note ดู Section Suspect Fast track 2. ผลที่ควรเห็น: มี Section Suspect พร้อมปุ่ม Acknowledge และ Reject | I80: ผู้ทำ: แพทย์ ER
C81: Acknowledge / Reject Suspect Fast Track | E81: 1. กด Acknowledge (หรือ Reject ถ้าไม่เห็นด้วย) 2. ผลที่ควรเห็น: ระบบแสดงข้อความยืนยันใน Section · ถ้ากด Reject ค่าที่เลือกไว้ถูกล้าง | I81: ผู้ทำ: แพทย์ ER
A82: UAT-ER-06 | B82: 4.9.8.4.1 4.9.8.4.2 | C82: แพทย์บันทึกการรักษาต่อเนื่องหลายรอบ
A83: ER/EMR | C83: ตรวจรักษา
C84: บันทึก Doctor Progress Note | E84: 1. เลือกผู้ป่วย >> แท็บด้านขวา >> สร้างฟอร์ม >> Doctor Progress Note กรอก Perform time และ S O A P แล้วบันทึก 2. ผลที่ควรเห็น: บันทึกสำเร็จ แสดงครบทั้ง S O A P (ช่อง P ไม่ขึ้นเป็น none) หัวรายการแสดงวันเวลาและชื่อผู้บันทึก (ไม่ใช่รหัส) | I84: ผู้ทำ: แพทย์ ER
C85: บันทึก Progress Note เพิ่มหลายรอบ | E85: 1. บันทึก Progress Note เพิ่มอีกอย่างน้อย 2 รอบ คนละเวลา 2. ผลที่ควรเห็น: มี Progress Note ครบทุกรอบ | I85: ผู้ทำ: แพทย์ ER
C86: ดูประวัติ Custom Form | E86: 1. เปิด "ประวัติ Custom Form" 2. ผลที่ควรเห็น: เห็นทุก Progress note เรียงตามเวลาครบ | I86: ผู้ทำ: แพทย์ ER
A87: UAT-ER-07 | B87: 4.9.8.3.1 4.9.8.6.3 4.9.8.8.1 4.9.8.8.2 | C87: อุบัติเหตุหมู่ ผู้ป่วยมาพร้อมกันหลายราย
A88: ER/REG | C88: เปิด Visit ER
C89: สร้างเหตุการณ์ | E89: 1. ห้องฉุกเฉิน >> กด "+ คัดกรอง" >> แท็บ "ผู้ป่วยหลายคน" 2. กดปุ่ม "สร้างเหตุการณ์" 3. กรอก ชื่อเหตุการณ์ / สถานที่เกิดเหตุ / อาการสำคัญร่วม 4. กดปุ่ม "สร้าง" 5. ผลที่ควรเห็น: เข้าสู่หน้าสร้างผู้ป่วยหลายคน | I89: ผู้ทำ: พยาบาลคััดกรอง
C90: เพิ่มผู้ป่วยหลายคนในเหตุการณ์เดียว | E90: 1. เพิ่มผู้ป่วยในเหตุการณ์เดียวกันอย่างน้อย 2 ราย 2. ผลที่ควรเห็น: ผู้ป่วยทุกรายอยู่ในรายการ เรียงตามลำดับที่เพิ่ม | I90: ผู้ทำ: พยาบาลคัดกรอง
A91: ER/TRIAGE | C91: คัดกรอง (Triage)
C92: ตรวจสอบ อาการสำคัญร่วม (Chief Complaint) | E92: 1. เลือกรายการผู้ป่วย >> ไปที่ Section Chief Complaint 2. ผลที่ควรเห็น: Chief Complaint ตรงกับ อาการสำคัญร่วม | I92: ผู้ทำ: พยาบาลคัดกรอง
C93: ระบุระดับความเร่งด่วนและโซนรายคน | E93: 1. ระบุระดับความเร่งด่วนและโซนแยกรายคน (ให้ต่างกันอย่างน้อย 2 ระดับ) 2. ผลที่ควรเห็น: คนไข้ 2 คนถูกระบุตามโซนที่เลือกไว้ | I93: ผู้ทำ: พยาบาลคัดกรอง
C94: ส่ง Triage ทั้งเหตุการณ์ | E94: 1. กด "พร้อมส่งและไปคนถัดไป" ทีละคนจนครบ แล้วกด "ส่ง Triage ทั้งเหตุการณ์" 2. ผลที่ควรเห็น: ปุ่มส่งทั้งเหตุการณ์กดได้เมื่อทุกคนพร้อมส่ง · ผู้ป่วยทุกรายเข้าโซนตามที่ระบุ | I94: ผู้ทำ: พยาบาลคัดกรอง
A95: ER/EMR | C95: ตรวจรักษา
C96: ตรวจการเรียงลำดับบน ER Dashboard | E96: 1. เปิด ER Dashboard 2. ผลที่ควรเห็น: ผู้ป่วยเรียงตามความรุนแรงอัตโนมัติในแต่ละโซน | I96: ผู้ทำ: แพทย์ / พยาบาล
C97: พิมพ์ป้ายปลายเตียงทุกราย | E97: 1. พิมพ์ป้ายปลายเตียงของผู้ป่วยทุกราย (หน้า Overview >> แท็บด้านขวา >> พิมพ์ป้ายปลายเตียง) 2. ผลที่ควรเห็น: ได้ป้ายของทุกราย ชื่อและเลข EN ตรงกับผู้ป่วยแต่ละคน | I97: ผู้ทำ: พยาบาลคัดกรอง
A98: UAT-ER-08 | B98: 4.9.8.3.1 4.9.8.3.2 4.9.8.3.4 4.9.8.8.1 4.9.8.8.2 4.9.8.11.1 | C98: แพทย์ / พยาบาลติดตามคิวและเวลารอคอย
A99: ER/SETUP | C99: ก่อนเริ่ม: ตั้งค่า
C100: ตั้งค่าเวลารอตรวจ | E100: 1. เปิดหน้า "ตั้งค่าเวลารอตรวจ" ตั้งเวลาเป้าหมายของแต่ละระดับความเร่งด่วน แล้วบันทึก 2. ผลที่ควรเห็น: บันทึกได้ และเปิดดูซ้ำแล้วค่าที่ตั้งถูกต้อง | I100: ผู้ทำ: แพทย์ / พยาบาล
...

Sheet ER Issue
A1: Found date | C1: Issue | D1: Module | E1: Solution | F1: Card | G1: Status | H1: ENV. | I1: Dev Status | J1: QA Status
A2: 244623 | B2: 1 | C2: การเงินไม่สามารถปิด Visit ได้ ต้องให้แก้ก่อน | D2: Cashier | E2: ให้เฟรมแก้ให้เพื่อ UAT ก่อน | G2: Done
A3: 244623 | B3: 2 | C3: บัตร Queue ปริ้นเปนภาษาอังกฤษ | D3: ER | E3: ภาษาหลักคนไข้เป็นภาษาอังกฤษ | G3: Done | H3: PRD
A4: 244623 | B4: 3 | C4: ยังออก ผล Lab ไม่ได้ | D4: Lab | E4: ให้เฟรมแก้ให้เพื่อ UAT ก่อน | G4: Done | H4: PRD
A5: 244623 | B5: 4 | C5: ชื่อผู้บันทึก Discharge เป็นภาษาต่างด้าว | D5: ER | E5: รอดิวเอาขึ้น | G5: Done | H5: PRD
A6: 244623 | B6: 5 | C6: CPR Progression : ติด Text แดง + Save ไม่ได้ | D6: ER | E6: - [SBH-2390: \[Bug \] \[ CPR Progression \] SPH Prod](https://linear.app/cortexcloud/issue/SBH-2390/bug-cpr-progression-sph-prod) | G6: Done | H6: PRD
A7: 244623 | B7: 6 | C7: บันทึกแพ้ยาไม่ได้ > ค้นหาชื่อยาไม่เจอ | D7: Med | E7: แก้แล้ว | G7: Done | H7: PRD
A8: 244623 | B8: 7 | C8: บันทึก Med Reconcile ไม่ได้ | D8: Med | E8: แก้แล้ว | G8: Done | H8: PRD
A9: 244624 | B9: 8 | C9: คนไข้ไป OPD | D9: ER | E9: รอ Build | G9: Done | H9: PRD
A10: 244624 | B10: 9 | C10: Nurse Task list รับงาน > Activity ไม่ได้ | D10: ER | E10: รอแก้ | G10: Done | I10: Deploy ขึ้น SBH แล้ว
A11: 244624 | B11: 10 | C11: บัตร คิว แสดง ความรุนแรง แทน ESI | D11: ER | E11: แก้แล้ว | G11: Done | H11: PRD
A12: 244624 | B12: 11 | C12: Consult แสดงชื่อ แผนกต้นทางผิด | D12: Consult | E12: แก้ Data base | G12: Done | H12: PRD
A13: 244627 | B13: 12 | C13: Treatment Timeline | D13: ER | E13: CPR ต้อง เปิด View ได้ | F13: [SBH-2442: \[ER \] \[ Treatment Timeline \] CPR progression](https://linear.app/cortexcloud/issue/SBH-2442/er-treatment-timeline-cpr-progression) | G13: Done | H13: Dev-X | I13: Modern ดูให้อยู่
A14: 244627 | B14: 13 | C14: GCS | D14: ER | G14: Done | H14: PRD
A15: 244627 | B15: 14 | C15: เพิ่ม Menu บน Disposition | D15: ER | E15: เพิ่ม Menu | G15: Done | H15: Dev-X
A16: 244627 | B16: 15 | C16: Re-Open visit to ER | D16: ER | G16: Done | H16: Dev-X
A17: 244627 | B17: 16 | C17: Order set ER 1 | D17: ER | E17: เพิ่ม Order Set | G17: pending | H17: PRD
A18: 244627 | B18: 17 | C18: Order set CPR 1 | D18: ER | E18: เพิ่ม Order Set | G18: pending | H18: PRD
A19: 244627 | B19: 18 | C19: บัตร ปชช | D19: ER | E19: อ่านบัตร ประชาชน | G19: Done | H19: Dev-x
A20: 244627 | B20: 19 | C20: Save รูปภาพ | D20: ER | E20: Save รูปภาพ ผู้ป่วยใหม่ | G20: Done | H20: Dev-x
A21: 244627 | B21: 20 | C21: โรงพยาบาล ต้นทาง ถูก แต่ SBH PRD ไม่มี Code | D21: ER | E21: Work around - เลือก รพ ที่มี Code ตอนเปิด Visit ER | G21: Done | H21: PRD
A22: 244627 | B22: 21 | C22: ผู้ป่วยรับ Refer มา ยังไม่ไป Discharge | D22: ER | E22: หลุดเงื่อนไข | G22: pending | H22: PRD
A23: 244627 | B23: 22 | C23: MOPH Refer -> ติดประกันสังคม | D23: ER | E23: ทำได้แล้ว | G23: Done | H23: PRD
A24: 244627 | B24: 23 | C24: ผู้ป่วยรับ Refer มา ยังไม่ไป Discharge | D24: ER | E24: หลุดเงื่อนไข | G24: pending | H24: PRD
A25: 244627 | B25: 24 | C25: MOPH Refer -> ติดประกันสังคม | D25: ER | E25: ทำได้แล้ว | G25: Done | H25: PRD
A26: 244630 | B26: 25 | C26: Disposition -> สามารถเปิด ประวัติ History ได้ | D26: ER | F26: SBH-2462: [ER] [ Disposition ] แสดง Disposition From ย้อนหลัง​ | G26: pending | K26: SBH-2462 [ER] [ Disposition ] แสดง Disposition From ย้อนหลัง
A27: 244627 | B27: 26 | C27: Treatment Timeline | D27: ER | E27: เพิ่มความรุนแรง ของการ | F27: SBH-2482: [ER ] [ Treatment Timeline ] แสดงความรุนแรงของ ESI Level​ | G27: pending | H27: PRD | K27: SBH-2482 [ER ] [ Treatment Timeline ] แสดงความรุนแรงของ ESI Level
A28: 244630 | B28: 27 | C28: ป้ายปลายเตียง | D28: ER | E28: HN , DOB | F28: SBH-2471 [ER][Triage] Add patient age and HN to bedside name badge | G28: Done | K28: SBH-2471 [ER][Triage] Add patient age and HN to bedside name badge
A29: 244630 | B29: 28 | C29: CPR Progression : | D29: ER | G29: pending
A31: Feedback | H31: Dev Status | I31: QA Status
A32: 1 | C32: Note Nurse คล้ายๆ กับ Progress Note แต่เป็น AIE form แล้วขอเมนูด้านขวา 1 อันถ้าเป็นไปได้ | E32: มีของบน Dev-X แต่บัค | G32: แก้ก่อน UAT | H32: Done | J32: [SBH-2441: \[ER \] Nursing Record](https://linear.app/cortexcloud/issue/SBH-2441/er-nursing-record)
A33: 2 | C33: ขอเพิ่มรูปบาดแผล | E33: Done | G33: Done
A34: 3 | C34: ปุ่มบันทึก ฝั่งพยาบาลอยากให้ลอยแบบหมอ | E34: Done: Control C ได้ที่ PE | G34: แก้ก่อน UAT | H34: Done | I34: Done on Dev-X
A35: 4 | C35: อยากเก็บประวัติของแต่ล่ะโซนคนไข้ | E35: พี่เจไม่เคลีย_พี่มดจะเพิ่ม ESI Score บน Treament Time line ไว้ตรงคัดกรองครั้งแรกกับ Retriage | G35: แก้ก่อน UAT | H35: รอ Assign
A36: 5 | C36: คนไข้มี 3 สถานะ 1. ก่อนรักษา 2. กำลังรักษา 3. รักษาแล้ว | E36: Comment จากพี่เบียร์ | G36: Done
A37: 6 | C37: หมอไม่กรอก Disposition แต่ขอย้ายคนไข้มาที่โซนรอจำหน่ายเลยได้ไหม แล้วค่อย | E37: Comment จากพี่เบียร์ | G37: Done
A38: 7 | C38: บริเวณโซน อยากให้แก้จากคำว่า "ใช้" เป็นอื่น | D38: Panding | E38: แก้ไขเป็น In use | G38: รอ | J38: [SBH-2443: \[ER\] triage - Revise wording in select zone](https://linear.app/cortexcloud/issue/SBH-2443/er-triage-revise-wording-in-select-zone)
A39: 8 | C39: Vital Sign Overview ควรซ่อนได้ | E39: ตัดทิ้ง | G39: แก้ก่อน UAT | H39: Done | I39: Done on Dev-X
A40: 9 | C40: Vital Sign แก้ไขเวลาเกินค่ามาตราฐาน | E40: แก้ไข | G40: แก้ก่อน UAT | H40: Done | J40: [SBH-2456: \[ER \] \[ V/S \] Form - Section Vital Sign](https://linear.app/cortexcloud/issue/SBH-2456/er-vs-form-section-vital-sign)
A41: 10 | C41: Vital Sign อยากให้แสดงรอบล่าสุด | E41: Comment จากพี่เบียร์ | G41: Done
A42: 11 | C42: ปุ่ระวัติแพ้ยา | E42: Comment จากพี่เบียร์ | G42: Done
A43: 12 | C43: บันทึกคัดกรองแล้วไม่แสดงสถานะ | E43: สามารถบันทึกได้ปกติแต่ไม่มี แจ้งเตือน | G43: Done
A44: 13 | C44: Pain Score ซ้ำ ฝั่ง ER Physician | E44: แก้ไข ตัดทิ้ง | G44: แก้ก่อน UAT | H44: รอ Assign | J44: [SBH-2444: \[ ER \] ER Physician note](https://linear.app/cortexcloud/issue/SBH-2444/er-er-physician-note)
A45: 14 | C45: Form EDOU (ขัด Flow การทำงาน) | G45: New
A46: 15 | C46: Form IS | G46: New
A47: 16 | C47: Form Pher | G47: New
A48: 17 | C48: TRISS Score_ใช้สำหรับประเมินคะแนน Truma | D48: ไม่มีใน TOR | G48: New
A49: 18 | C49: เพิ่ิ่ม Label ผู้ป่วย Burn | G49: New

Sheet Mock-Data ER
A2: Code | B2: Type | D2: พยาบาลที่จะเข้าร่วมทั้งหมด | G2: หมอยังไม่ระบุจำนวน | J2: ข้อ | K2: HN | L2: สถานะและเงื่อนไข
A3: ACT0005007 | B3: ค่าห้อง | D3: 7ตค68 (8-12น.) | J3: 1 | K3: 0 | L3: ยังไม่มี Visit ER, สิทธิ UC. รายแรกต้องมีรูปถ่ายและประวัติแพ้ยาเดิม (กรณี 1.3 Reopen ใช้รายเดียวกับ 1.1)
A4: MED0000260 | B4: ยา | D4: 1.นางกรองแก้ว วัชรินทร์รัตน์ | J4: 2 | K4: 0 | L4: ข้อมูลผู้ป่วยใหม่ 1 ชุด เลขบัตรประชาชนไม่ซ้ำ และมีรูป
A5: MED0000619 | B5: ยา | D5: 2.นส.แพรวพรรณ รอดศรี | J5: 3 | K5: 0 | L5: สร้างเป็นผู้ป่วยระบุตัวตนไม่ได้ตอนเล่น
A6: MSP0000331 | B6: เวชภัณฑ์ | D6: 3.นายปรีชา ทิศลี | J6: 4 | K6: 1 | L6: อยู่ใน ER แล้ว คัดกรองและตรวจแล้ว มี Order Lab / IMG รอผล เพราะข้อนี้เริ่มที่ Disposition แบบ Admission
A7: MSP0002576 | B7: เวชภัณฑ์ | J7: 5 | K7: 1 | L7: เปิด Visit ER แล้ว ยังไม่คัดกรอง กรณีย่อยละ 1 ราย
A8: LAB0000931 | B8: blood | D8: 7ตค69(13-16น.) | J8: 6 | K8: 0 | L8: คัดกรองแล้ว อยู่ในโซน
A9: LAB0000001 | B9: lab | D9: 1.นส.ทัศณีย์ ประสงค์ | J9: 7 | K9: 0 | L9: ข้อมูลผู้ป่วย 2 ชุดไว้เพิ่มในเหตุการณ์
A10: LAB0000077 | B10: lab | D10: 2.นส.ปทุมทิพย์ เกตุบุญมี | J10: 8 | K10: 0 | L10: คัดกรองแล้ว รอตรวจในโซน ต้องเตรียมล่วงหน้านานพอให้เวลารอเกินเป้าหมาย
A11: LAB0000092 | B11: lab | D11: 3.นส.นนทลี เปรี่ยมสูงเนิน | J11: 9 | K11: 0 | L11: มี Order จากแพทย์จนเกิดงานพยาบาล อย่างน้อย 1 งานสถานะ "รอรับงาน" และ 1 งานสถานะ "กำลังทำ"
A12: IMG0000194 | B12: img | J12: 10 | K12: 1 | L12: ยังไม่มี Visit ER (ใช้เป็นคนที่เปิดผิด)
A13: IMG0000420 | B13: img | D13: 8ตค69(8-12น.) | J13: 11 | K13: 0 | L13: เปิด Visit ER แล้ว ยังไม่คัดกรอง
A14: ACT0005224 | B14: activity | D14: 1.นส.จุฬารัตน์ เอี่ยมสอาด | J14: 12 | K14: 0 | L14: รายงาน ใช้ข้อมูลจากข้ออื่น
A15: ACT0005570 | B15: activity | D15: 2.นส.สุภาพร ฉายาวาศ | J15: 13 | K15: 1 | L15: มี Visit เปิดอยู่ที่ OPD ในวันนั้น
A16: ACT0005702 | B16: activity | D16: 3.นส.สุพิชชาพร ปิ่นน้อย | J16: 14 | K16: 1 | L16: รายการ Refer ในระบบ MOPH Refer ที่ส่งมา รพ.สระบุรี 1 รายการ
A17: ACT0004968 | B17: activity
A18: ACT0000062 | B18: activity | D18: 8ตค69(13-16น.)
A19: ACT0004961 | B19: activity | D19: 1.นางณัฐนันท์ มาลา | J19: 7 เช้า | K19: 5
A20: ACT0004939 | B20: activity | D20: 2.นส.โชติกา ธนาภัคนรกุล
A21: ACT0004950 | B21: activity | D21: 3.นส.อภิญญาใจคง
A22: ACT0004729 | B22: activity
A23: ACT0005733 | B23: activity
A24: ACT0006013 | B24: activity
A25: ACT0005729 | B25: activity

Sheet List Flow E2E For BizSim
A2: Use case Scenario
A3: Case_Id | B3: Senario | C3: Status test | F3: NOTE
C4: Pass | D4: Fail | E4: N/A
A5: Appointment | B5: กลุ่ม Appointment - คนไข้มีนัดหมายล่วงหน้า (10 UC)
A6: APM-OPD-001 | B6: คนไข้มีนัดเข้ารับบริการปกติ (พบแพทย์ > ทำนัด FU > การเงิน > รับยา > กลับบ้าน) | D6: Fail | F6: 1. Paint Scroe ตกขอบ 2. บันทึกแล้วไม่ Save ให้ หรือ ช้า 3. หน้านัดหมายไม่ควรสั่งยาได้ (พยาบาลสั่งได้) 4. เช็คอีกทีว่าแก้ไข สั่งยา แต่ขึ้นเป็นหมวด Procedure (ใบนัดหมาย) 5. ไม่สามารถปริ้นบัตรคิวได้ {"error":{"class":"NotFound","message":"print template not found"}} 6. ไม่สามารถ Discharge ได้ - "message": "ErrSomeProductIsNotFound", 7. ขาดรวมปุ่ม ปริ้นเอกสารต่างๆ 8. ไม่สามารถชำระได้เนื่องจากไม่มี Queue การเงิน 9. ห้องการเงินไม่มีรายการคนไข้ขึ้น (ต่อเนื่องจากข้อ 8)
A7: APM-OPD-002 | B7: คนไข้มีนัดเข้ารับบริการปกติ มีตรวจ LAB / IMG ก่อนพบแพทย์ | D7: Fail | F7: 1. ไม่สามารถสร้าง Order Imaging วันอื่นๆ ได้ 2. ในกรณีมีนัดหมายทำ Lab และ รังสี ยังไม่มีใบนำทาง 3. Lab มีกรายการนัดหมายแต่ไม่สามารถทำอะไรต่อได่ 4. X-Ray ไม่มีรายการขึ้นในกรณีที่เพิ่ม Order ผ่าน Appointment
A8: APM-OPD-003 | B8: คนไข้มีนัด เข้าพบแพทย์ แล้วแพทย์สั่งตรวจ LAB / IMG อ่านผลภายในวัน | D8: Fail | F8: 1. Lab ไม่สามารถส่งผลกลับมาได้
A9: APM-OPD-004 | B9: คนไข้มีนัด แพทย์สั่งตรวจ LAB / IMG อ่านผลภายในวัน (ฝากแพทย์ท่านอื่นอ่านผล) | D9: Fail | F9: 1. ไม่สามารถพิมพ์ใบคำสั่ง Imaging ได้ "class": "ServiceUnavailable", - "message": "imaging order document template is unavailable: record not found" Lab: 2. ไม่สามารถพิมพ์ป้ายติด Speciment ได้ {"error":{"class":"NotFound","message":"print template not found"}} 3. ไม่สามารถส่งผล Lab กลับมาได้ Imaging 4. ไม่สามารถพิมพ์ใบยิมยอมได้ไม่มี Template 5. แพทย์ ไม่สามารถพิมพ์ สรุป ได้ "class": "IllegalArgumentException", "message": "Template not found: tmh_opd_summary", "detail": "INVALID_REQUEST" 6. ไม่สามารถพิิมพ์ใบสรุปใบให้คำปรึกษาได้ (ไม่มี Template) 7. ไม่สามารถพิมพ์ฟอร์มตอบกลับการให้คำปรึกษา (ไม่มี Template) 8. ไม่สามารถพิมพ์ OPD Slip (ไม่มี Template) - น่าจะหาย 9. ต้อง Mapping คำศัพท์เพิ่มเติม 10. ยังไม่สามารถพิมพ์ฉลากยาได้ 11. ยังไม่มีฉลากยา ภาษาอังกฤษ + พิมพ์ใบส่งไปรษณีย์ | G9: Note!! ยังต้องคุยเรื่อง Queue ทั้ง Lab / X-ray ต้องมีใบคิวยังไงออกที่ไหน
A10: APM-OPD-005 | B10: คนไข้มีนัด ไม่มียากลับบ้าน | D10: Fail | G10: Note!! ถ้าไม่สั่งยาคิวการเงินต้องออกยังไง
A11: APM-OPD-006 | B11: คนไข้มีนัด มียา co-pay / ยาที่ต้องมีเอกสารประกอบการสั่ง (DUE, PA) / CDSS แจ้งเตือน > จ่ายเงิน > รับยา | D11: Fail
A12: APM-OPD-007 | B12: คนไข้มีนัด หมอสั่งยา Stat > จ่ายค่ายา > ฉีดยา > จ่ายเงิน > รับยากลับบ้าน | D12: Fail
A13: APM-OPD-008 | B13: คนไข้มีนัด พบแพทย์ ทำหัตถการ (ภายในวัน / สั่งล่วงหน้า) > การเงิน > ห้องยา | D13: Fail
A14: APM-OPD-009 | B14: คนไข้มีนัด พบแพทย์ หมอสั่ง Refill ยา | E14: N/A | F14: 1. ยังอยู่ในช่วง Inprogress
A15: APM-OPD-010 | B15: คนไข้ขอใบรับรองแพทย์ชนิดต่างๆ | C15: Pass
A16: Walk in | B16: กลุ่ม Walk in - คนไข้ไม่มีนัด หรือมาไม่ตรงนัด (5 UC)
A17: WLK-OPD-001 | B17: คนไข้ Walk in พบแพทย์ | D17: Fail
A18: WLK-OPD-002 | B18: คนไข้ Walk in ไม่ได้พบแพทย์ ทำนัดหมายแทน | C18: Pass
A19: WLK-OPD-003 | B19: คนไข้มีนัด แต่มาไม่ตรงนัด | D19: Fail
A20: WLK-OPD-004 | B20: คนไข้มาเจาะเลือดล่วงหน้า (ก่อนวันนัดพบแพทย์) | D20: Fail | F20: 1. ยังไม่สามารถพิมพ์ใบนำทางได้ 2. ยังไม่สามารถส่งผลเล็ปกลับได้
A21: WLK-OPD-005 | B21: คนไข้มาตรวจ IMG ล่วงหน้า (ก่อนวันนัดพบแพทย์) | D21: Fail | F21: 1. ไม่สามารถทำ Imaging ล่วงหน้าได้ ไม่มีรายการให้เปิด Visit ล่วงหน้าเหมือน Lab
A22: Refill | B22: กลุ่ม Refill ยา - คนไข้มารับยาตามแผน Refill (2 UC)
A23: RFL-OPD-001 | B23: คนไข้มารับยา Refill ตรงวัน | E23: N/A | F23: 1. ยังอยู่ในช่วง Inprogress
A24: RFL-OPD-002 | B24: คนไข้มารับยา Refill ไม่ตรงวัน (มาก่อน / เลยกำหนด) | E24: N/A | F24: 1. ยังอยู่ในช่วง Inprogress
A25: Injection | B25: กลุ่มมีนัดฉีดยา / ทำแผล ไม่พบแพทย์ (1 UC)
A26: INJ-OPD-001 | B26: คนไข้มีนัดฉีดยา / ทำแผล ไม่พบแพทย์ | D26: Fail | F26: 1. ยังติดปัญหาไม่สามารถเปิด Visit คนไข้ไปห้องหัตการโดยไม่พบแพทย์ได้
A27: Admit | B27: กลุ่ม Admit - คนไข้ OPD ต้องนอนโรงพยาบาล (3 UC)
A28: ADM-OPD-001 | B28: คนไข้ Admit | C28: Pass
A29: ADM-OPD-002 | B29: คนไข้ Admit สั่งตรวจก่อนขึ้น ward | D29: Fail
A30: ADM-OPD-003 | B30: คนไข้ Admit ย้ายค่าใช้จ่ายจาก OPD ไป IPD | C30: Pass
A31: ODS | B31: กลุ่ม ODS - หัตถการ One Day Surgery (2 UC)
A32: ODS-OPD-001 | B32: คนไข้มาตรวจ หมอสั่ง ODS ภายในวัน | D32: Fail
A33: ODS-OPD-002 | B33: หมอนัดมาทำ ODS วันอื่น | E33: N/A | F33: 1. ไม่สามารถ Check-in ห้อง OR (ไม่มี Queue Type)
A34: Inventory | B34: กลุ่มคลังยา - scenario เดิมของ sheet Scenario-OPD E2E (1 UC)
A35: PHA-INV-001 | B35: สร้างใบยาในระบบ และ ระบบคลังทำการตัด Stock รายการยานั้นๆ | C35: Pass

Sheet Scenario-OPD BizSim
A1: Case_id | B1: TOR_ID | C1: Use case Scenario | D1: Test case ID | E1: Test Step | F1: Status test | I1: NOTE
F2: Pass | G2: Fail | H2: N/A
A3: Appointment | C3: กลุ่ม Appointment - คนไข้มีนัดหมายล่วงหน้า
A4: APM-OPD-001 | C4: คนไข้มีนัดเข้ารับบริการปกติ (พบแพทย์ > ทำนัด FU > การเงิน > รับยา > กลับบ้าน)
A5: OPD/REG | C5: เปิด Visit ตามนัดหมาย | E5: 1. เข้าแอพ เวชระเบียน > ค้นหาผู้ป่วย 2. กรอก HN แล้วกด Enter 3. กดปุ่ม + Visit ใหม่ มุมขวาบน 4. ตรวจสอบข้อมูลนัดหมายของวันนี้ที่ระบบแสดง 5. ยืนยันสิทธิการรักษา 6. กดปุ่ม สร้าง 7. ตรวจสอบว่าได้เลข VN พิมพ์ใบนำทาง และได้เลขคิวห้องตรวจ | F5: Pass
A6: OPD/EMR | C6: พยาบาลคัดกรองก่อนพบแพทย์ | E6: 1. เปิดผู้ป่วยจากหน้า รายการผู้ป่วยนอก 2. บันทึกสัญญาณชีพ (V/S) 3. เลือกดูเมนู ฟอร์มคัดกรอง ที่ Side bar ทางขวามือ 4. กรอกข้อมูลการคัดกรองและบันทึก 5. ตรวจสอบว่าค่า Vital sign แสดงบน Patient Banner | F6: Pass | I6: Note 1. Paint Scroe ตกขอบ
A7: OPD/EMR | C7: แพทย์เรียกคิวและลง OPD Note | E7: 1. กดเลือกคนไข้จากหน้า รายการผู้ป่วยนอก ที่สถานะพร้อมตรวจ 2. ระบบจะแสดง OPD Note ขึ้นมา 3. ลงข้อมูลการรักษา 4. ลง diagnosis 5. บันทึกข้อมูล | G7: No Pass | I7: 1. ภาพ Body Chart ไม่มาแสดง (แสดงแล้ว) 2. บันทึกแล้วไม่ Save ให้ หรือ ช้า
A8: OPD/CPOE | C8: แพทย์สั่งยากลับบ้าน (Home med) | E8: 1. ระบบจะแสดง Section ในส่วนของการ Order ขึ้นมา 2. ทำการสั่งยา เลือก Home med 3. ระบุวิธีการใช้ยา / จำนวนยาที่จ่าย / หมายเหตุอื่นๆ 4. กดปุ่ม เพิ่ม order 5. กดปุ่ม Sign เพื่อส่งคำสั่งไปห้องยา | F8: Pass
A9: OPD/EMR | C9: แพทย์ทำนัดหมาย FU และกดตรวจเสร็จ | E9: 1. เลือกดูเมนู สร้างนัดหมาย ที่ Side bar ทางขวามือ 2. เลือก คลินิก แพทย์ ประเภทการนัดหมาย แล้ว Slot ที่ต้องการ 3. กดบันทึก 4. ตรวจสอบนัดหมายที่เมนู ประวัติการนัดหมาย 5. กดปุ่มตรวจเสร็จ | F9: Pass | I9: หน้านัดหมายไม่ควรสั่งยาได้ (พยาบาลสามารถสั่งยาได้) **เช็คอีกทีว่าแก้ไข สั่งยา แต่ขึ้นเป็นหมวด Procedure
A10: OPD | C10: พยาบาล Discharge และปริ้นบัตรคิว | E10: 1. กดเลือกคนไข้จากหน้า รายการผู้ป่วยนอก ที่สถานะ ตรวจเสร็จ 2. เลือกประเภทการ Discharge เป็น กลับบ้าน 3. ปริ้นท์บัตรคิว การเงิน / ห้องยา ที่หน้า Discharge summary 4. ปริ้นท์บัตรนัดที่เมนู ประวัตินัดหมาย ที่ side bar ซ้ายมือ | G10: No Pass | I10: 1. ไม่สามารถปริ้นบัตรคิวได้ {"error":{"class":"NotFound","message":"print template not found"}} 2. ไม่สามารถ Discharge ได้ - "message": "ErrSomeProductIsNotFound", 3. ขาดรวมปุ่ม ปริ้นเอกสารต่างๆ 4. ไม่สามารถชำระได้เนื่องจากไม่มี Queue การเงิน
A11: OPD/PHA | C11: ห้องยาสร้างใบยาก่อนชำระเงิน | E11: 1. ไปที่เมนูห้องยา > เลือกห้องยาชั้น 1 2. เลือกคนไข้และรายการยา แล้วกดปุ่มสร้างใบยา | F11: Pass
A12: OPD/CASH | C12: คนไข้ชำระเงินที่การเงิน | E12: 1. เข้าหน้าการเงิน (Cashier) แล้วเปิดรายการของผู้ป่วยจากคิวการเงิน 2. ตรวจสอบ / แก้ไข Chart item สิทธิการรักษา และส่วนลด 3. สร้าง invoice 4. รับชำระเงินและออกใบเสร็จ 5. ปิดสิทธิ์ผ่าน EDC / End point | G12: No Pass | I12: 1. ไม่สามารถชำระได้เนื่องจากไม่มี Queue การเงิน
A13: OPD/PHA | C13: ห้องยาจัดยา เรียกคิว และจ่ายยา | E13: 1. ไปที่เมนูห้องยา > เลือกห้องยาชั้น 1 2. เลือกคนไข้และรายการยา 3. กดปุ่มจัดยาแล้ว 4. กดปุ่มยืนยันรอจ่าย 5. เรียกคิวคนไข้ที่ห้องยา 6. เลือก 3จุด ด้านหลังรายการยา แล้วเลือก ยืนยันจ่ายยา | F13: Pass
A14: APM-OPD-002 | C14: คนไข้มีนัดเข้ารับบริการปกติ มีตรวจ LAB / IMG ก่อนพบแพทย์
A15: OPD/REG | C15: เปิด Visit ตามนัด และ Check-in ห้อง Lab / Img | E15: 1. เปิด Visit ตามนัดหมาย จนได้เลข VN 2. พิมพ์ใบนำทาง 3. กด Check-in ห้อง Lab / Img 4. ตรวจสอบเลขคิว Lab/X-ray ที่ระบบออกให้ 5. ตรวจสอบว่ารายการเข้าสู่ Worklist ของห้อง Lab/X-ray/Img | G15: No Pass | I15: 1. ไม่สามารถสร้าง Order Imaging วันอื่นๆ ได้ 2. ในกรณีมีนัดหมายทำ Lab และ รังสี ยังไม่มีใบนำทาง 3. Lab มีกรายการนัดหมายแต่ไม่สามารถทำอะไรต่อได่ 4. X-Ray ไม่มีรายการขึ้นในกรณีที่เพิ่ม Order ผ่าน Appointment
A16: OPD/LAB | C16: ห้อง Lab / Img รับรายการและออกผล | E16: 1. เข้า Cortex Worklist ของห้อง Lab/X-ray/Img 2. เลือกรายการผู้ป่วยแล้วกด Check-in 3. เก็บ Specimen และพิมพ์ Sticker (LN) ติด Tube (เฉพาะ Lab) 4. กด Run Lab / IMG ส่งไปยัง LIS / RIS 5. รับผลกลับเข้าระบบ 6. ให้แพทย์ Authorize ผล จนสถานะเป็นเสร็จสิ้น | G16: Block
A17: OPD/EMR | C17: พยาบาลคัดกรองและเช็คสถานะผล Lab / Img | E17: 1. บันทึกสัญญาณชีพ (V/S) และฟอร์มคัดกรอง 2. เลือกดูเมนู Lab Result / Imaging result ที่ Side bar ทางซ้ายมือ 3. ตรวจสอบว่าสถานะผลตรงกับสถานะจริงในห้อง Lab 4. ส่งผู้ป่วยเข้าคิวห้องตรวจ | G17: Block
A18: OPD/EMR | C18: แพทย์ดูผล Lab / IMG แล้วตรวจ | E18: 1. เรียกคิวผู้ป่วยเข้าห้องตรวจ 2. เลือกดูเมนู Lab Result และ Imaging result ที่ Side bar ทางซ้ายมือ 3. ตรวจสอบว่าผลตรงกับที่ห้อง Lab ส่งมา 4. ลง OPD Note และ diagnosis | G18: Block | M18: ตรวจสอบยอดคงเหลือคลังต้นทางหลังโอน Fix.mp4
A19: OPD/CPOE | C19: แพทย์สั่งยากลับบ้านและทำนัด FU | E19: 1. สั่งยา Home med และกด Sign 2. สร้างนัดหมาย FU 3. กดปุ่มตรวจเสร็จ | G19: Block
A20: OPD | C20: พยาบาล Discharge และปริ้นบัตรคิว | E20: 1. เลือกประเภทการ Discharge เป็น กลับบ้าน 2. ปริ้นท์บัตรคิว การเงิน / ห้องยา ที่หน้า Discharge summary 3. ปริ้นท์บัตรนัด | G20: Block
A21: OPD/CASH | C21: คนไข้ชำระเงิน (รวมค่า Lab / IMG) | E21: 1. เปิดรายการของผู้ป่วยจากคิวการเงิน 2. ตรวจสอบว่าค่า Lab / IMG ถูกรวมใน Chart item 3. สร้าง invoice และรับชำระเงิน 4. ปิดสิทธิ์ผ่าน EDC / End point | G21: Block
A22: OPD/PHA | C22: ห้องยาจัดยาและจ่ายยา | E22: 1. สร้างใบยา > จัดยา > ยืนยันรอจ่าย 2. เรียกคิวคนไข้ 3. ยืนยันจ่ายยา | G22: Block
A23: APM-OPD-003 | C23: คนไข้มีนัด เข้าพบแพทย์ แล้วแพทย์สั่งตรวจ LAB / IMG อ่านผลภายในวัน
A24: OPD/REG | C24: เปิด Visit ตามนัดหมาย | E24: 1. ค้นหาผู้ป่วยด้วย HN 2. กดปุ่ม + Visit ใหม่ และตรวจสอบนัดหมายของวันนี้ 3. ยืนยันสิทธิการรักษา แล้วกดปุ่ม สร้าง 4. พิมพ์ใบนำทางและเลขคิวห้องตรวจ | F24: Pass
A25: OPD/EMR | C25: พยาบาลคัดกรองและแพทย์ตรวจ | E25: 1. บันทึก V/S และฟอร์มคัดกรอง 2. แพทย์เรียกคิวผู้ป่วยเข้าห้องตรวจ 3. ลงข้อมูลการรักษาและ diagnosis ใน OPD Note | F25: Pass
A26: OPD/CPOE | C26: แพทย์สั่ง LAB ต้องการทราบผลภายในวันที่สั่ง | E26: 1. ค้นหารายการ lab ที่ต้องการสั่งใน order search 2. ระบบจะแสดงรายการที่กำหนดไว้ 3. เลือก Priority และ วันที่ต้องการทราบผลเป็นวันนี้ 4. ระบบจะไม่ให้เลือกวันที่เมื่อเลือกเป็นวันนี้ 5. กดปุ่มเพิ่ม order 6. กดปุ่ม Sign เพื่อส่งการสั่งไปยังห้องปฏิบัติการ | F26: Pass
A27: OPD/CPOE | C27: แพทย์สั่ง IMG ต้องการทราบผลภายในวันที่สั่ง | E27: 1. ค้นหารายการ Img ที่ต้องการสั่งใน order search 2. เลือก Priority และ วันที่ต้องการทราบผลเป็นวันนี้ 3. กดปุ่มเพิ่ม order 4. กดปุ่ม Sign เพื่อส่งการสั่งไปยังห้องปฏิบัติการ | F27: Pass
A28: OPD/LAB | C28: ห้อง Lab / Img ทำรายการและส่งผลกลับ | E28: 1. Check-in ผู้ป่วยที่ Cortex Worklist 2. เก็บ Specimen และพิมพ์ Sticker (เฉพาะ Lab) / ฉายรังสี (IMG) 3. กด Run Lab / IMG ส่งไปยัง LIS / RIS 4. รับผลกลับเข้าระบบ 5. แพทย์ Authorize ผล | G28: No Pass | I28: 1. Lab ไม่สามารถส่งผลกลับมาได้
A29: OPD/EMR | C29: แพทย์อ่านผลและสรุปการรักษาภายในวัน | E29: 1. เรียกคนไข้กลับเข้าห้องตรวจ 2. เปิดดูผล Lab / IMG ที่ส่งกลับมา 3. ลง diagnosis เพิ่มเติมใน OPD Note 4. สั่งยากลับบ้าน 5. ทำนัดหมาย FU 6. กดปุ่มตรวจเสร็จ | F29: Pass
A30: OPD | C30: พยาบาล Discharge และปริ้นบัตรคิว | E30: 1. Discharge เป็น กลับบ้าน 2. ปริ้นท์บัตรคิว การเงิน / ห้องยา 3. ปริ้นท์บัตรนัด | G30: No Pass
A31: OPD/CASH | C31: คนไข้ชำระเงิน | E31: 1. ตรวจสอบว่าค่า Lab / IMG ที่สั่งภายในวันถูกรวมใน Chart item 2. สร้าง invoice และรับชำระเงิน 3. ปิดสิทธิ์ผ่าน EDC / End point | F31: Pass
A32: OPD/PHA | C32: ห้องยาจัดยาและจ่ายยา | E32: 1. สร้างใบยา > จัดยา > ยืนยันรอจ่าย 2. เรียกคิวคนไข้ 3. ยืนยันจ่ายยา | G32: No Pass
A33: APM-OPD-004 | C33: คนไข้มีนัด แพทย์สั่งตรวจ LAB / IMG อ่านผลภายในวัน (ฝากแพทย์ท่านอื่นอ่านผล)
A34: OPD/REG | C34: เปิด Visit ตามนัดหมาย | E34: 1. ค้นหาผู้ป่วยและกดปุ่ม + Visit ใหม่ 2. ตรวจสอบนัดหมายของวันนี้ ยืนยันสิทธิ แล้วกดปุ่ม สร้าง 3. พิมพ์ใบนำทางและเลขคิวห้องตรวจ | F34: Pass
A35: OPD/EMR | C35: พยาบาลคัดกรองและแพทย์เจ้าของไข้ตรวจ | E35: 1. บันทึก V/S และฟอร์มคัดกรอง 2. แพทย์เรียกคิวและลง OPD Note | F35: Pass
A36: OPD/CPOE | C36: แพทย์เจ้าของไข้สั่ง LAB / IMG อ่านผลภายในวัน | E36: 1. ค้นหารายการ lab / img ใน order search 2. เลือก Priority และวันที่ต้องการทราบผลเป็นวันนี้ 3. กดปุ่มเพิ่ม order แล้วกดปุ่ม Sign | G36: No Pass | I36: 1. ไม่สามารถพิมพ์ใบคำสั่ง Imaging ได้ "class": "ServiceUnavailable", - "message": "imaging order document template is unavailable: record not found"
A37: OPD/LAB | C37: ห้อง Lab / Img ทำรายการและส่งผลกลับ | E37: 1. Check-in ผู้ป่วยที่ Cortex Worklist 2. เก็บ Specimen / ฉายรังสี 3. Run Lab / IMG ไปยัง LIS / RIS 4. รับผลกลับเข้าระบบ | G37: No Pass | I37: Lab: 1. ไม่สามารถปริ้นป้ายติด Speciment ได้ {"error":{"class":"NotFound","message":"print template not found"}} 2. ไม่สามารถส่งผล Lab กลับมาได้ Imaging 1. ไม่สามารถพิมพ์ใบยิมยอมได้ไม่มี Template
A38: OPD/EMR | C38: แพทย์เจ้าของไข้ส่ง Consult ให้แพทย์ท่านอื่นอ่านผล | E38: 1. เลือกดูเมนู Consult ที่ Side bar ทางขวามือ 2. ระบบจะแสดงหน้ากรอกข้อมูลของ Consult ขึ้นมา 3. กรอกข้อมูลที่ต้องการลงไป 4. กดบันทึกเพื่อทำการส่งแบบฟอร์ม 5. ระบบจะแสดงสถานะ รอตอบกลับ | F38: Pass
A39: OPD/EMR | C39: แพทย์ท่านอื่นรับ Consult อ่านผล และตอบกลับ | E39: 1. กดปุ่มเมนู มุมบนขวา > เลือกเมนู ผู้ป่วยนอก > เลือกรายการปรึกษาแพทย์ 2. เลือกรับ Consult ระบบจะแสดงรายการที่มี Request เอาไว้ 3. เลือกรายการที่ต้องการตอบกลับ 4. เปิดดูผล Lab / IMG ของผู้ป่วย 5. กรอกข้อมูลที่ต้องการตอบกลับและกดปุ่มบันทึก 6. สถานะของรายการ Consult เปลี่ยนเป็นตอบแล้ว | F39: Pass | I39: 1. แพทย์ ไม่สามารถพิมพ์ สรุป ได้ "class": "IllegalArgumentException", "message": "Template not found: tmh_opd_summary", "detail": "INVALID_REQUEST"
A40: OPD/EMR | C40: แพทย์เจ้าของไข้ดูผลที่ตอบกลับและสรุปการรักษา | E40: 1. เลือก ส่ง Consult แล้วเลือกรายการที่สถานะ ตอบแล้ว 2. ระบบจะแสดงรายละเอียดการ Consult ที่แพทย์อีกท่านตอบกลับมา 3. ลง diagnosis เพิ่มเติม สั่งยากลับบ้าน และทำนัด FU 4. กดปุ่มตรวจเสร็จ | F40: Pass | I40: 1. ไม่สามารถพิิมพ์ใบสรุปใบให้คำปรึกษาได้ (ไม่มี Template) 2. ไม่สามารถพิมพ์ฟอร์มตอบกลับการให้คำปรึกษา (ไม่มี Template) 3. ไม่สามารถพิมพ์ OPD Slip (ไม่มี Template) - น่าจะหาย
A41: OPD | C41: พยาบาล Discharge และปริ้นบัตรคิว | E41: 1. Discharge เป็น กลับบ้าน 2. ปริ้นท์บัตรคิว การเงิน / ห้องยา และบัตรนัด | G41: No Pass
A42: OPD/CASH | C42: คนไข้ชำระเงิน | E42: 1. สร้าง invoice และรับชำระเงิน 2. ปิดสิทธิ์ผ่าน EDC / End point | F42: Pass | I42: 1. ต้อง Mapping คำศัพท์เพิ่มเติม
A43: OPD/PHA | C43: ห้องยาจัดยาและจ่ายยา | E43: 1. สร้างใบยา > จัดยา > ยืนยันรอจ่าย 2. เรียกคิวคนไข้ และยืนยันจ่ายยา | G43: No Pass | I43: 1. ยังไม่สามารถพิมพ์ฉลากยาได้ 2. ยังไม่มีฉลากยา ภาษาอังกฤษ + พิมพ์ใบส่งไปรษณีย์ | M43: ตรวจสอบประวัติการรับเข้า Fix.mp4
A44: APM-OPD-005 | C44: คนไข้มีนัด ไม่มียากลับบ้าน
A45: OPD/REG | C45: เปิด Visit ตามนัดหมาย | E45: 1. ค้นหาผู้ป่วยและกดปุ่ม + Visit ใหม่ 2. ตรวจสอบนัดหมายของวันนี้ ยืนยันสิทธิ แล้วกดปุ่ม สร้าง 3. พิมพ์ใบนำทางและเลขคิวห้องตรวจ | F45: Pass
A46: OPD/EMR | C46: พยาบาลคัดกรองและแพทย์ตรวจ (ไม่สั่งยา) | E46: 1. บันทึก V/S และฟอร์มคัดกรอง 2. แพทย์เรียกคิวและลง OPD Note + diagnosis 3. ไม่สั่ง Order ยา | F46: Pass
A47: OPD/EMR | C47: แพทย์ทำนัด FU และกดตรวจเสร็จ | E47: 1. สร้างนัดหมาย FU 2. กดปุ่มตรวจเสร็จ | F47: Pass
A48: OPD | C48: พยาบาล Discharge และปริ้นบัตรคิว | E48: 1. Discharge เป็น กลับบ้าน 2. ปริ้นท์บัตรคิวการเงินและบัตรนัด 3. ตรวจสอบว่าระบบไม่ออกบัตรคิวห้องยา | G48: No Pass | I48: 1. ยังไม่มีคิวการเงิน
A49: OPD/CASH | C49: คนไข้ชำระเงินเฉพาะค่าบริการ | E49: 1. ตรวจสอบว่าผู้ป่วยขึ้นคิวการเงินได้แม้ไม่มีใบยา 2. ตรวจสอบว่า Chart item มีเฉพาะค่าบริการ ไม่มีค่ายา 3. สร้าง invoice และรับชำระเงิน 4. ปิดสิทธิ์ผ่าน EDC / End point
A50: OPD/PHA | C50: ตรวจสอบว่าไม่มีรายการที่ห้องยา | E50: 1. เข้าเมนูห้องยา 2. ค้นหาผู้ป่วยรายนี้ 3. ตรวจสอบว่าไม่มี Order / ใบยา ของ Visit นี้ | F50: Pass
A51: APM-OPD-006 | C51: คนไข้มีนัด มียา co-pay / ยาที่ต้องมีเอกสารประกอบการสั่ง / CDSS แจ้งเตือน > จ่ายเงิน > รับยา
A52: OPD/REG | C52: เปิด Visit ตามนัดหมาย | E52: 1. ค้นหาผู้ป่วยและกดปุ่ม + Visit ใหม่ 2. ตรวจสอบนัดหมายของวันนี้ ยืนยันสิทธิ แล้วกดปุ่ม สร้าง | F52: Pass
A53: OPD/EMR | C53: พยาบาลคัดกรองและแพทย์ตรวจ | E53: 1. บันทึก V/S และฟอร์มคัดกรอง 2. แพทย์เรียกคิวและลง OPD Note + diagnosis | F53: Pass
A54: OPD/CPOE | C54: สั่งยานอกบัญชียาหลัก หรือยาประเภทอื่นๆ (A-F) | E54: 1. ระบบสามารถแสดงบัญชียาของรายการยาที่สั่งได้ 2. เมื่อทำการสั่งยา ระบบนำราคาไปคำนวณได้ถูกต้องสัมพันธ์กับสิทธิ์การรักษาของคนไข้ | F54: Pass
A55: OPD/CPOE | C55: สั่งยาที่ต้องมีเอกสารประกอบการสั่งยา (DUE / PA) | E55: 1. ตั้งค่ายาที่ต้องมีเอกสารประกอบจากหน้าการจัดการการสั่งยา (DUE / PA) 2. เมื่อสั่งยาที่ตั้งค่าไว้ ระบบ alert แจ้งเตือนว่ามีเอกสารที่เกี่ยวข้อง 3. Link / เรียกดูเอกสารที่เกี่ยวข้องกับยานั้น 4. print / บันทึกข้อมูลลงไปในระบบ 5. เรียกดู order เก่าที่มีการบันทึกเอกสารไว้ | H55: N/A | I55: ขอข้ามก่อนเนื่องจากไม่มีข้อมูล
A56: OPD/CPOE | C56: ตรวจสอบ CDSS แจ้งเตือน (แพ้ยา / ยาซ้ำ / Interaction) | E56: 1. สั่งยาที่คนไข้แพ้ตามประวัติ > ระบบต้องแสดง alert 2. สั่งยาซ้ำ > ระบบต้องแสดง Duplication alert 3. สั่งยาคู่ปฏิกิริยา > ระบบต้องแสดง Interaction alert 4. เมื่อยืนยันการสั่ง ต้องระบุเหตุผลก่อนจึงจะสั่งได้ | H56: N/A | I56: ขอข้ามก่อนเนื่องจากไม่มีข้อมูล
A57: OPD/EMR | C57: ออกเอกสารร่วมจ่าย (Co-pay) | E57: 1. เลือกดูเมนู สร้างฟอร์ม ที่ Side bar ทางขวามือ 2. เลือกประเภทของฟอร์มที่ต้องการ 3. ระบบจะแสดงข้อมูลใบรับรองประเภทนั้นๆขึ้นมา 4. กรอกข้อมูลลงในฟอร์ม 5. บันทึกข้อมูล | F57: Pass
A58: OPD | C58: พยาบาล Discharge และปริ้นบัตรคิว | E58: 1. Discharge เป็น กลับบ้าน 2. ปริ้นท์บัตรคิว การเงิน / ห้องยา | G58: No Pass
A59: OPD/CASH | C59: คนไข้ชำระเงิน (ตรวจสอบส่วนร่วมจ่าย) | E59: 1. ตรวจสอบว่าราคายานอกบัญชี / ยา co-pay คำนวณตามสิทธิถูกต้อง 2. ตรวจสอบว่าเหตุผลการสั่งยานอกบัญชีแสดงที่หน้าการเงิน 3. สร้าง invoice และรับชำระเงิน 4. ปิดสิทธิ์ผ่าน EDC / End point | H59: N/A | I59: ขอข้้ามก่อนเนื่องจากยังไม่สามารถสร้างยาที่มี Copay ได้
A60: OPD/PHA | C60: ห้องยาจัดยาและจ่ายยา | E60: 1. สร้างใบยา > จัดยา > ยืนยันรอจ่าย 2. เรียกคิวคนไข้ และยืนยันจ่ายยา | G60: No Pass
A61: APM-OPD-007 | C61: คนไข้มีนัด หมอสั่งยา Stat > จ่ายค่ายา > ฉีดยา > จ่ายเงิน > รับยากลับบ้าน
A62: OPD/REG | C62: เปิด Visit ตามนัดหมาย | E62: 1. ค้นหาผู้ป่วยและกดปุ่ม + Visit ใหม่ 2. ตรวจสอบนัดหมายของวันนี้ ยืนยันสิทธิ แล้วกดปุ่ม สร้าง | F62: Pass
A63: OPD/EMR | C63: พยาบาลคัดกรองและแพทย์ตรวจ | E63: 1. บันทึก V/S และฟอร์มคัดกรอง 2. แพทย์เรียกคิวและลง OPD Note + diagnosis | F63: Pass
A64: OPD/CPOE | C64: แพทย์สั่งยา Stat | E64: 1. เลือกสั่งยาเป็น order stat 2. ระบุวิธีการใช้ยา / จำนวนยาที่จ่าย / หมายเหตุอื่นๆ 3. กดปุ่ม เพิ่ม order 4. ระบบจะแสดงรายการยาที่สั่ง พร้อม สถานะ Stat 5. กดปุ่ม Sign | F64: Pass
A65: OPD/CASH | C65: คนไข้ชำระค่ายา Stat ก่อนรับบริการ | E65: 1. เปิดรายการของผู้ป่วยที่หน้าการเงิน 2. ตรวจสอบว่าค่ายา Stat แสดงใน Chart item 3. สร้าง invoice และรับชำระเงินเฉพาะส่วนค่ายา Stat | F65: Pass
A66: OPD/PHA | C66: ห้องยาจ่ายยา Stat | E66: 1. สร้างใบยาของ order Stat 2. จัดยาและยืนยันรอจ่าย 3. จ่ายยา Stat ให้หน่วยบริการ / คนไข้ | F66: Pass | I66: 1. ในกรณีที่ใบยาแรกเป็น Stat พบว่าเมื่อมีการสร้างใบยามากกว่า 1 ใบ รายการที่ 2 จะไม่แสดงเลขคิว
A67: OPD/EMR | C67: พยาบาลฉีดยาและบันทึกการให้ยา | E67: 1. รับยา Stat จากห้องยา 2. ฉีดยาให้ผู้ป่วย 3. บันทึกการให้ยาในระบบ 4. ตรวจสอบว่าประวัติการให้ยาแสดงใน Visit นี้ | F67: Pass
A68: OPD/CPOE | C68: แพทย์สั่งยากลับบ้าน (Home med) | E68: 1. สั่งยา Home med 2. ระบุวิธีการใช้ยา / จำนวนยาที่จ่าย 3. กดปุ่ม เพิ่ม order แล้วกดปุ่ม Sign 4. กดปุ่มตรวจเสร็จ | F68: Pass
A69: OPD | C69: พยาบาล Discharge และปริ้นบัตรคิว | E69: 1. Discharge เป็น กลับบ้าน 2. ปริ้นท์บัตรคิว การเงิน / ห้องยา | G69: No Pass
A70: OPD/CASH | C70: คนไข้ชำระเงินส่วนที่เหลือ | E70: 1. ตรวจสอบว่าค่ายา Stat ที่ชำระไปแล้วไม่ถูกเรียกเก็บซ้ำ 2. สร้าง invoice ส่วนที่เหลือและรับชำระเงิน 3. ปิดสิทธิ์ผ่าน EDC / End point | F70: Pass
A71: OPD/PHA | C71: คนไข้รับยากลับบ้าน | E71: 1. เรียกคิวคนไข้ที่ห้องยา 2. ยืนยันจ่ายยา Home med | F71: Pass
A72: APM-OPD-008 | C72: คนไข้มีนัด พบแพทย์ ทำหัตถการ (ภายในวัน / สั่งล่วงหน้า) > การเงิน
A73: OPD/REG | C73: เปิด Visit ตามนัดหมาย | E73: 1. ค้นหาผู้ป่วยและกดปุ่ม + Visit ใหม่ 2. ตรวจสอบนัดหมายของวันนี้ ยืนยันสิทธิ แล้วกดปุ่ม สร้าง | F73: Pass
A74: OPD/EMR | C74: พยาบาลคัดกรองและแพทย์ตรวจ | E74: 1. บันทึก V/S และฟอร์มคัดกรอง 2. แพทย์เรียกคิวและลง OPD Note + diagnosis | F74: Pass
A75: OPD/CPOE | C75: แพทย์สั่งหัตถการภายในวัน | E75: 1. ระบบจะแสดง Section ในส่วนของการ Order ขึ้นมา 2. ทำการสั่ง หัตถการ ที่ต้องการ 3. เลือก Priority และ วันที่ต้องการให้ทำหัตถการเป็นวันนี้ และจำนวนครั้ง 4. กดปุ่มบันทึก 5. ระบบจะแสดงข้อมูล หัตถการที่สั่ง จำนวน ราคา พร้อม ICD9 | G75: No Pass | I75: 1. หัตการไม่สามารถพิมพ์ใบคำสั่งได้
A76: OPD/EMR | C76: บันทึกการทำหัตถการหลังทำเสร็จ | E76: 1. เปิดรายการหัตถการที่สั่งไว้ 2. บันทึกผลการทำหัตถการ 3. ตรวจสอบว่าสถานะหัตถการเปลี่ยนเป็นทำแล้ว | F76: Pass
A77: OPD/CPOE | C77: แพทย์สั่งหัตถการล่วงหน้า (วันอื่น) | E77: 1. สั่งหัตถการที่ต้องการ 2. เลือก วันที่ต้องการให้ทำหัตถการเป็นวันอื่น และเลือกวันที่ 3. กดปุ่มบันทึก 4. ตรวจสอบว่ารายการรอทำแสดงในวันนัดที่กำหนด | G77: No Pass | I77: 1. ยังไม่สามารถเลือกวันอื่นๆ ได้ (ติดในส่วนเลือกตารางหัตถการ)
A78: OPD | C78: พยาบาล Discharge และปริ้นบัตรคิว | E78: 1. Discharge เป็น กลับบ้าน 2. ปริ้นท์บัตรคิว การเงิน / ห้องยา | G78: No Pass
A79: OPD/CASH | C79: คนไข้ชำระเงิน (ค่าหัตถการ) | E79: 1. ตรวจสอบว่าค่าหัตถการที่ทำภายในวันแสดงใน Chart item 2. ตรวจสอบว่าหัตถการที่สั่งล่วงหน้ายังไม่ถูกเรียกเก็บในวันนี้ 3. สร้าง invoice และรับชำระเงิน 4. ปิดสิทธิ์ผ่าน EDC / End point | F79: Pass
A80: APM-OPD-009 | C80: คนไข้มีนัด พบแพทย์ หมอสั่ง Refill ยา
A81: OPD/REG | C81: เปิด Visit ตามนัดหมาย | E81: 1. ค้นหาผู้ป่วยและกดปุ่ม + Visit ใหม่ 2. ตรวจสอบนัดหมายของวันนี้ ยืนยันสิทธิ แล้วกดปุ่ม สร้าง | H81: N/A | I81: 1. ยััง Inprogress
A82: OPD/EMR | C82: พยาบาลคัดกรองและแพทย์ตรวจ | E82: 1. บันทึก V/S และฟอร์มคัดกรอง 2. แพทย์เรียกคิวและลง OPD Note + diagnosis | H82: N/A
A83: OPD/CPOE | C83: แพทย์สั่งยาแบบ Refill | E83: 1. เข้า Section ในส่วนของการ Order 2. ค้นหารายการยาและระบุวิธีใช้ 3. กำหนด Refill Number (จำนวนงวดที่ให้มารับ) 4. ตรวจสอบว่าค่าที่กำหนดแสดงในรายการยาใน Order Basket 5. กดปุ่ม เพิ่ม order แล้วกดปุ่ม Sign | H83: N/A
A84: OPD/PHA | C84: ห้องยาจ่ายยางวดแรก | E84: 1. สร้างใบยาของงวดแรก 2. จัดยาและยืนยันรอจ่าย 3. ตรวจสอบจำนวนที่เบิกได้ / จำนวนจ่าย / คงเหลือ ของแต่ละงวด 4. เรียกคิวคนไข้ และยืนยันจ่ายยา | H84: N/A
A85: OPD | C85: พยาบาล Discharge และปริ้นบัตรคิว | E85: 1. Discharge เป็น กลับบ้าน 2. ปริ้นท์บัตรคิว การเงิน / ห้องยา และบัตรนัดมารับยางวดถัดไป | H85: N/A
A86: OPD/CASH | C86: คนไข้ชำระเงิน | E86: 1. ตรวจสอบว่าเรียกเก็บเฉพาะค่ายางวดที่จ่ายจริง ไม่ใช่ทั้งแผน 2. สร้าง invoice และรับชำระเงิน 3. ปิดสิทธิ์ผ่าน EDC / End point | H86: N/A
A87: APM-OPD-010 | C87: คนไข้ขอใบรับรองแพทย์ชนิดต่างๆ
A88: OPD/REG | C88: เปิด Visit สำหรับขอใบรับรองแพทย์ | E88: 1. ค้นหาผู้ป่วยและกดปุ่ม + Visit ใหม่ 2. เลือกคลินิก หรือ หน่วยงานที่คนไข้ต้องไป 3. ยืนยันสิทธิการรักษา แล้วกดปุ่ม สร้าง | F88: Pass
A89: OPD/EMR | C89: แพทย์ตรวจและลง OPD Note | E89: 1. แพทย์เรียกคิวผู้ป่วยเข้าห้องตรวจ 2. ลงข้อมูลการรักษาและ diagnosis | F89: Pass
A90: OPD/EMR | C90: สร้างใบรับรองแพทย์จากหน้า ใบรับรองแพทย์ | E90: 1. เลือกดูเมนู ใบรับรองแพทย์ ที่ Side bar ทางขวามือ 2. ระบบจะแสดงหน้ากรอกข้อมูลขึ้นมา 3. กรอกข้อมูลที่ต้องการลงไป 4. กดบันทึก | F90: Pass
A91: OPD/EMR | C91: สร้างใบรับรองแพทย์จากหน้า Document (เลือกชนิดเอกสาร) | E91: 1. เลือกดูเมนู เอกสาร ที่ Side bar ทางซ้ายมือ 2. ระบบจะแสดงหน้ารายการเอกสาร 3. คลิกสร้างเอกสาร 4. เลือกประเภทเอกสาร ใบรับรองแพทย์ และเลือกประเภทใบรับรองแพทย์ 5. กรอกข้อมูลที่ต้องการลงไป 6. กดบันทึก | F91: Pass
A92: OPD/EMR | C92: พิมพ์ใบรับรองแพทย์ | E92: 1. เลือกดูเมนู เอกสาร ที่ Side bar ทางซ้ายมือ 2. ระบบจะแสดงหน้ารายการเอกสาร 3. คลิกพิมพ์เอกสาร 4. ตรวจสอบข้อมูลบนเอกสารว่าตรงกับ Visit | F92: Pass | I92: 1. เมื่อกด Preview Print แล้วหน้าขาว
A93: OPD/REG | C93: ออกใบรับรองแพทย์ย้อนหลัง | E93: 1. ค้นหาผู้ป่วย 2. ระบบแสดงข้อมูลผู้ป่วย 3. เลือก เอกสาร ที่ side bar ซ้ายมือ 4. เลือกเอกสารที่ต้องการ 5. Print เอกสาร | F93: Pass
A94: OPD/CASH | C94: คนไข้ชำระค่าธรรมเนียม | E94: 1. ตรวจสอบว่าค่าธรรมเนียมใบรับรองแพทย์แสดงใน Chart item 2. สร้าง invoice และรับชำระเงิน | F94: Pass
A95: Walk in | C95: กลุ่ม Walk in - คนไข้ไม่มีนัด หรือมาไม่ตรงนัด
A96: WLK-OPD-001 | C96: คนไข้ Walk in พบแพทย์
A97: OPD/REG | C97: เปิด Visit แบบ Walk in | E97: 1. เข้าแอพ เวชระเบียน > ค้นหาผู้ป่วย 2. กดปุ่ม + Visit ใหม่ 3. เลือก คลินิก หรือ หน่วยงานที่คนไข้ต้องไป 4. จัดการสิทธิการรักษา 5. กดปุ่ม สร้าง 6. ออกใบนำทางและเลขคิวห้องตรวจ | F97: Pass
A98: OPD | C98: พยาบาลจัดการผู้ป่วย Walk in และ assign แพทย์ | E98: 1. กดปุ่มเมนูมุมบนขวา เลือกผู้ป่วยนอก และ รายการผู้ป่วย Walk-in request 2. ระบบจะแสดงรายการคนไข้ที่มีการ Walk-in เข้ามาในระบบ 3. ทำการ assign แพทย์ที่คนไข้จะได้เข้ารับการตรวจในวันนี้ | F98: Pass
A99: OPD/EMR | C99: พยาบาลคัดกรองก่อนพบแพทย์ | E99: 1. บันทึกสัญญาณชีพ (V/S) 2. เลือกดูเมนู ฟอร์มคัดกรอง ที่ Side bar ทางขวามือ 3. กรอกข้อมูลการคัดกรองและบันทึก | F99: Pass
A100: OPD/EMR | C100: แพทย์เรียกคิวและลง OPD Note | E100: 1. กดเลือกคนไข้จากหน้า รายการผู้ป่วยนอก ที่สถานะพร้อมตรวจ 2. ลงข้อมูลการรักษาและ diagnosis 3. บันทึกข้อมูล | F100: Pass
...

Sheet List Flow E2E For BizSim(New)
A2: Use case Scenario
A3: Case_Id | B3: Scenario | C3: Status test | F3: NOTE
C4: Pass | D4: Fail | E4: N/A
A5: Appointment | B5: กลุ่ม Appointment - คนไข้มีนัดหมายล่วงหน้า (12 UC)
A6: APM-OPD-001 | B6: คนไข้มีนัดเข้ารับบริการปกติ (พบแพทย์ > ทำนัด FU > การเงิน > รับยา > กลับบ้าน)
A7: APM-OPD-002 | B7: คนไข้มีนัดเข้ารับบริการปกติ มีตรวจ LAB / IMG ก่อนพบแพทย์
A8: APM-OPD-003 | B8: คนไข้มีนัด แพทย์สั่งตรวจ LAB / IMG อ่านผลภายในวัน (แพทย์อ่านผลเอง / ฝากแพทย์ท่านอื่นอ่านผล)
A9: APM-OPD-005 | B9: คนไข้มีนัด ไม่มียากลับบ้าน
A10: APM-OPD-006 | B10: คนไข้มีนัด มียา co-pay / ยาที่ต้องมีเอกสารประกอบการสั่ง (DUE, PA) / CDSS แจ้งเตือน > จ่ายเงิน > รับยา
A11: APM-OPD-007 | B11: คนไข้มีนัด หมอสั่งยา Stat > จ่ายค่ายา > ฉีดยา > จ่ายเงิน > รับยากลับบ้าน
A12: APM-OPD-008 | B12: คนไข้มีนัด พบแพทย์ ทำหัตถการ (ภายในวัน / สั่งล่วงหน้า) > การเงิน > ห้องยา
A13: APM-OPD-009 | B13: คนไข้มีนัด พบแพทย์ หมอสั่ง Refill ยา
A14: APM-OPD-010 | B14: คนไข้ขอใบรับรองแพทย์ชนิดต่างๆ
A15: APM-OPD-011 | B15: คนไข้ขอเลื่อนนัดหมาย | G15: New
A16: APM-OPD-012 | B16: คนไข้ขอยกเลิกนัดหมาย | G16: New
A17: APM-OPD-013 | B17: คนไข้ไม่มาตามนัด (No-show) | G17: New
A18: Walk in | B18: กลุ่ม Walk in - คนไข้ไม่มีนัด หรือมาไม่ตรงนัด (5 UC)
A19: WLK-OPD-001 | B19: คนไข้ Walk in พบแพทย์ (พยาบาลทำ Pre-assessment จากหน้าคำขอ Walk-in · SBH-2699)
A20: WLK-OPD-002 | B20: คนไข้ Walk in ไม่ได้พบแพทย์ ทำนัดหมายแทน
A21: WLK-OPD-003 | B21: คนไข้มีนัด แต่มาไม่ตรงนัด
A22: WLK-OPD-004 | B22: คนไข้มาตรวจ Lab / IMG ล่วงหน้า (ก่อนวันนัดพบแพทย์)
A23: WLK-OPD-006 | B23: คนไข้ใหม่ (ยังไม่มี HN) ลงทะเบียนและเปิด Visit ครั้งแรก | G23: New
A24: Refill | B24: กลุ่ม Refill ยา - คนไข้มารับยาตามแผน Refill (2 UC)
A25: RFL-OPD-001 | B25: คนไข้มารับยา Refill ตรงวัน
A26: RFL-OPD-002 | B26: คนไข้มารับยา Refill ไม่ตรงวัน (มาก่อน / เลยกำหนด)
A27: Injection | B27: กลุ่มมีนัดฉีดยา / ฉีดวัคซีน / ทำแผล ไม่พบแพทย์ (1 UC)
A28: INJ-OPD-001 | B28: คนไข้มีนัดฉีดยา / ฉีดวัคซีน / ทำแผล ไม่พบแพทย์
A29: Admit | B29: กลุ่ม Admit - คนไข้ OPD ต้องนอนโรงพยาบาล (2 UC)
A30: ADM-OPD-001 | B30: คนไข้ Admit (ย้ายค่าใช้จ่ายจาก OPD ไป IPD)
A31: ADM-OPD-002 | B31: คนไข้ Admit สั่งตรวจก่อนขึ้น ward
A32: ODS | B32: กลุ่ม ODS - หัตถการ One Day Surgery (2 UC)
A33: ODS-OPD-001 | B33: คนไข้มาตรวจ หมอสั่ง ODS ภายในวัน
A34: ODS-OPD-002 | B34: หมอนัดมาทำ ODS วันอื่น
A35: Order | B35: กลุ่มคำสั่งการรักษา - Order Set / ยา Compound / รคส. / Remed / ค่าตรวจแพทย์ (5 UC)
A36: ORD-OPD-001 | B36: แพทย์สั่งการรักษาผ่าน Order Set (ยา + Lab + หัตถการ) > การเงิน > รับยา | G36: New
A37: ORD-OPD-002 | B37: แพทย์สั่งยา Compound (ยาผสม) > ห้องยา > การเงิน > รับยา | G37: New
A38: ORD-OPD-003 | B38: พยาบาลสั่ง Order แทนแพทย์ (รคส.) > แพทย์ยืนยันคำสั่ง > ห้องยา > การเงิน | G38: New
A39: ORD-OPD-004 | B39: พยาบาลทำ Med reconcile > แพทย์ Remed ยาเดิม > ห้องยา > การเงิน | G39: New
A40: ORD-OPD-005 | B40: แพทย์เพิ่มค่าตรวจแพทย์ (Doctor Fee) > ตรวจสอบที่การเงิน | G40: New
A41: Drug Label | B41: กลุ่มฉลากยา - ฉลากยาภาษาไทย / ภาษาอังกฤษ (2 UC)
A42: LBL-OPD-001 | B42: ห้องยาพิมพ์ฉลากยาภาษาไทย (ยาหลายรูปแบบ) | G42: New
A43: LBL-OPD-002 | B43: คนไข้ต่างชาติ: ฉลากยาภาษาอังกฤษ + ใบส่งไปรษณีย์ | G43: New
A44: Cancel | B44: กลุ่มยกเลิก / ย้อนกลับ - ยกเลิก Visit / Order / ใบยา / ใบเสร็จ / คืนยา (3 UC)
A45: CXL-OPD-001 | B45: ยกเลิก Visit (เปิดผิดคลินิก / คนไข้ไม่รอตรวจ) | G45: New
A46: CXL-OPD-002 | B46: แพทย์แก้ไข / ยกเลิก Order ก่อนและหลังห้องยาสร้างใบยา (เภสัชย้อนกลับใบยา · SBH-1717) | G46: New
A47: CXL-OPD-003 | B47: ยกเลิกใบเสร็จ / คืนยา / คืนเงิน หลังชำระเงินแล้ว | G47: New
A48: Transfer / Refer | B48: กลุ่มส่งต่อ - พบแพทย์หลายคลินิก / Refer ออก / รับ Refer เข้า (3 UC)
A49: TRF-OPD-001 | B49: คนไข้พบแพทย์หลายคลินิกในวันเดียว (ส่งต่อคลินิกอื่น) | G49: New
A50: REF-OPD-001 | B50: แพทย์ส่งตัวคนไข้ไปโรงพยาบาลอื่น (Refer out) | G50: New
A51: REF-OPD-002 | B51: รับคนไข้ Refer เข้าจากโรงพยาบาลอื่น | G51: New

Sheet Scenario-OPD BizSim(New)
A1: Case_id | B1: TOR_ID | C1: Use case Scenario | D1: Test case ID | E1: Test Step | F1: Status test | I1: NOTE
F2: Pass | G2: Fail | H2: N/A
A3: Appointment | C3: กลุ่ม Appointment - คนไข้มีนัดหมายล่วงหน้า
A4: APM-OPD-001 | C4: คนไข้มีนัดเข้ารับบริการปกติ (พบแพทย์ > ทำนัด FU > การเงิน > รับยา > กลับบ้าน)
A5: OPD/REG | C5: เปิด Visit ตามนัดหมาย | E5: 1. เข้าแอพ เวชระเบียน > ค้นหาผู้ป่วย 2. กรอก HN แล้วกด Enter 3. กดปุ่ม + Visit ใหม่ มุมขวาบน 4. ตรวจสอบข้อมูลนัดหมายของวันนี้ที่ระบบแสดง 5. ยืนยันสิทธิการรักษา 6. กดปุ่ม สร้าง 7. ตรวจสอบว่าได้เลข VN พิมพ์ใบนำทาง และได้เลขคิวห้องตรวจ
A6: OPD/EMR | C6: พยาบาลคัดกรองก่อนพบแพทย์ | E6: 1. เปิดผู้ป่วยจากหน้า รายการผู้ป่วยนอก 2. บันทึกสัญญาณชีพ (V/S) 3. เลือกดูเมนู ฟอร์มคัดกรอง ที่ Side bar ทางขวามือ 4. กรอกข้อมูลการคัดกรองและบันทึก 5. ตรวจสอบว่าค่า Vital sign แสดงบน Patient Banner
A7: OPD/EMR | C7: แพทย์เรียกคิวและลง OPD Note | E7: 1. กดเลือกคนไข้จากหน้า รายการผู้ป่วยนอก ที่สถานะพร้อมตรวจ 2. ระบบจะแสดง OPD Note ขึ้นมา 3. ลงข้อมูลการรักษา 4. ลง diagnosis 5. บันทึกข้อมูล
A8: OPD/CPOE | C8: แพทย์สั่งยากลับบ้าน (Home med) | E8: 1. ระบบจะแสดง Section ในส่วนของการ Order ขึ้นมา 2. ทำการสั่งยา เลือก Home med 3. ระบุวิธีการใช้ยา / จำนวนยาที่จ่าย / หมายเหตุอื่นๆ 4. กดปุ่ม เพิ่ม order 5. กดปุ่ม Sign เพื่อส่งคำสั่งไปห้องยา
A9: OPD/EMR | C9: แพทย์ทำนัดหมาย FU และกดตรวจเสร็จ | E9: 1. เลือกดูเมนู สร้างนัดหมาย ที่ Side bar ทางขวามือ 2. เลือก คลินิก แพทย์ ประเภทการนัดหมาย แล้ว Slot ที่ต้องการ 3. กดบันทึก 4. ตรวจสอบนัดหมายที่เมนู ประวัติการนัดหมาย 5. กดปุ่มตรวจเสร็จ
A10: OPD | C10: พยาบาล Discharge และปริ้นบัตรคิว | E10: 1. กดเลือกคนไข้จากหน้า รายการผู้ป่วยนอก ที่สถานะ ตรวจเสร็จ 2. เลือกประเภทการ Discharge เป็น กลับบ้าน 3. ปริ้นท์บัตรคิว การเงิน / ห้องยา ที่หน้า Discharge summary 4. ปริ้นท์บัตรนัดที่เมนู ประวัตินัดหมาย ที่ side bar ซ้ายมือ
A11: OPD/PHA | C11: ห้องยาสร้างใบยาก่อนชำระเงิน | E11: 1. ไปที่เมนูห้องยา > เลือกห้องยาชั้น 1 2. เลือกคนไข้และรายการยา แล้วกดปุ่มสร้างใบยา
A12: OPD/CASH | C12: คนไข้ชำระเงินที่การเงิน | E12: 1. เข้าหน้าการเงิน (Cashier) แล้วเปิดรายการของผู้ป่วยจากคิวการเงิน 2. ตรวจสอบ / แก้ไข Chart item สิทธิการรักษา และส่วนลด 3. สร้าง invoice 4. รับชำระเงินและออกใบเสร็จ 5. ปิดสิทธิ์ผ่าน EDC / End point
A13: OPD/PHA | C13: ห้องยาจัดยา เรียกคิว และจ่ายยา | E13: 1. ไปที่เมนูห้องยา > เลือกห้องยาชั้น 1 2. เลือกคนไข้และรายการยา 3. กดปุ่มจัดยาแล้ว 4. กดปุ่มยืนยันรอจ่าย 5. เรียกคิวคนไข้ที่ห้องยา 6. เลือก 3จุด ด้านหลังรายการยา แล้วเลือก ยืนยันจ่ายยา
A14: APM-OPD-002 | C14: คนไข้มีนัดเข้ารับบริการปกติ มีตรวจ LAB / IMG ก่อนพบแพทย์
A15: OPD/REG | C15: เปิด Visit ตามนัด และ Check-in ห้อง Lab / Img | E15: 1. เปิด Visit ตามนัดหมาย จนได้เลข VN 2. พิมพ์ใบนำทาง 3. กด Check-in ห้อง Lab / Img 4. ตรวจสอบเลขคิว Lab/X-ray ที่ระบบออกให้ 5. ตรวจสอบว่ารายการเข้าสู่ Worklist ของห้อง Lab/X-ray/Img
A16: OPD/LAB | C16: ห้อง Lab / Img รับรายการและออกผล | E16: 1. เข้า Cortex Worklist ของห้อง Lab/X-ray/Img 2. เลือกรายการผู้ป่วยแล้วกด Check-in 3. เก็บ Specimen และพิมพ์ Sticker (LN) ติด Tube (เฉพาะ Lab) 4. กด Run Lab / IMG ส่งไปยัง LIS / RIS 5. รับผลกลับเข้าระบบ 6. ให้แพทย์ Authorize ผล จนสถานะเป็นเสร็จสิ้น
A17: OPD/EMR | C17: พยาบาลคัดกรองและเช็คสถานะผล Lab / Img | E17: 1. บันทึกสัญญาณชีพ (V/S) และฟอร์มคัดกรอง 2. เลือกดูเมนู Lab Result / Imaging result ที่ Side bar ทางซ้ายมือ 3. ตรวจสอบว่าสถานะผลตรงกับสถานะจริงในห้อง Lab 4. ส่งผู้ป่วยเข้าคิวห้องตรวจ
A18: OPD/EMR | C18: แพทย์ดูผล Lab / IMG แล้วตรวจ | E18: 1. เรียกคิวผู้ป่วยเข้าห้องตรวจ 2. เลือกดูเมนู Lab Result และ Imaging result ที่ Side bar ทางซ้ายมือ 3. ตรวจสอบว่าผลตรงกับที่ห้อง Lab ส่งมา 4. ลง OPD Note และ diagnosis
A19: OPD/CPOE | C19: แพทย์สั่งยากลับบ้านและทำนัด FU | E19: 1. สั่งยา Home med และกด Sign 2. สร้างนัดหมาย FU 3. กดปุ่มตรวจเสร็จ
A20: OPD | C20: พยาบาล Discharge และปริ้นบัตรคิว | E20: 1. เลือกประเภทการ Discharge เป็น กลับบ้าน 2. ปริ้นท์บัตรคิว การเงิน / ห้องยา ที่หน้า Discharge summary 3. ปริ้นท์บัตรนัด
A21: OPD/CASH | C21: คนไข้ชำระเงิน (รวมค่า Lab / IMG) | E21: 1. เปิดรายการของผู้ป่วยจากคิวการเงิน 2. ตรวจสอบว่าค่า Lab / IMG ถูกรวมใน Chart item 3. สร้าง invoice และรับชำระเงิน 4. ปิดสิทธิ์ผ่าน EDC / End point
A22: OPD/PHA | C22: ห้องยาจัดยาและจ่ายยา | E22: 1. สร้างใบยา > จัดยา > ยืนยันรอจ่าย 2. เรียกคิวคนไข้ 3. ยืนยันจ่ายยา
A23: APM-OPD-003 | C23: คนไข้มีนัด แพทย์สั่งตรวจ LAB / IMG อ่านผลภายในวัน (แพทย์อ่านผลเอง / ฝากแพทย์ท่านอื่นอ่านผล)
A24: OPD/REG | C24: เปิด Visit ตามนัดหมาย | E24: 1. ค้นหาผู้ป่วยด้วย HN 2. กดปุ่ม + Visit ใหม่ และตรวจสอบนัดหมายของวันนี้ 3. ยืนยันสิทธิการรักษา แล้วกดปุ่ม สร้าง 4. พิมพ์ใบนำทางและเลขคิวห้องตรวจ
A25: OPD/EMR | C25: พยาบาลคัดกรองและแพทย์ตรวจ | E25: 1. บันทึก V/S และฟอร์มคัดกรอง 2. แพทย์เรียกคิวผู้ป่วยเข้าห้องตรวจ 3. ลงข้อมูลการรักษาและ diagnosis ใน OPD Note
A26: OPD/CPOE | C26: แพทย์สั่ง LAB ต้องการทราบผลภายในวันที่สั่ง | E26: 1. ค้นหารายการ lab ที่ต้องการสั่งใน order search 2. ระบบจะแสดงรายการที่กำหนดไว้ 3. เลือก Priority และ วันที่ต้องการทราบผลเป็นวันนี้ 4. ระบบจะไม่ให้เลือกวันที่เมื่อเลือกเป็นวันนี้ 5. กดปุ่มเพิ่ม order 6. กดปุ่ม Sign เพื่อส่งการสั่งไปยังห้องปฏิบัติการ
A27: OPD/CPOE | C27: แพทย์สั่ง IMG ต้องการทราบผลภายในวันที่สั่ง | E27: 1. ค้นหารายการ Img ที่ต้องการสั่งใน order search 2. เลือก Priority และ วันที่ต้องการทราบผลเป็นวันนี้ 3. กดปุ่มเพิ่ม order 4. กดปุ่ม Sign เพื่อส่งการสั่งไปยังห้องปฏิบัติการ
A28: OPD/LAB | C28: ห้อง Lab / Img ทำรายการและส่งผลกลับ | E28: 1. Check-in ผู้ป่วยที่ Cortex Worklist 2. เก็บ Specimen และพิมพ์ Sticker (เฉพาะ Lab) / ฉายรังสี (IMG) 3. กด Run Lab / IMG ส่งไปยัง LIS / RIS 4. รับผลกลับเข้าระบบ 5. แพทย์ Authorize ผล
A29: OPD/EMR | C29: กรณีแพทย์อ่านผลเอง: แพทย์อ่านผลและสรุปการรักษาภายในวัน | E29: 1. เรียกคนไข้กลับเข้าห้องตรวจ 2. เปิดดูผล Lab / IMG ที่ส่งกลับมา 3. ลง diagnosis เพิ่มเติมใน OPD Note 4. สั่งยากลับบ้าน 5. ทำนัดหมาย FU 6. กดปุ่มตรวจเสร็จ
A30: OPD/EMR | C30: กรณีฝากแพทย์ท่านอื่นอ่านผล: แพทย์เจ้าของไข้ส่ง Consult ให้แพทย์ท่านอื่นอ่านผล | E30: 1. เลือกดูเมนู Consult ที่ Side bar ทางขวามือ 2. ระบบจะแสดงหน้ากรอกข้อมูลของ Consult ขึ้นมา 3. กรอกข้อมูลที่ต้องการลงไป 4. กดบันทึกเพื่อทำการส่งแบบฟอร์ม 5. ระบบจะแสดงสถานะ รอตอบกลับ
A31: OPD/EMR | C31: กรณีฝากแพทย์ท่านอื่นอ่านผล: แพทย์ท่านอื่นรับ Consult อ่านผล และตอบกลับ | E31: 1. กดปุ่มเมนู มุมบนขวา > เลือกเมนู ผู้ป่วยนอก > เลือกรายการปรึกษาแพทย์ 2. เลือกรับ Consult ระบบจะแสดงรายการที่มี Request เอาไว้ 3. เลือกรายการที่ต้องการตอบกลับ 4. เปิดดูผล Lab / IMG ของผู้ป่วย 5. กรอกข้อมูลที่ต้องการตอบกลับและกดปุ่มบันทึก 6. สถานะของรายการ Consult เปลี่ยนเป็นตอบแล้ว
A32: OPD/EMR | C32: กรณีฝากแพทย์ท่านอื่นอ่านผล: แพทย์เจ้าของไข้ดูผลที่ตอบกลับและสรุปการรักษา | E32: 1. เลือก ส่ง Consult แล้วเลือกรายการที่สถานะ ตอบแล้ว 2. ระบบจะแสดงรายละเอียดการ Consult ที่แพทย์อีกท่านตอบกลับมา 3. ลง diagnosis เพิ่มเติม สั่งยากลับบ้าน และทำนัด FU 4. กดปุ่มตรวจเสร็จ
A33: OPD | C33: พยาบาล Discharge และปริ้นบัตรคิว | E33: 1. Discharge เป็น กลับบ้าน 2. ปริ้นท์บัตรคิว การเงิน / ห้องยา 3. ปริ้นท์บัตรนัด
A34: OPD/CASH | C34: คนไข้ชำระเงิน | E34: 1. ตรวจสอบว่าค่า Lab / IMG ที่สั่งภายในวันถูกรวมใน Chart item 2. สร้าง invoice และรับชำระเงิน 3. ปิดสิทธิ์ผ่าน EDC / End point
A35: OPD/PHA | C35: ห้องยาจัดยาและจ่ายยา | E35: 1. สร้างใบยา > จัดยา > ยืนยันรอจ่าย 2. เรียกคิวคนไข้ 3. ยืนยันจ่ายยา
A36: APM-OPD-005 | C36: คนไข้มีนัด ไม่มียากลับบ้าน
A37: OPD/REG | C37: เปิด Visit ตามนัดหมาย | E37: 1. ค้นหาผู้ป่วยและกดปุ่ม + Visit ใหม่ 2. ตรวจสอบนัดหมายของวันนี้ ยืนยันสิทธิ แล้วกดปุ่ม สร้าง 3. พิมพ์ใบนำทางและเลขคิวห้องตรวจ
A38: OPD/EMR | C38: พยาบาลคัดกรองและแพทย์ตรวจ (ไม่สั่งยา) | E38: 1. บันทึก V/S และฟอร์มคัดกรอง 2. แพทย์เรียกคิวและลง OPD Note + diagnosis 3. ไม่สั่ง Order ยา
A39: OPD/EMR | C39: แพทย์ทำนัด FU และกดตรวจเสร็จ | E39: 1. สร้างนัดหมาย FU 2. กดปุ่มตรวจเสร็จ
A40: OPD | C40: พยาบาล Discharge และปริ้นบัตรคิว | E40: 1. Discharge เป็น กลับบ้าน 2. ปริ้นท์บัตรคิวการเงินและบัตรนัด 3. ตรวจสอบว่าระบบไม่ออกบัตรคิวห้องยา
A41: OPD/CASH | C41: คนไข้ชำระเงินเฉพาะค่าบริการ | E41: 1. ตรวจสอบว่าผู้ป่วยขึ้นคิวการเงินได้แม้ไม่มีใบยา 2. ตรวจสอบว่า Chart item มีเฉพาะค่าบริการ ไม่มีค่ายา 3. สร้าง invoice และรับชำระเงิน 4. ปิดสิทธิ์ผ่าน EDC / End point
A42: OPD/PHA | C42: ตรวจสอบว่าไม่มีรายการที่ห้องยา | E42: 1. เข้าเมนูห้องยา 2. ค้นหาผู้ป่วยรายนี้ 3. ตรวจสอบว่าไม่มี Order / ใบยา ของ Visit นี้
A43: APM-OPD-006 | C43: คนไข้มีนัด มียา co-pay / ยาที่ต้องมีเอกสารประกอบการสั่ง / CDSS แจ้งเตือน > จ่ายเงิน > รับยา
A44: OPD/REG | C44: เปิด Visit ตามนัดหมาย | E44: 1. ค้นหาผู้ป่วยและกดปุ่ม + Visit ใหม่ 2. ตรวจสอบนัดหมายของวันนี้ ยืนยันสิทธิ แล้วกดปุ่ม สร้าง
A45: OPD/EMR | C45: พยาบาลคัดกรองและแพทย์ตรวจ | E45: 1. บันทึก V/S และฟอร์มคัดกรอง 2. แพทย์เรียกคิวและลง OPD Note + diagnosis
A46: OPD/CPOE | C46: สั่งยานอกบัญชียาหลัก หรือยาประเภทอื่นๆ (A-F) | E46: 1. ระบบสามารถแสดงบัญชียาของรายการยาที่สั่งได้ 2. เมื่อทำการสั่งยา ระบบนำราคาไปคำนวณได้ถูกต้องสัมพันธ์กับสิทธิ์การรักษาของคนไข้
A47: OPD/CPOE | C47: สั่งยาที่ต้องมีเอกสารประกอบการสั่งยา (DUE / PA) | E47: 1. ตั้งค่ายาที่ต้องมีเอกสารประกอบจากหน้าการจัดการการสั่งยา (DUE / PA) 2. เมื่อสั่งยาที่ตั้งค่าไว้ ระบบ alert แจ้งเตือนว่ามีเอกสารที่เกี่ยวข้อง 3. Link / เรียกดูเอกสารที่เกี่ยวข้องกับยานั้น 4. print / บันทึกข้อมูลลงไปในระบบ 5. เรียกดู order เก่าที่มีการบันทึกเอกสารไว้
A48: OPD/CPOE | C48: ตรวจสอบ CDSS แจ้งเตือน (แพ้ยา / ยาซ้ำ / Interaction) | E48: 1. สั่งยาที่คนไข้แพ้ตามประวัติ > ระบบต้องแสดง alert 2. สั่งยาซ้ำ > ระบบต้องแสดง Duplication alert 3. สั่งยาคู่ปฏิกิริยา > ระบบต้องแสดง Interaction alert 4. เมื่อยืนยันการสั่ง ต้องระบุเหตุผลก่อนจึงจะสั่งได้
A49: OPD/EMR | C49: ออกเอกสารร่วมจ่าย (Co-pay) | E49: 1. เลือกดูเมนู สร้างฟอร์ม ที่ Side bar ทางขวามือ 2. เลือกประเภทของฟอร์มที่ต้องการ 3. ระบบจะแสดงข้อมูลใบรับรองประเภทนั้นๆขึ้นมา 4. กรอกข้อมูลลงในฟอร์ม 5. บันทึกข้อมูล
A50: OPD | C50: พยาบาล Discharge และปริ้นบัตรคิว | E50: 1. Discharge เป็น กลับบ้าน 2. ปริ้นท์บัตรคิว การเงิน / ห้องยา
A51: OPD/CASH | C51: คนไข้ชำระเงิน (ตรวจสอบส่วนร่วมจ่าย) | E51: 1. ตรวจสอบว่าราคายานอกบัญชี / ยา co-pay คำนวณตามสิทธิถูกต้อง 2. ตรวจสอบว่าเหตุผลการสั่งยานอกบัญชีแสดงที่หน้าการเงิน 3. สร้าง invoice และรับชำระเงิน 4. ปิดสิทธิ์ผ่าน EDC / End point
A52: OPD/PHA | C52: ห้องยาจัดยาและจ่ายยา | E52: 1. สร้างใบยา > จัดยา > ยืนยันรอจ่าย 2. เรียกคิวคนไข้ และยืนยันจ่ายยา
A53: APM-OPD-007 | C53: คนไข้มีนัด หมอสั่งยา Stat > จ่ายค่ายา > ฉีดยา > จ่ายเงิน > รับยากลับบ้าน
A54: OPD/REG | C54: เปิด Visit ตามนัดหมาย | E54: 1. ค้นหาผู้ป่วยและกดปุ่ม + Visit ใหม่ 2. ตรวจสอบนัดหมายของวันนี้ ยืนยันสิทธิ แล้วกดปุ่ม สร้าง
A55: OPD/EMR | C55: พยาบาลคัดกรองและแพทย์ตรวจ | E55: 1. บันทึก V/S และฟอร์มคัดกรอง 2. แพทย์เรียกคิวและลง OPD Note + diagnosis
A56: OPD/CPOE | C56: แพทย์สั่งยา Stat | E56: 1. เลือกสั่งยาเป็น order stat 2. ระบุวิธีการใช้ยา / จำนวนยาที่จ่าย / หมายเหตุอื่นๆ 3. กดปุ่ม เพิ่ม order 4. ระบบจะแสดงรายการยาที่สั่ง พร้อม สถานะ Stat 5. กดปุ่ม Sign
A57: OPD/CASH | C57: คนไข้ชำระค่ายา Stat ก่อนรับบริการ | E57: 1. เปิดรายการของผู้ป่วยที่หน้าการเงิน 2. ตรวจสอบว่าค่ายา Stat แสดงใน Chart item 3. สร้าง invoice และรับชำระเงินเฉพาะส่วนค่ายา Stat
A58: OPD/PHA | C58: ห้องยาจ่ายยา Stat | E58: 1. สร้างใบยาของ order Stat 2. จัดยาและยืนยันรอจ่าย 3. จ่ายยา Stat ให้หน่วยบริการ / คนไข้
A59: OPD/EMR | C59: พยาบาลฉีดยาและบันทึกการให้ยา | E59: 1. รับยา Stat จากห้องยา 2. ฉีดยาให้ผู้ป่วย 3. บันทึกการให้ยาในระบบ 4. ตรวจสอบว่าประวัติการให้ยาแสดงใน Visit นี้
A60: OPD/CPOE | C60: แพทย์สั่งยากลับบ้าน (Home med) | E60: 1. สั่งยา Home med 2. ระบุวิธีการใช้ยา / จำนวนยาที่จ่าย 3. กดปุ่ม เพิ่ม order แล้วกดปุ่ม Sign 4. กดปุ่มตรวจเสร็จ
A61: OPD | C61: พยาบาล Discharge และปริ้นบัตรคิว | E61: 1. Discharge เป็น กลับบ้าน 2. ปริ้นท์บัตรคิว การเงิน / ห้องยา
A62: OPD/CASH | C62: คนไข้ชำระเงินส่วนที่เหลือ | E62: 1. ตรวจสอบว่าค่ายา Stat ที่ชำระไปแล้วไม่ถูกเรียกเก็บซ้ำ 2. สร้าง invoice ส่วนที่เหลือและรับชำระเงิน 3. ปิดสิทธิ์ผ่าน EDC / End point
A63: OPD/PHA | C63: คนไข้รับยากลับบ้าน | E63: 1. เรียกคิวคนไข้ที่ห้องยา 2. ยืนยันจ่ายยา Home med
A64: APM-OPD-008 | C64: คนไข้มีนัด พบแพทย์ ทำหัตถการ (ภายในวัน / สั่งล่วงหน้า) > การเงิน
A65: OPD/REG | C65: เปิด Visit ตามนัดหมาย | E65: 1. ค้นหาผู้ป่วยและกดปุ่ม + Visit ใหม่ 2. ตรวจสอบนัดหมายของวันนี้ ยืนยันสิทธิ แล้วกดปุ่ม สร้าง
A66: OPD/EMR | C66: พยาบาลคัดกรองและแพทย์ตรวจ | E66: 1. บันทึก V/S และฟอร์มคัดกรอง 2. แพทย์เรียกคิวและลง OPD Note + diagnosis
A67: OPD/CPOE | C67: แพทย์สั่งหัตถการภายในวัน | E67: 1. ระบบจะแสดง Section ในส่วนของการ Order ขึ้นมา 2. ทำการสั่ง หัตถการ ที่ต้องการ 3. เลือก Priority และ วันที่ต้องการให้ทำหัตถการเป็นวันนี้ และจำนวนครั้ง 4. กดปุ่มบันทึก 5. ระบบจะแสดงข้อมูล หัตถการที่สั่ง จำนวน ราคา พร้อม ICD9
A68: OPD/EMR | C68: บันทึกการทำหัตถการหลังทำเสร็จ | E68: 1. เปิดรายการหัตถการที่สั่งไว้ 2. บันทึกผลการทำหัตถการ 3. ตรวจสอบว่าสถานะหัตถการเปลี่ยนเป็นทำแล้ว
A69: OPD/CPOE | C69: แพทย์สั่งหัตถการล่วงหน้า (วันอื่น) | E69: 1. สั่งหัตถการที่ต้องการ 2. เลือก วันที่ต้องการให้ทำหัตถการเป็นวันอื่น และเลือกวันที่ 3. กดปุ่มบันทึก 4. ตรวจสอบว่ารายการรอทำแสดงในวันนัดที่กำหนด
A70: OPD | C70: พยาบาล Discharge และปริ้นบัตรคิว | E70: 1. Discharge เป็น กลับบ้าน 2. ปริ้นท์บัตรคิว การเงิน / ห้องยา
A71: OPD/CASH | C71: คนไข้ชำระเงิน (ค่าหัตถการ) | E71: 1. ตรวจสอบว่าค่าหัตถการที่ทำภายในวันแสดงใน Chart item 2. ตรวจสอบว่าหัตถการที่สั่งล่วงหน้ายังไม่ถูกเรียกเก็บในวันนี้ 3. สร้าง invoice และรับชำระเงิน 4. ปิดสิทธิ์ผ่าน EDC / End point
A72: APM-OPD-009 | C72: คนไข้มีนัด พบแพทย์ หมอสั่ง Refill ยา
A73: OPD/REG | C73: เปิด Visit ตามนัดหมาย | E73: 1. ค้นหาผู้ป่วยและกดปุ่ม + Visit ใหม่ 2. ตรวจสอบนัดหมายของวันนี้ ยืนยันสิทธิ แล้วกดปุ่ม สร้าง
A74: OPD/EMR | C74: พยาบาลคัดกรองและแพทย์ตรวจ | E74: 1. บันทึก V/S และฟอร์มคัดกรอง 2. แพทย์เรียกคิวและลง OPD Note + diagnosis
A75: OPD/CPOE | C75: แพทย์สั่งยาแบบ Refill | E75: 1. เข้า Section ในส่วนของการ Order 2. ค้นหารายการยาและระบุวิธีใช้ 3. กำหนด Refill Number (จำนวนงวดที่ให้มารับ) 4. ตรวจสอบว่าค่าที่กำหนดแสดงในรายการยาใน Order Basket 5. กดปุ่ม เพิ่ม order แล้วกดปุ่ม Sign
A76: OPD/PHA | C76: ห้องยาจ่ายยางวดแรก | E76: 1. สร้างใบยาของงวดแรก 2. จัดยาและยืนยันรอจ่าย 3. ตรวจสอบจำนวนที่เบิกได้ / จำนวนจ่าย / คงเหลือ ของแต่ละงวด 4. เรียกคิวคนไข้ และยืนยันจ่ายยา
A77: OPD | C77: พยาบาล Discharge และปริ้นบัตรคิว | E77: 1. Discharge เป็น กลับบ้าน 2. ปริ้นท์บัตรคิว การเงิน / ห้องยา และบัตรนัดมารับยางวดถัดไป
A78: OPD/CASH | C78: คนไข้ชำระเงิน | E78: 1. ตรวจสอบว่าเรียกเก็บเฉพาะค่ายางวดที่จ่ายจริง ไม่ใช่ทั้งแผน 2. สร้าง invoice และรับชำระเงิน 3. ปิดสิทธิ์ผ่าน EDC / End point
A79: APM-OPD-010 | C79: คนไข้ขอใบรับรองแพทย์ชนิดต่างๆ
A80: OPD/REG | C80: เปิด Visit สำหรับขอใบรับรองแพทย์ | E80: 1. ค้นหาผู้ป่วยและกดปุ่ม + Visit ใหม่ 2. เลือกคลินิก หรือ หน่วยงานที่คนไข้ต้องไป 3. ยืนยันสิทธิการรักษา แล้วกดปุ่ม สร้าง
A81: OPD/EMR | C81: แพทย์ตรวจและลง OPD Note | E81: 1. แพทย์เรียกคิวผู้ป่วยเข้าห้องตรวจ 2. ลงข้อมูลการรักษาและ diagnosis
A82: OPD/EMR | C82: สร้างใบรับรองแพทย์จากหน้า ใบรับรองแพทย์ | E82: 1. เลือกดูเมนู ใบรับรองแพทย์ ที่ Side bar ทางขวามือ 2. ระบบจะแสดงหน้ากรอกข้อมูลขึ้นมา 3. กรอกข้อมูลที่ต้องการลงไป 4. กดบันทึก
A83: OPD/EMR | C83: สร้างใบรับรองแพทย์จากหน้า Document (เลือกชนิดเอกสาร) | E83: 1. เลือกดูเมนู เอกสาร ที่ Side bar ทางซ้ายมือ 2. ระบบจะแสดงหน้ารายการเอกสาร 3. คลิกสร้างเอกสาร 4. เลือกประเภทเอกสาร ใบรับรองแพทย์ และเลือกประเภทใบรับรองแพทย์ 5. กรอกข้อมูลที่ต้องการลงไป 6. กดบันทึก
A84: OPD/EMR | C84: พิมพ์ใบรับรองแพทย์ | E84: 1. เลือกดูเมนู เอกสาร ที่ Side bar ทางซ้ายมือ 2. ระบบจะแสดงหน้ารายการเอกสาร 3. คลิกพิมพ์เอกสาร 4. ตรวจสอบข้อมูลบนเอกสารว่าตรงกับ Visit
A85: OPD/REG | C85: ออกใบรับรองแพทย์ย้อนหลัง | E85: 1. ค้นหาผู้ป่วย 2. ระบบแสดงข้อมูลผู้ป่วย 3. เลือก เอกสาร ที่ side bar ซ้ายมือ 4. เลือกเอกสารที่ต้องการ 5. Print เอกสาร
A86: OPD/CASH | C86: คนไข้ชำระค่าธรรมเนียม | E86: 1. ตรวจสอบว่าค่าธรรมเนียมใบรับรองแพทย์แสดงใน Chart item 2. สร้าง invoice และรับชำระเงิน
A87: APM-OPD-011 | C87: คนไข้ขอเลื่อนนัดหมาย
A88: OPD | C88: ค้นหานัดหมายเดิมของคนไข้ | E88: 1. เปิดผู้ป่วยจากหน้า รายการผู้ป่วยนอก (แท็บ นัดหมาย / ลงทะเบียน) หรือค้นหาด้วย HN 2. เลือกดูเมนู ประวัติการนัดหมาย ที่ Side bar ทางซ้ายมือ 3. ตรวจสอบนัดหมายเดิม (วันที่ / เวลา / คลินิก / แพทย์)
A89: OPD | C89: เลื่อนนัดหมายไปวันใหม่ | E89: 1. กดปุ่มแก้ไข / เลื่อนนัด ที่แถวนัดหมายเดิม 2. เลือกวันที่และช่วงเวลาใหม่ที่ยังว่าง 3. ระบุเหตุผลการเลื่อนนัด (ถ้ามี) แล้วกดบันทึก 4. ตรวจสอบว่าประวัติการนัดหมายแสดงวันนัดใหม่ และนัดเดิมไม่แสดงเป็นนัดที่ใช้งานอยู่
A90: OPD | C90: ปริ้นบัตรนัดใหม่ | E90: 1. กดปุ่มพิมพ์ที่แถวนัดหมายใหม่ > พิมพ์ใบนัด (TH) 2. ตรวจสอบวันที่ / เวลา / สถานที่ให้บริการ / คำแนะนำ บนบัตรนัดตรงกับนัดใหม่
A91: OPD/REG | C91: วันนัดใหม่ - เปิด Visit ตามนัด | E91: 1. ค้นหาผู้ป่วยด้วย HN แล้วกดปุ่ม + Visit ใหม่ 2. ตรวจสอบว่าระบบแสดงข้อมูลนัดหมายใหม่ (ไม่ใช่นัดเดิม) 3. ยืนยันสิทธิการรักษา แล้วกดปุ่ม สร้าง
A92: APM-OPD-012 | C92: คนไข้ขอยกเลิกนัดหมาย
A93: OPD | C93: ยกเลิกนัดหมาย | E93: 1. เลือกดูเมนู ประวัติการนัดหมาย ที่ Side bar ทางซ้ายมือ 2. กดปุ่มลบ / ยกเลิก ที่แถวนัดหมายที่ต้องการ 3. ระบุเหตุผลการยกเลิก แล้วกดยืนยัน 4. ตรวจสอบว่าสถานะนัดหมายเป็น ยกเลิก
A94: OPD | C94: ตรวจสอบรายการนัดหลังยกเลิก | E94: 1. เข้าหน้า รายการผู้ป่วยนอก > แท็บ นัดหมาย / ลงทะเบียน แล้วเลือกวันที่นัด 2. ตรวจสอบว่าคนไข้ไม่แสดงในรายการนัดของวันนั้น 3. ตรวจสอบว่าช่วงเวลา (Slot) ที่ยกเลิกกลับมาว่างให้นัดคนอื่นได้
A95: OPD/REG | C95: ตรวจสอบตอนเปิด Visit | E95: 1. ค้นหาผู้ป่วยด้วย HN แล้วกดปุ่ม + Visit ใหม่ 2. ตรวจสอบว่าระบบไม่ดึงนัดหมายที่ยกเลิกแล้วมาแสดง 3. กรณีนัดมี Order ล่วงหน้า (Lab / IMG / หัตถการ) ตรวจสอบสถานะ Order นั้นหลังยกเลิกนัด
A96: APM-OPD-013 | C96: คนไข้ไม่มาตามนัด (No-show)
A97: OPD | C97: ตรวจสอบรายการนัดที่คนไข้ไม่มา | E97: 1. เข้าหน้า รายการผู้ป่วยนอก > แท็บ นัดหมาย / ลงทะเบียน 2. เลือกวันที่นัดที่ผ่านมาแล้ว 3. ตรวจสอบว่าคนไข้ที่ไม่มาแสดงสถานะ ไม่มาตามนัด / ยังไม่เช็คอิน
A98: OPD | C98: ทำนัดหมายใหม่ให้คนไข้ | E98: 1. เปิดผู้ป่วย > เลือกดูเมนู สร้างนัดหมาย ที่ Side bar ทางขวามือ 2. เลือก คลินิก แพทย์ ประเภทการนัดหมาย และ Slot ใหม่ 3. กดบันทึก 4. ตรวจสอบว่าประวัติการนัดหมายมีทั้งนัดเดิม (ไม่มาตามนัด) และนัดใหม่
A99: OPD/CASH | C99: ตรวจสอบว่าไม่มีค่าใช้จ่ายค้าง | E99: 1. ค้นหาผู้ป่วยที่หน้าการเงิน 2. ตรวจสอบว่าไม่มี Visit / ค่าใช้จ่ายของวันที่ไม่มาตามนัด
A100: Walk in | C100: กลุ่ม Walk in - คนไข้ไม่มีนัด หรือมาไม่ตรงนัด
...

Sheet Station-OPD BizSim(New)
A1: TC ID | B1: ข้อทดสอบ (Test Case) | C1: ขั้นตอนทดสอบ (Test Step) | D1: ใช้ใน Scenario | E1: Status test | I1: NOTE | K1: Issue E2E Pic
E2: Pass | F2: Fail | G2: Skip | H2: With Condition
A3: REG | B3: เวชระเบียน (ลงทะเบียน / เปิด Visit) (8 ข้อ)
A4: REG-001 | B4: ลงทะเบียนคนไข้ใหม่ (ยังไม่มี HN) | C4: 1. เข้าแอพ เวชระเบียน > ค้นหาผู้ป่วยด้วยเลขบัตรประชาชน / ชื่อ และตรวจสอบว่าไม่มีประวัติเดิม 2. กดลงทะเบียนผู้ป่วยใหม่ 3. กรอกข้อมูลส่วนตัว ที่อยู่ ผู้ติดต่อ (หรืออ่านข้อมูลจากบัตรประชาชน) 4. กดบันทึก 5. ตรวจสอบว่าได้เลข HN ใหม่ | D4: WLK-OPD-006 | E4: Pass | I4: กรอกที่อยู่ตาม ๔๓ แฟ้ม ตัวที่อยู่ปัจจุบัน ยังมีแดงไปงั้นบางช่อง แต่บันทึกได้
A5: REG-002 | B5: เปิด Visit ตามนัดหมาย | C5: 1. เข้าแอพ เวชระเบียน > ค้นหาผู้ป่วยด้วย HN 2. กดปุ่ม + Visit ใหม่ 3. ตรวจสอบว่าระบบแสดงข้อมูลนัดหมายของวันนี้ถูกต้อง (คลินิก / แพทย์ / เวลา / ประเภทบริการ · กรณีเลื่อนนัดต้องเป็นนัดใหม่) 4. ยืนยันสิทธิการรักษา แล้วกดปุ่ม สร้าง 5. ตรวจสอบว่าได้เลข VN พิมพ์ใบนำทาง และได้เลขคิวห้องตรวจ | D5: APM-OPD-001, APM-OPD-003, APM-OPD-005, APM-OPD-006, APM-OPD-007, APM-OPD-008, APM-OPD-009, APM-OPD-011, ADM-OPD-001, ADM-OPD-002, ODS-OPD-001, ODS-OPD-002, ORD-OPD-001, ORD-OPD-002, ORD-OPD-003, ORD-OPD-004, ORD-OPD-005, LBL-OPD-001, CXL-OPD-002, TRF-OPD-001, REF-OPD-001 | H5: Pass With Condition | I5: set data เรื่อง เงินสดเบิกได้ และ การปุ่มปิดสิทธิ์ ปริ๊นใบนำทาง และ บัตรคิว ได้เอกสารเดียวกัน https://hlabconsulting365-my.sharepoint.com/:i:/g/personal/suchat_cha_hlabconsulting_com/IQBFMs4EtO27QJYrK3844ewdAdSHGy2MTh8CYAwpOwygM2w?e=lH9DDc 1. พิมพ์ใบนำทางไม่ได้ (Format ไม่ตรง) | J5: แก้ data เงินสดเบิกได้.png
A6: REG-003 | B6: เปิด Visit แบบไม่มีนัด (Walk in / ขอเอกสาร / คนไข้ต่างชาติ) | C6: 1. ค้นหาผู้ป่วยด้วย HN แล้วกดปุ่ม + Visit ใหม่ 2. เลือกคลินิก หรือหน่วยงานที่คนไข้ต้องไป 3. จัดการ / ยืนยันสิทธิการรักษา แล้วกดปุ่ม สร้าง 4. ตรวจสอบว่าได้เลข VN พิมพ์ใบนำทาง และได้เลขคิวห้องตรวจ 5. กรณี Walk in ตรวจสอบว่าคนไข้แสดงในแท็บ คำขอ Walk-in | D6: APM-OPD-010, WLK-OPD-001, WLK-OPD-002, WLK-OPD-006, LBL-OPD-002, CXL-OPD-001 | H6: Pass With Condition | I6: 1. ไม่สามารถพิมพ์บัตรคิวหรือใบนัดหมายที่หน้า แก้ไข Visit ได้ | J6: ไม่สามารถพิมพ์บัตรคิวหรือใบนำทางได้.png
A7: REG-004 | B7: เปิด Visit ให้คนไข้ที่มาไม่ตรงนัด | C7: 1. ค้นหาผู้ป่วยด้วย HN แล้วกดปุ่ม + Visit ใหม่ 2. ตรวจสอบว่าระบบแสดงนัดหมายเป็นวันอื่น ไม่ใช่วันนี้ 3. เลือกคลินิกแบบ Walk in และจัดการสิทธิการรักษา 4. กดปุ่ม สร้าง และออกใบนำทาง | D7: WLK-OPD-003 | H7: Pass With Condition | I7: 1. ไม่สามารถพิมพ์บัตรคิวหรือใบนัดหมายที่หน้า แก้ไข Visit ได้ | J7: ไม่สามารถพิมพ์บัตรคิวหรือใบนำทางได้.png
A8: REG-005 | B8: เปิด Visit ตามนัด และ Check-in ห้อง Lab / Img ก่อนพบแพทย์ | C8: 1. เปิด Visit ตามนัดหมาย จนได้เลข VN 2. พิมพ์ใบนำทาง 3. กด Check-in ห้อง Lab / Img 4. ตรวจสอบเลขคิว Lab / X-ray ที่ระบบออกให้ 5. ตรวจสอบว่ารายการเข้าสู่ Worklist ของห้อง Lab / X-ray / Img | D8: APM-OPD-002 | F8: Fail | I8: เมื่อ key Order ที่ผูกกับนัดหมาย เมื่อทำทำนัดในอนาคต LAB ขึ้น X-ray ยังไม่ขึ้น // คิวต้องไปสร้างเองที่จุดบริการปลายทาง ไม่ใช่ สร้างเลยเมื่อมีนัด (ภาพประกอบ 2 ทำการ์ดเพิ่ม) // ลอง Test order ทั้ง LAB / IMG ระบบ Gen คิวมาเลยซึ่งไม่ถูก // task ไม่ถูกสร้าง ที่ LAB แต่ IMG มี Task ขึ้น | J8: สั่ง Order ล่วงหน้าที่หน้านัดหมายแล้วไม่มีรายการขึ้นในนัดหมาย.png | K8: คิวห้อง LAB,Imaging ต้องไม่ออกคิวตอนเปิด Visit ต้องไปสร้างตอนเช็คอิน.png | L8: สั่ง X-ray วันอื่นแต่หน้า CPOE ขึ้นวันนี้.png
A9: REG-006 | B9: เปิด Visit แบบไม่พบแพทย์ (หรือรับบริการ): เจาะเลือด / IMG ล่วงหน้า / รับยา Refill / ฉีดยา-ทำแผล | C9: 1. ค้นหาผู้ป่วยด้วย HN แล้วกดปุ่ม + Visit ใหม่ 2. ตรวจสอบนัดหมายของวันนี้ (ถ้ามี) 3. ใช้ช่อง หรือรับบริการ สำหรับกรณีไม่พบแพทย์ 4. เลือกหน่วยงานปลายทาง (ห้อง Lab / X-ray / ห้องยา / ห้องหัตถการ) 5. กดปุ่ม สร้าง และออกใบนำทาง / เลขคิวของหน่วยงานนั้น | D9: WLK-OPD-004, RFL-OPD-001, RFL-OPD-002, INJ-OPD-001 | F9: Fail | I9: IMG ในรายการที่สิ่งวันอื่น แต่ เลือกวันที่เป็นวันนี้ คำอธิบาย จะกลายเป็นวันนี้ไปด้วย แต่กับ LAB ยา หัตถการ ไม่เป็น // ต้องเปิด Visit ให้เรียบร้อยก่อน แล้วค่อยมายืนยันนัดหมาย ไม่งั้นไม่สามารถ Process ต่อได้ในหน้าทำงานห้อง รังสี // หัตถการ Key แล้วยังไม่เจอห้องหัตถการ (กำลังจะไปใช้ Universal Tasklist)
A10: REG-007 | B10: รับ Refer เข้า และเปิด Visit จาก Refer | C10: 1. เปิดรายการ Refer เข้า (MOPH Refer) 2. เลือกรายการ และตรวจสอบข้อมูลใบส่งตัว 3. รับ Refer และผูกกับ HN ของคนไข้ (คนไข้เดิม / ลงทะเบียนใหม่) 4. กดปุ่ม + Visit ใหม่ และระบุว่ามาโดย Refer 5. ตรวจสอบสิทธิการรักษาตามใบส่งตัว แล้วกดปุ่ม สร้าง และพิมพ์ใบนำทาง | D10: REF-OPD-002 | H10: Pass With Condition | I10: 1. ไม่สามารถพิมพ์นำทางที่หน้า แก้ไข Visit ได้ ใบนำทางจาก Clinic ไปจุดบริการเช่น Lab x-ray มีแล้ว แต่ จาก Regis ไปคลินิกยังไม่มี | J10: ไม่สามารถพิมพ์บัตรคิวหรือใบนำทางได้.png
A11: REG-008 | B11: ยกเลิก Visit แล้วเปิด Visit ใหม่ที่คลินิกถูกต้อง | C11: 1. ค้นหาผู้ป่วยด้วย HN แล้วเปิดแผงแก้ไข Visit 2. กดยกเลิก Visit ระบุเหตุผล แล้วกดยืนยัน 3. ตรวจสอบว่าสถานะ Visit เป็น ยกเลิก และคนไข้ไม่แสดงในรายการผู้ป่วยนอก / คิวห้องตรวจของคลินิกเดิม 4. กดปุ่ม + Visit ใหม่ เลือกคลินิกที่ถูกต้อง แล้วกดปุ่ม สร้าง 5. ตรวจสอบว่าได้เลข VN ใหม่ และคนไข้แสดงในรายการของคลินิกใหม่ | D11: CXL-OPD-001 | E11: Pass
A12: APT | B12: นัดหมาย (5 ข้อ)
A13: APT-001 | B13: สร้างนัดหมาย (นัด FU / นัดหมายตรวจวันนี้ / นัดเข็มถัดไป / นัดมาทำ ODS) และพิมพ์บัตรนัด | C13: 1. เลือกดูเมนู สร้างนัดหมาย ที่ Side bar ทางขวามือ 2. เลือก คลินิก แพทย์ ประเภทการนัดหมาย และ Slot ที่ต้องการ 3. กดบันทึก 4. ตรวจสอบนัดหมายที่เมนู ประวัติการนัดหมาย 5. พิมพ์บัตรนัด และตรวจสอบวันที่ / เวลา / สถานที่ให้บริการ / คำแนะนำ | D13: APM-OPD-001, APM-OPD-002, APM-OPD-005, WLK-OPD-002, INJ-OPD-001, ODS-OPD-002 | F13: Fail | I13: 1. ไม่่สามารถพิมพิ์ใบนัดหมายได้ | J13: พิมพ์ใบนัดหมายไม่ได้.png | K13: ทุกครั้งที่คนไข้มาถึงคลินิคให้มาติดต่อพยาบาลก่อนเสมอ ต้องคิดต่อว่า คนไข้ที่มาถึงแล้วมีอะไรที่เป็นตัวระบุ คิดเอาไว้ว่าเป็น การผ่านการคัดกรอง แต่ ระบบเราก้ยังไม่มีคิวของการคัดกรองนะ มีแต่คิวเข้าห้องตรวจ
A14: APT-002 | B14: ดูประวัติการนัดหมาย และสถานะนัดเดิม | C14: 1. เลือกดูเมนู ประวัติการนัดหมาย ที่ Side bar ทางซ้ายมือ 2. ตรวจสอบนัดหมายเดิม (วันที่ / เวลา / คลินิก / แพทย์) 3. กรณีมาไม่ตรงนัด ตรวจสอบว่านัดหมายเดิมยังอยู่ / ถูกใช้ไป / ถูก mark ว่าไม่มาตามนัด | D14: APM-OPD-011, WLK-OPD-003 | E14: Pass
A15: APT-003 | B15: เลื่อนนัดหมาย และพิมพ์บัตรนัดใหม่ | C15: 1. กดปุ่มแก้ไข / เลื่อนนัด ที่แถวนัดหมายเดิม 2. เลือกวันที่และช่วงเวลาใหม่ที่ยังว่าง 3. ระบุเหตุผลการเลื่อนนัด (ถ้ามี) แล้วกดบันทึก 4. ตรวจสอบว่าประวัติการนัดหมายแสดงวันนัดใหม่ และนัดเดิมไม่แสดงเป็นนัดที่ใช้งานอยู่ 5. พิมพ์ใบนัด (TH) และตรวจสอบข้อมูลตรงกับนัดใหม่ | D15: APM-OPD-011 | E15: Pass | I15: 1. ไม่่สามารถพิมพิ์ใบนัดหมายได้ (ซ้ำ APT-001) | J15: ไม่ enable ปุ่มนัดหมายที่เสร็จสิ้นแล้ว.png
A16: APT-004 | B16: ยกเลิกนัดหมาย | C16: 1. เลือกดูเมนู ประวัติการนัดหมาย > กดปุ่มลบ / ยกเลิก ที่แถวนัดหมาย 2. ระบุเหตุผลการยกเลิก แล้วกดยืนยัน 3. ตรวจสอบว่าสถานะนัดหมายเป็น ยกเลิก และคนไข้ไม่แสดงในแท็บ นัดหมาย / ลงทะเบียน ของวันนั้น 4. ตรวจสอบว่า Slot ที่ยกเลิกกลับมาว่างให้นัดคนอื่นได้ 5. ตอนเปิด Visit ตรวจสอบว่าระบบไม่ดึงนัดที่ยกเลิกมาแสดง และตรวจสอบสถานะ Order ล่วงหน้าที่ผูกกับนัด | D16: APM-OPD-012 | F16: Fail | J16: ยกเลิกนัดหมายแล้วแต่รายการ Task Lab ไม่ถูกยกเลิกตาม.png
A17: APT-005 | B17: คนไข้ไม่มาตามนัด (No-show) และทำนัดใหม่ | C17: 1. เข้าหน้า รายการผู้ป่วยนอก > แท็บ นัดหมาย / ลงทะเบียน แล้วเลือกวันที่นัดที่ผ่านมาแล้ว 2. ตรวจสอบว่าคนไข้ที่ไม่มาแสดงสถานะ ไม่มาตามนัด / ยังไม่เช็คอิน 3. สร้างนัดหมายใหม่ให้คนไข้ 4. ตรวจสอบว่าประวัติการนัดหมายมีทั้งนัดเดิม (ไม่มาตามนัด) และนัดใหม่ | D17: APM-OPD-013 | E17: Pass | I17: 1. ไม่่สามารถพิมพิ์ใบนัดหมายได้ (ซ้ำ APT-001)
A18: NUR | B18: พยาบาลคัดกรอง / Walk-in (6 ข้อ)
A19: NUR-001 | B19: คัดกรองก่อนพบแพทย์ (V/S + ฟอร์มคัดกรอง) | C19: 1. เปิดผู้ป่วยจากหน้า รายการผู้ป่วยนอก 2. บันทึกสัญญาณชีพ (V/S) 3. เลือกดูเมนู ฟอร์มคัดกรอง ที่ Side bar ทางขวามือ 4. กรอกข้อมูลการคัดกรองและบันทึก 5. ตรวจสอบว่าค่า Vital sign แสดงบน Patient Banner | D19: APM-OPD-001, APM-OPD-002, APM-OPD-003, APM-OPD-005, APM-OPD-006, APM-OPD-007, APM-OPD-008, APM-OPD-009, WLK-OPD-001, WLK-OPD-003, WLK-OPD-006, ADM-OPD-001, ODS-OPD-001, ORD-OPD-001, ORD-OPD-002, ORD-OPD-003, ORD-OPD-005, LBL-OPD-001, LBL-OPD-002, CXL-OPD-002, TRF-OPD-001, REF-OPD-001, REF-OPD-002 | G19: Skip | I19: Note อาจจะพน. หรือรอบหน้า
A20: NUR-002 | B20: เปิด Pre-assessment form จากหน้าคำขอ Walk-in (SBH-2699) | C20: 1. เข้าหน้า รายการผู้ป่วยนอก > แท็บ คำขอ Walk-in 2. กดที่คอลัมน์ คัดกรอง ของคนไข้ 3. ตรวจสอบว่าระบบพาไปหน้า Pre-assessment form ของ Visit นี้ 4. บันทึก V/S และข้อมูลคัดกรอง แล้วกดบันทึก 5. ตรวจสอบว่าสถานะคัดกรองในแท็บ คำขอ Walk-in เปลี่ยนเป็นคัดกรองแล้ว 6. ตรวจสอบว่าแพทย์เห็นข้อมูลคัดกรองใน OPD Note / Patient Banner | D20: WLK-OPD-001 | G20: Skip | I20: Note อาจจะพน. หรือรอบหน้า
A21: NUR-003 | B21: จัดการคำขอ Walk-in และ assign แพทย์ | C21: 1. กดปุ่มเมนูมุมบนขวา > ผู้ป่วยนอก > รายการผู้ป่วย Walk-in request 2. ตรวจสอบว่าระบบแสดงรายการคนไข้ที่ Walk-in เข้ามา 3. assign แพทย์ที่คนไข้จะเข้ารับการตรวจในวันนี้ 4. กรณีไม่มี Slot แพทย์ว่าง ให้ทำนัดหมายแทน (ดู APT-001) | D21: WLK-OPD-001, WLK-OPD-002 | E21: Pass
A22: NUR-004 | B22: บันทึกประวัติการแพ้ยา | C22: 1. บันทึกประวัติการแพ้ยา (หรือระบุว่าไม่มีประวัติแพ้ยา) 2. ตรวจสอบว่าข้อมูลแพ้ยาแสดงบน Patient Banner | D22: WLK-OPD-006 | G22: Skip
A23: NUR-005 | B23: เช็คสถานะผล Lab / IMG ก่อนส่งเข้าห้องตรวจ | C23: 1. เลือกดูเมนู Lab Result / Imaging result ที่ Side bar ทางซ้ายมือ 2. ตรวจสอบว่าสถานะผลตรงกับสถานะจริงในห้อง Lab 3. ส่งผู้ป่วยเข้าคิวห้องตรวจ | D23: APM-OPD-002 | G23: Skip
A24: NUR-006 | B24: ทำ Med reconcile (บันทึกยาเดิม) | C24: 1. เลือกดูเมนู Reconcile med ที่ Side bar ทางขวามือ 2. บันทึกยาเดิมที่คนไข้ใช้อยู่ (ยาจากโรงพยาบาล / ยาจากที่อื่น) 3. กดบันทึก | D24: ORD-OPD-004 | E24: Pass
A25: DX | B25: แพทย์ตรวจ / กรอกข้อมูล Diagnosis (10 ข้อ)
A26: DX-001 | B26: เรียกคิว ลง OPD Note + Diagnosis และกดตรวจเสร็จ | C26: 1. กดเลือกคนไข้จากหน้า รายการผู้ป่วยนอก ที่สถานะพร้อมตรวจ 2. ระบบแสดง OPD Note 3. ลงข้อมูลการรักษา และ diagnosis (ICD-10) 4. บันทึกข้อมูล และตรวจสอบว่าบันทึกสำเร็จ 5. กดปุ่มตรวจเสร็จ | D26: APM-OPD-001, APM-OPD-003, APM-OPD-005, APM-OPD-006, APM-OPD-007, APM-OPD-008, APM-OPD-009, APM-OPD-010, WLK-OPD-001, WLK-OPD-003, WLK-OPD-006, ADM-OPD-001, ADM-OPD-002, ODS-OPD-001, ORD-OPD-001, ORD-OPD-002, ORD-OPD-003, ORD-OPD-004, ORD-OPD-005, LBL-OPD-001, LBL-OPD-002, CXL-OPD-002, TRF-OPD-001, REF-OPD-001, REF-OPD-002 | G26: Skip
A27: DX-002 | B27: ดูผล Lab / IMG แล้วสรุปการรักษา | C27: 1. เรียกคนไข้เข้าห้องตรวจ 2. เลือกดูเมนู Lab Result และ Imaging result ที่ Side bar ทางซ้ายมือ 3. ตรวจสอบว่าผลตรงกับที่ห้อง Lab / X-ray ส่งมา 4. ลง diagnosis เพิ่มเติมใน OPD Note 5. สั่งยา / ทำนัด FU / ยืนยันการ Admit ตามกรณี แล้วกดปุ่มตรวจเสร็จ | D27: APM-OPD-002, APM-OPD-003, ADM-OPD-002 | F27: Fail | I27: 1. Icon สถานะ Icon แสดงไม่ถูกต้อง 2. สั่ง Lab แล้วแต่ไม่แสดง Task ที่ห้อง Lab (ต้องดูรายการ Item ที่ Key) น่าจะเกิดจากการ Restructure lab อะไรบางอย่าง 3. X-ray ผลภาพยังไม่ทราบว่าช่องไหน ที่กำหนด Result by กับ Prelim by | J27: Icon สถานะแสดงผลไม่ถูกต้อง.png | K27: สั่ง Order Lab แล้วไม่เกิด Task ที่ฝั่ง Lab.png
A28: DX-003 | B28: ส่ง Consult ให้แพทย์ท่านอื่น | C28: 1. เลือกดูเมนู Consult ที่ Side bar ทางขวามือ 2. กรอกข้อมูลที่ต้องการปรึกษา 3. กดบันทึกเพื่อส่งแบบฟอร์ม 4. ตรวจสอบว่าสถานะเป็น รอตอบกลับ | D28: APM-OPD-003 | F28: Fail | I28: ส่งไป แต่ขารับไม่สามารถมองเห็นรายการปรึกษา
A29: DX-004 | B29: รับ Consult และตอบกลับ | C29: 1. กดปุ่มเมนู มุมบนขวา > ผู้ป่วยนอก > รายการปรึกษาแพทย์ 2. เลือกรับ Consult และเลือกรายการที่ต้องการตอบกลับ 3. เปิดดูผล Lab / IMG ของผู้ป่วย 4. กรอกข้อมูลตอบกลับและกดบันทึก 5. ตรวจสอบว่าสถานะ Consult เปลี่ยนเป็นตอบแล้ว | D29: APM-OPD-003 | F29: Fail | I29: ส่งไป แต่ขารับไม่สามารถมองเห็นรายการปรึกษา (ฺฺBlock by DX-003)
A30: DX-005 | B30: ดูผล Consult ที่ตอบกลับ และสรุปการรักษา | C30: 1. เลือก ส่ง Consult แล้วเลือกรายการที่สถานะ ตอบแล้ว 2. ตรวจสอบรายละเอียดที่แพทย์อีกท่านตอบกลับมา 3. ลง diagnosis เพิ่มเติม สั่งยากลับบ้าน และทำนัด FU 4. กดปุ่มตรวจเสร็จ | D30: APM-OPD-003 | F30: Fail | I30: ส่งไป แต่ขารับไม่สามารถมองเห็นรายการปรึกษา (ฺฺBlock by DX-003)
A31: DX-006 | B31: ตรวจคนไข้ที่คลินิกที่ 2 (เห็นข้อมูลจากคลินิกแรก) | C31: 1. แพทย์คลินิกที่ 2 เรียกคิวและลง OPD Note + diagnosis 2. ตรวจสอบว่าเห็นข้อมูลและยาที่คลินิกแรกสั่ง 3. สั่งยาเพิ่ม และตรวจสอบการแจ้งเตือนยาซ้ำข้ามคลินิก (ถ้ามี) 4. กดปุ่มตรวจเสร็จ | D31: TRF-OPD-001 | E31: Pass
A32: DX-007 | B32: ดูข้อมูลใบส่งตัว (Refer เข้า) | C32: 1. แพทย์เปิดดูข้อมูลใบส่งตัว / แถบ MOPH Refer 2. ตรวจสอบว่าข้อมูลการรักษาจากโรงพยาบาลต้นทางครบถ้วน | D32: REF-OPD-002
A33: DX-008 | B33: ตรวจสอบยาเดิม (Med reconcile) และระบุยาที่ใช้ต่อ / หยุด | C33: 1. เปิดเมนู Reconcile med และตรวจสอบรายการยาเดิมที่พยาบาลบันทึก 2. ระบุยาที่ให้ใช้ต่อ / หยุดใช้ แล้วกดบันทึก | D33: ORD-OPD-004 | G33: Skip | I33: DUP
A34: DX-009 | B34: เพิ่มค่าตรวจแพทย์ (Doctor Fee) | C34: 1. เลือกดูเมนู ค่าตรวจแพทย์ ที่ Side bar ทางขวามือ 2. เลือกรายการค่าบริการแพทย์และจำนวน 3. กดบันทึก 4. ตรวจสอบว่ารายการแสดงในส่วน รวมค่าใช้จ่าย (วันนี้) | D34: ORD-OPD-005 | E34: Pass
A35: DX-010 | B35: ยืนยันคำสั่ง รคส. ที่พยาบาลสั่งแทน | C35: 1. แพทย์เปิดเมนูผู้ใช้งาน มุมขวาบน > คำสั่งรอยืนยัน 2. ตรวจสอบรายการคำสั่ง รคส. ของคนไข้ 3. กดปุ่ม Approve 4. ตรวจสอบว่าสถานะ Order เปลี่ยนเป็นยืนยันแล้ว | D35: ORD-OPD-003 | E35: Pass
A36: ORD | B36: สั่ง Order (CPOE) (18 ข้อ)
A37: ORD-001 | B37: สั่งยากลับบ้าน (Home med) | C37: 1. ที่ส่วนคำสั่งการรักษา ค้นหายาใน Order Search แล้วเลือก Home med 2. ระบุวิธีการใช้ยา / จำนวนยาที่จ่าย / หมายเหตุอื่นๆ 3. กดปุ่ม เพิ่ม order 4. กดปุ่ม Sign เพื่อส่งคำสั่งไปห้องยา 5. ตรวจสอบรายการและราคาในส่วน รวมค่าใช้จ่าย (วันนี้) | D37: APM-OPD-001, APM-OPD-002, APM-OPD-007, WLK-OPD-001, WLK-OPD-006, LBL-OPD-002, CXL-OPD-002, TRF-OPD-001 | E37: Pass
A38: ORD-002 | B38: สั่งยาหลายรูปแบบ (ยาเม็ด / ยาน้ำ / ยาใช้ภายนอก / ยาฉีด) | C38: 1. สั่งยาเม็ด / ยาน้ำ / ยาใช้ภายนอก / ยาฉีด อย่างละ 1 รายการ พร้อมวิธีใช้ 2. กดปุ่มเพิ่ม order แล้วกดปุ่ม Sign | D38: LBL-OPD-001 | E38: Pass
A39: ORD-003 | B39: สั่งยา Stat | C39: 1. เลือกสั่งยาเป็น order stat 2. ระบุวิธีการใช้ยา / จำนวนยาที่จ่าย / หมายเหตุอื่นๆ 3. กดปุ่ม เพิ่ม order 4. ตรวจสอบว่ารายการยาแสดงสถานะ Stat 5. กดปุ่ม Sign | D39: APM-OPD-007 | E39: Pass
A40: ORD-004 | B40: สั่งยาแบบ Refill | C40: 1. ค้นหารายการยาและระบุวิธีใช้ 2. กำหนด Refill Number (จำนวนงวดที่ให้มารับ) 3. ตรวจสอบว่าค่าที่กำหนดแสดงในรายการยาใน Order Basket 4. กดปุ่ม เพิ่ม order แล้วกดปุ่ม Sign | D40: APM-OPD-009 | H40: Pass with condition | I40: ต้องแก้บัค และ มีวิธีใช้/เงื่อนไข ให้ชัดเจนให้ User ใช้งานได้ถูกต้อง
A41: ORD-005 | B41: สั่งยา Compound (ยาผสม) | C41: 1. เลือกสั่งยาแบบ Compound 2. เลือกตัวยาที่ใช้ผสม และระบุปริมาณของแต่ละตัว 3. ระบุรูปแบบยา / วิธีใช้ / จำนวนที่จ่าย 4. กดปุ่มเพิ่ม order แล้วกดปุ่ม Sign 5. ตรวจสอบชื่อยา Compound และราคาที่แสดงใน CPOE | D41: ORD-OPD-002 | G41: Skip | I41: รอไปทดสอบหลัง Master Data เสร็จ
A42: ORD-006 | B42: สั่งยานอกบัญชียาหลัก หรือยาประเภทอื่นๆ (A-F) | C42: 1. สั่งยานอกบัญชียาหลัก และเลือกเหตุผล A-F 2. ตรวจสอบว่าระบบแสดงบัญชียาของรายการยาที่สั่ง 3. ตรวจสอบว่าราคา / เครดิต / ต้องชำระ คำนวณถูกต้องตามสิทธิการรักษาของคนไข้ | D42: APM-OPD-006 | G42: Skip | J42: ใบยานอกบัญชีแสดงไม่ถูกต้อง.png
A43: ORD-007 | B43: สั่งยาที่ต้องมีเอกสารประกอบการสั่งยา (DUE / PA) | C43: 1. ตั้งค่ายาที่ต้องมีเอกสารประกอบจากหน้าการจัดการการสั่งยา (DUE / PA) 2. สั่งยาที่ตั้งค่าไว้ และตรวจสอบว่าระบบแจ้งเตือนว่ามีเอกสารที่เกี่ยวข้อง 3. เรียกดูเอกสารที่เกี่ยวข้องกับยานั้น 4. พิมพ์ / บันทึกข้อมูลลงในระบบ 5. เรียกดู Order เก่าที่มีการบันทึกเอกสารไว้ | D43: APM-OPD-006 | F43: Fail | I43: 1. ไม่สามารถสร้างเอกสาร DUE/PA ได้
A44: ORD-008 | B44: CDSS แจ้งเตือน (แพ้ยา / ยาซ้ำ / Interaction) | C44: 1. สั่งยาที่คนไข้แพ้ตามประวัติ > ระบบต้องแสดง Allergy alert 2. สั่งยาซ้ำ > ระบบต้องแสดง Duplication alert 3. สั่งยาคู่ปฏิกิริยา > ระบบต้องแสดง Interaction alert 4. เมื่อยืนยันการสั่ง ต้องระบุเหตุผลก่อนจึงจะสั่งได้ | D44: APM-OPD-006 | G44: Skip | I44: 1. รอป้อแก้ไข CDSS
A45: ORD-009 | B45: Remed ยาเดิมจาก Visit ก่อนหน้า | C45: 1. ที่ส่วนคำสั่งการรักษา เลือก Remed (คนไข้ต้องมีประวัติสั่งยาจาก Visit ก่อนหน้า) 2. เลือกยาจาก Visit ก่อนหน้า 3. ตรวจสอบว่าขนาด / วิธีใช้ / จำนวน ที่ดึงมาถูกต้อง และแก้ไขได้ 4. กดปุ่มเพิ่ม order แล้วกดปุ่ม Sign | D45: ORD-OPD-004 | E45: Pass
A46: ORD-010 | B46: สั่งการรักษาผ่าน Order Set (SBH-2529) | C46: 1. ที่ส่วนคำสั่งการรักษา เลือก Order Set ที่ต้องการ 2. ตรวจสอบว่าระบบแสดงรายการใน Order Set ครบ (ยา / Lab / IMG / หัตถการ) 3. เลือก / ตัดรายการที่ไม่ต้องการออก และแก้ไขขนาดยา / จำนวน 4. กดปุ่มเพิ่ม order แล้วกดปุ่ม Sign 5. ตรวจสอบว่าแต่ละรายการถูกส่งไปหน่วยงานถูกต้อง (ยา > ห้องยา · Lab > ห้อง Lab · หัตถการ > ห้องหัตถการ) และราคารวมถูกต้อง | D46: ORD-OPD-001 | G46: Skip
A47: ORD-011 | B47: สั่ง Lab ต้องการทราบผลภายในวัน | C47: 1. ค้นหารายการ Lab ใน Order Search 2. เลือก Priority และวันที่ต้องการทราบผลเป็นวันนี้ (ระบบไม่ให้เลือกวันที่เมื่อเลือกเป็นวันนี้) 3. กดปุ่มเพิ่ม order แล้วกดปุ่ม Sign เพื่อส่งไปห้อง Lab 4. พิมพ์ใบคำสั่ง Lab (ถ้ามี) | D47: APM-OPD-003, ADM-OPD-002, CXL-OPD-002 | F47: Fail | I47: 1. สั่ง Lab แล้วแต่ไม่แสดง Task ที่ห้อง Lab (ต้องดูรายการ Item ที่ Key) น่าจะเกิดจากการ Restructure lab อะไรบางอย่าง
A48: ORD-012 | B48: สั่ง IMG ต้องการทราบผลภายในวัน | C48: 1. ค้นหารายการ IMG ใน Order Search 2. เลือก Priority และวันที่ต้องการทราบผลเป็นวันนี้ 3. กดปุ่มเพิ่ม order แล้วกดปุ่ม Sign เพื่อส่งไปห้อง X-ray 4. พิมพ์ใบคำสั่ง Imaging | D48: APM-OPD-003, ADM-OPD-002 | G48: Skip | I48: 1. หน้า Result ยังไม่สามารถพิมพ์เอกสารต่างๆ ได้รอนัดคุยกับทาง มน. อีกที
A49: ORD-013 | B49: สั่งหัตถการภายในวัน (รวม ODS) | C49: 1. ที่ส่วนคำสั่งการรักษา สั่งหัตถการที่ต้องการ (หัตถการทั่วไป / ODS) 2. เลือก Priority วันที่ทำหัตถการเป็นวันนี้ และจำนวนครั้ง 3. กดปุ่มบันทึก 4. ตรวจสอบว่าระบบแสดงหัตถการที่สั่ง จำนวน ราคา พร้อม ICD9 5. พิมพ์ใบคำสั่งหัตถการ | D49: APM-OPD-008, ODS-OPD-001 | F49: Fail | I49: 1. ไม่่มีคิว
A50: ORD-014 | B50: สั่งหัตถการล่วงหน้า (วันอื่น รวม ODS) | C50: 1. สั่งหัตถการที่ต้องการ (หัตถการทั่วไป / ODS) 2. เลือกวันที่ทำหัตถการเป็นวันอื่น และเลือกวันที่ 3. กดปุ่มบันทึก 4. ตรวจสอบว่ารายการรอทำแสดงในวันนัดที่กำหนด | D50: APM-OPD-008, ODS-OPD-002 | G50: Skip | I50: 1. Flow ยังเคลีย รอคุยกับพี่เบสเพิ่มเติม
A51: ORD-015 | B51: พยาบาลสั่ง Order แทนแพทย์ (รคส.) | C51: 1. พยาบาลเปิดผู้ป่วย > ส่วนคำสั่งการรักษา 2. สั่งยา / Lab ตามคำสั่งแพทย์ และระบุแพทย์ผู้สั่ง 3. กดปุ่มเพิ่ม order แล้วกดปุ่ม Sign 4. ตรวจสอบว่า Order แสดงสถานะรอแพทย์ยืนยัน | D51: ORD-OPD-003 | G51: Skip | I51: Dup
A52: ORD-016 | B52: แก้ไข / ยกเลิก Order ก่อนห้องยาสร้างใบยา | C52: 1. กดแก้ไขรายการยา > แก้ขนาดยา / จำนวน แล้วกดบันทึก 2. ตรวจสอบว่าห้องยาเห็นข้อมูลที่แก้ไขแล้ว 3. กดปุ่ม ยกเลิก ที่แถวยา / Lab แล้วกดยืนยัน 4. ตรวจสอบว่าสถานะรายการเป็น ยกเลิก และหายจากห้องยา / Worklist ห้อง Lab 5. ตรวจสอบว่ายอดในส่วน รวมค่าใช้จ่าย (วันนี้) ลดลงตามรายการที่ยกเลิก | D52: CXL-OPD-002 | E52: Pass
A53: ORD-017 | B53: Order ล็อกหลังห้องยาสร้างใบยา (แก้ไข / ลบไม่ได้) | C53: 1. แพทย์เปิด Order ยาที่ห้องยาสร้างใบยาแล้ว 2. ลองแก้ไข และลองลบรายการยา 3. ตรวจสอบว่าระบบไม่ให้บันทึกการแก้ไขหรือลบ | D53: CXL-OPD-002 | E53: Pass
A54: ORD-018 | B54: แก้ไข Order หลังเภสัชย้อนกลับใบยา | C54: 1. แพทย์เปิด Order ยาเดิม (หลังเภสัชย้อนกลับใบยา) 2. แก้ไขขนาดยา / จำนวน แล้วกดบันทึกและ Sign 3. ตรวจสอบว่าบันทึกได้ | D54: CXL-OPD-002 | H54: Pass with condition | I54: 1. พบ Error นี้ตอนที่กำลังสร้างใบยา (สามารถสร้างใบยาได้แต่ไม่เปลี่ยนหน้าให้) { "error": { "class": "InternalServerError", "message": "Failed to create OPD prescription: prepare prescription for pharmacy location 2: validate preconditions for issuing prescription: medication request b5030ed7-5124-47b3-9111-68c7859d2bf3 is not in authorised careflow step" } } | J54: สร้างใบยาแล้วติด Error (สามารถสร้างได้แต่ไม่เปลี่ยนหน้าให้)
A55: LAB | B55: ห้อง Lab (7 ข้อ)
A56: LAB-001 | B56: รับรายการ Check-in เก็บ Specimen พิมพ์ Sticker และส่ง LIS | C56: 1. เข้า Cortex Worklist ของห้อง Lab 2. เลือกรายการผู้ป่วยแล้วกด Check-in 3. เก็บ Specimen และพิมพ์ Sticker (LN) ติด Tube 4. กด Run Lab ส่งไปยัง LIS | D56: APM-OPD-002, APM-OPD-003, WLK-OPD-004, ADM-OPD-002
A57: LAB-002 | B57: รับผล Lab กลับเข้าระบบ และ Authorize | C57: 1. รับผลจาก LIS กลับเข้าระบบ 2. ให้แพทย์ Authorize ผล จนสถานะเป็นเสร็จสิ้น 3. ตรวจสอบว่าผลพร้อมให้แพทย์เรียกดู (ในวันเดียวกัน / ในวันนัดจริง) | D57: APM-OPD-002, APM-OPD-003, WLK-OPD-004, ADM-OPD-002
A58: LAB-003 | B58: นัดหมาย Lab ล่วงหน้า (เลือก Lab Room + วัน / ช่วงเวลา) | C58: 1. สั่ง Lab แล้วกดช่อง วันที่ต้องการผล > หน้าต่าง นัดหมาย LAB 2. เลือก Lab Room วันที่ และช่วงเวลา แล้วกดยืนยัน 3. ตรวจสอบรายการที่เมนูซ้าย รายการ Order ล่วงหน้า (สถานะ ผูกแล้ว / ลงนาม) 4. นัดวันเดียวกันซ้ำ ระบบต้องแจ้ง พบการนัดหมายซ้ำ และให้ยืนยันก่อน 5. วันนัด: ตรวจสอบว่ารายการขึ้นที่ Worklist ห้อง Lab | D58: ทดสอบเฉพาะ Station
A59: LAB-004 | B59: Lab หลายรายการต่างห้อง: ใบนำทางแยกจุดบริการ | C59: 1. สั่ง Lab หลายรายการที่ต้องทำต่างห้อง (เช่น ห้องเจาะเลือด ชั้น 1 / ห้องปฏิบัติการ ชั้น 6) 2. พิมพ์ใบนำทาง 3. ตรวจสอบว่าใบนำทางแยกจุดบริการถูกต้องตามห้องของแต่ละรายการ 4. ตรวจสอบว่ารายการเข้า Worklist ของแต่ละห้องถูกต้อง | D59: ทดสอบเฉพาะ Station
A60: LAB-005 | B60: พิมพ์ป้ายติด Specimen ซ้ำ | C60: 1. เปิดรายการผู้ป่วยที่ Worklist ห้อง Lab ที่ Check-in แล้ว 2. สั่งพิมพ์ป้ายติด Specimen (Sticker LN) ซ้ำ 3. ตรวจสอบว่าข้อมูลบนป้ายตรงกับครั้งแรก (ชื่อ / HN / LN / รายการ Lab) | D60: ทดสอบเฉพาะ Station
A61: LAB-006 | B61: ดู / เปรียบเทียบผล Lab ย้อนหลัง | C61: 1. เลือกดูเมนู Lab Result ที่ Side bar ทางซ้ายมือ 2. ใช้ Filter เลือกช่วงวันที่ / รายการ Lab 3. กดเปรียบเทียบผล และตรวจสอบว่าค่าแต่ละครั้งแสดงถูกต้องตามลำดับวันที่ | D61: ทดสอบเฉพาะ Station
A62: LAB-007 | B62: ดูผล Lab พยาธิวิทยา (Patho) | C62: 1. เลือกดูเมนู ประวัติ Patho ที่ Side bar ทางซ้ายมือ 2. เลือกดูชุดข้อมูลที่ต้องการ 3. ตรวจสอบว่าผล Patho แสดงครบและตรงกับห้อง Lab | D62: ทดสอบเฉพาะ Station
A63: IMG | B63: รังสี (X-ray / US) (8 ข้อ)
A64: IMG-001 | B64: รับรายการ Check-in ถ่ายภาพ และส่ง RIS | C64: 1. เข้า Cortex Worklist ของห้อง X-ray / Img 2. เลือกรายการผู้ป่วยแล้วกด Check-in 3. พิมพ์ใบยินยอม (ถ้ามี) แล้วฉายรังสี / ถ่ายภาพ 4. กด Run IMG ส่งไปยัง RIS | D64: APM-OPD-002, APM-OPD-003, WLK-OPD-004, ADM-OPD-002
A65: IMG-002 | B65: รับผล IMG กลับเข้าระบบ และ Authorize | C65: 1. รับผลจาก RIS กลับเข้าระบบ 2. ให้แพทย์ Authorize ผล 3. ตรวจสอบว่าผลพร้อมให้แพทย์เรียกดู (ในวันเดียวกัน / ในวันนัดจริง) | D65: APM-OPD-002, APM-OPD-003, WLK-OPD-004, ADM-OPD-002
A66: IMG-003 | B66: กรอกแบบฟอร์ม Imaging - X-Ray ตอนส่งคำสั่ง | C66: 1. สั่งรายการรังสีที่ผูกแบบฟอร์ม แล้วกดส่งคำสั่ง 2. ตรวจสอบว่าระบบแสดงหน้าต่าง แบบฟอร์ม Imaging - X-Ray 3. กรอกข้อมูลแล้วกดบันทึก (ขึ้นข้อความ บันทึกแบบฟอร์ม Imaging สำเร็จ) 4. กดส่งคำสั่งอีกครั้ง และตรวจสอบว่าคำสั่งไปถึงห้องรังสี | D66: ทดสอบเฉพาะ Station
A67: IMG-004 | B67: นัดหมายห้องตรวจรังสี | C67: 1. ตอนสั่ง IMG กดปุ่มปฏิทินช่อง ห้องตรวจ > เลือกห้อง Imaging (ต้องเลือกวันก่อน) 2. ที่ห้องรังสี เปิดแท็บ คำขอนัดหมาย 3. กดปุ่ม นัดหมายห้องตรวจ > ยืนยันนัดหมาย 4. ตรวจสอบว่ารายการย้ายไปแท็บ รอ Check-in ตามวันนัด | D67: ทดสอบเฉพาะ Station
A68: IMG-005 | B68: เช็คอินคิวรังสี | C68: 1. ที่ห้องรังสี (X-ray / US) แท็บ รอ Check-in เลือกผู้ป่วย 2. กดปุ่ม เช็คอิน แล้วเลือกประเภทคิว รังสี 3. ตรวจสอบว่าได้เลขคิวรังสี (I00n) และรายการย้ายไปขั้นถัดไป | D68: ทดสอบเฉพาะ Station
A69: IMG-006 | B69: พิมพ์ใบยินยอมก่อนถ่ายภาพ | C69: 1. เปิดรายการผู้ป่วยที่เช็คอินแล้ว 2. พิมพ์ใบยินยอมการตรวจทางรังสี 3. ตรวจสอบว่าเอกสารพิมพ์ได้ และข้อมูลผู้ป่วย / รายการตรวจถูกต้อง | D69: ทดสอบเฉพาะ Station
A70: IMG-007 | B70: ถ่ายภาพ: เริ่มถ่ายภาพ > ถ่ายภาพแล้ว > รออ่านผล | C70: 1. กดปุ่ม เริ่มถ่ายภาพ 2. กดปุ่ม ถ่ายภาพแล้ว 3. ตรวจสอบว่าสถานะเปลี่ยนเป็น รออ่านผล และรายการไปอยู่แท็บที่ถูกต้อง | D70: ทดสอบเฉพาะ Station
A71: IMG-008 | B71: รังสีแพทย์บันทึกผลอ่าน (Findings + Impression) | C71: 1. คลิกชื่อรายการเพื่อเปิดรายละเอียดรังสี 2. กรอก Findings และ Impression 3. กดบันทึก และตรวจสอบว่าบันทึกสำเร็จ 4. ตรวจสอบว่าแพทย์เจ้าของไข้เห็นผลที่เมนู Imaging result | D71: ทดสอบเฉพาะ Station
A72: ACT | B72: Activity / หัตถการ (6 ข้อ)
A73: ACT-001 | B73: พยาบาลฉีดยา Stat และบันทึกการให้ยา | C73: 1. รับยา Stat จากห้องยา 2. ฉีดยาให้ผู้ป่วย 3. บันทึกการให้ยาในระบบ 4. ตรวจสอบว่าประวัติการให้ยาแสดงใน Visit นี้ | D73: อาจให้ พน. ทดสอบ หรือทำรอบหน้า (รออัพเดท Form ใหม่)
A74: ACT-002 | B74: บันทึกการฉีดยา / ทำแผล ตามนัด (ไม่พบแพทย์) | C74: 1. เปิดผู้ป่วยจากหน้า รายการผู้ป่วยนอก 2. บันทึกสัญญาณชีพ (ถ้ามี) 3. บันทึกการให้ยา / การทำแผล ตามคำสั่งเดิมของแพทย์ 4. ตรวจสอบว่าประวัติแสดงใน Visit นี้ | D74: INJ-OPD-001
A75: NUR-005 | B75: บันทึกประวัติการฉีดวัคซีน | C75: 1. เลือกดูเมนู ประวัติวัคซีน ที่ Side bar ทางซ้ายมือ 2. กรอกข้อมูลวัคซีน (ชื่อวัคซีน / Lot / วันหมดอายุ / เข็มที่ / ตำแหน่งที่ฉีด) 3. กดบันทึก 4. ตรวจสอบว่ารายการแสดงในประวัติวัคซีน | D75: ซ้ำกับข้อ DX-002 ดูผล Lab / IMG แล้วสรุปการรักษา
A76: ACT-004 | B76: บันทึกการทำหัตถการหลังทำเสร็จ (รวม ODS) | C76: 1. เปิดรายการหัตถการที่สั่งไว้ 2. บันทึกผลการทำหัตถการ 3. ตรวจสอบว่าสถานะหัตถการเปลี่ยนเป็นทำแล้ว | D76: อาจให้ พน. ทดสอบ หรือทำรอบหน้า (รออัพเดท Form ใหม่)
A77: ACT-005 | B77: Set OR / ห้องหัตถการ และ Check-in (ODS) | C77: 1. ตรวจสอบว่า Order ODS แสดงในวันที่ทำ (กรณีสั่งล่วงหน้า) 2. Set OR จากคำสั่งของแพทย์ 3. Check-in ผู้ป่วยเข้าห้องหัตถการ | D77: ODS-OPD-001, ODS-OPD-002
A78: ACT-006 | B78: บันทึก Pre-Op / Op / Post-Op / Recovery (ODS) | C78: 1. บันทึก Pre-Op 2. บันทึก Op 3. บันทึก Post-Op 4. บันทึก Recovery 5. Discharge ออกจากห้องหัตถการ | D78: ODS-OPD-001, ODS-OPD-002
A79: DOC | B79: เอกสารทางการแพทย์ (6 ข้อ)
A80: DOC-001 | B80: สร้างใบรับรองแพทย์จากหน้า ใบรับรองแพทย์ | C80: 1. เลือกดูเมนู ใบรับรองแพทย์ ที่ Side bar ทางขวามือ 2. กรอกข้อมูลที่ต้องการ 3. กดบันทึก | D80: APM-OPD-010
A81: DOC-002 | B81: สร้างใบรับรองแพทย์จากหน้า Document (เลือกชนิดเอกสาร) | C81: 1. เลือกดูเมนู เอกสาร ที่ Side bar ทางซ้ายมือ 2. คลิกสร้างเอกสาร 3. เลือกประเภทเอกสาร ใบรับรองแพทย์ และเลือกประเภทใบรับรองแพทย์ 4. กรอกข้อมูล แล้วกดบันทึก | D81: APM-OPD-010
A82: DOC-003 | B82: พิมพ์ใบรับรองแพทย์ | C82: 1. เลือกดูเมนู เอกสาร ที่ Side bar ทางซ้ายมือ 2. คลิกพิมพ์เอกสาร (Preview Print) 3. ตรวจสอบข้อมูลบนเอกสารว่าตรงกับ Visit | D82: APM-OPD-010
A83: DOC-004 | B83: ออกใบรับรองแพทย์ย้อนหลัง (เวชระเบียน) | C83: 1. ค้นหาผู้ป่วยที่แอพ เวชระเบียน 2. เลือก เอกสาร ที่ Side bar ซ้ายมือ 3. เลือกเอกสารที่ต้องการ 4. พิมพ์เอกสาร | D83: APM-OPD-010
A84: DOC-005 | B84: ออกเอกสารร่วมจ่าย (Co-pay) | C84: 1. เลือกดูเมนู สร้างฟอร์ม ที่ Side bar ทางขวามือ (หรือปุ่ม พิมพ์ Co-pay) 2. เลือกประเภทฟอร์มที่ต้องการ 3. กรอกข้อมูลลงในฟอร์ม แล้วบันทึก 4. ตรวจสอบว่าเอกสารมีเฉพาะยาที่ต้องชำระเอง | D84: APM-OPD-006
A85: DOC-006 | B85: ออกเอกสาร Refer Out (ใบส่งตัว) | C85: 1. เลือกเมนูสร้างเอกสาร Refer Out 2. กรอกสถานพยาบาลปลายทาง เหตุผลการส่งต่อ และสรุปการรักษา 3. กดบันทึก และพิมพ์ใบส่งตัว | D85: REF-OPD-001
A86: DC | B86: Discharge / ส่งต่อ (พยาบาล) (4 ข้อ)
A87: DC-001 | B87: Discharge กลับบ้าน และพิมพ์บัตรคิว การเงิน / ห้องยา / บัตรนัด | C87: 1. กดเลือกคนไข้จากหน้า รายการผู้ป่วยนอก ที่สถานะ ตรวจเสร็จ 2. เลือกประเภทการ Discharge เป็น กลับบ้าน 3. พิมพ์บัตรคิว การเงิน / ห้องยา ที่หน้า Discharge summary (ตรวจสอบชื่อคิวถูกต้อง) 4. พิมพ์บัตรนัดที่เมนู ประวัตินัดหมาย (ถ้ามี) 5. กรณีไม่มียา ระบบต้องไม่ออกบัตรคิวห้องยา · กรณีพบหลายคลินิก คิวการเงิน / ห้องยา ต้องรวมทุกคลินิก | D87: APM-OPD-001, APM-OPD-002, APM-OPD-003, APM-OPD-005, APM-OPD-006, APM-OPD-007, APM-OPD-008, APM-OPD-009, WLK-OPD-001, WLK-OPD-003, WLK-OPD-006, INJ-OPD-001, ODS-OPD-001, ODS-OPD-002, ORD-OPD-001, ORD-OPD-002, ORD-OPD-003, ORD-OPD-004, ORD-OPD-005, LBL-OPD-001, LBL-OPD-002, CXL-OPD-002, TRF-OPD-001, REF-OPD-002
A88: DC-002 | B88: Discharge แบบ By Transfer (Refer out) | C88: 1. กดปุ่ม จำหน่าย ในรายการผู้ป่วยนอก (ใช้บัญชีพยาบาล) 2. เลือก จำหน่ายรูปแบบอื่น = By Transfer 3. ระบุสถานพยาบาลปลายทาง แล้วกดบันทึก 4. ตรวจสอบว่าสถานะ Visit เป็น จำหน่าย | D88: REF-OPD-001
A89: DC-003 | B89: ส่งต่อคนไข้ไปคลินิกอื่นในวันเดียวกัน | C89: 1. ส่งต่อคนไข้ไปคลินิกที่ 2 2. พิมพ์ใบนำทางไปคลินิกที่ 2 3. ตรวจสอบว่าคนไข้แสดงในรายการผู้ป่วยนอกของคลินิกที่ 2 | D89: TRF-OPD-001
A90: DC-004 | B90: ปิด Visit ที่ไม่ได้พบแพทย์ (Walk in ไม่ได้ตรวจ / มาเจาะเลือด / มาตรวจ IMG) | C90: 1. ปิด Visit ของวันนี้ (ห้องการเงินปิดให้ หรือรอระบบปิดอัตโนมัติ) 2. ตรวจสอบสถานะ EN / Visit หลังปิด 3. ตรวจสอบว่านัดหมายพบแพทย์ในวันถัดไปยังอยู่ครบ | D90: WLK-OPD-002, WLK-OPD-004
A91: ADM | B91: Admit (4 ข้อ)
A92: ADM-001 | B92: แพทย์สร้าง Admit request | C92: 1. เลือกดูเมนู สร้าง admit order ที่ Side bar ทางขวามือ 2. ลงข้อมูล Pre-diagnosis และ Chief complaint 3. กรอกข้อมูล Admit Request form 4. กดปุ่ม เครื่องหมายถูก เพื่อบันทึกข้อมูล | D92: ADM-OPD-001, ADM-OPD-002
A93: ADM-002 | B93: พยาบาลตรวจสอบ Admit request | C93: 1. เลือกดูเมนู สร้าง admit order ที่ Side bar ทางขวามือ 2. ตรวจสอบว่าสถานะ Admit request ถูกต้อง | D93: ADM-OPD-001
A94: ADM-003 | B94: ส่งผู้ป่วยไป Admission Center / ขึ้น ward พร้อมผลตรวจ | C94: 1. ส่ง Admit request ไปยัง Admission Center 2. ตรวจสอบสถานะ EN / Visit ของฝั่ง OPD หลังส่งต่อ 3. ตรวจสอบว่าผล Lab / IMG ที่ทำที่ OPD เรียกดูได้จากฝั่ง IPD | D94: ADM-OPD-001, ADM-OPD-002
A95: ADM-004 | B95: Admission Center สร้าง AN | C95: 1. Admission Center สร้าง AN ให้ผู้ป่วยจาก Admit request 2. ตรวจสอบว่าได้เลข AN | D95: ADM-OPD-001
A96: PHA | B96: ห้องยา (รับยา) (17 ข้อ)
A97: PHA-001 | B97: สร้างใบยา | C97: 1. ไปที่เมนูห้องยา > เลือกห้องยา 2. เลือกคนไข้และรายการยา 3. กดปุ่มสร้างใบยา 4. ตรวจสอบว่าใบยามีรายการครบตาม Order | D97: APM-OPD-001, APM-OPD-002, APM-OPD-003, APM-OPD-006, WLK-OPD-001, WLK-OPD-003, WLK-OPD-006, ODS-OPD-001, ODS-OPD-002, ORD-OPD-001, ORD-OPD-002, ORD-OPD-003, ORD-OPD-004, LBL-OPD-001, CXL-OPD-002, REF-OPD-001, REF-OPD-002
A98: PHA-002 | B98: จัดยา เรียกคิว และจ่ายยา | C98: 1. กดปุ่มจัดยาแล้ว 2. กดปุ่มยืนยันรอจ่าย 3. เรียกคิวคนไข้ที่ห้องยา 4. เลือก 3 จุด ด้านหลังรายการยา แล้วเลือก ยืนยันจ่ายยา 5. ตรวจสอบสถานะใบยาเป็นจ่ายแล้ว | D98: APM-OPD-001, APM-OPD-002, APM-OPD-003, APM-OPD-006, APM-OPD-007, WLK-OPD-001, WLK-OPD-003, WLK-OPD-006, ODS-OPD-001, ODS-OPD-002, ORD-OPD-001, ORD-OPD-002, ORD-OPD-003, ORD-OPD-004, LBL-OPD-001, CXL-OPD-002, REF-OPD-001, REF-OPD-002
A99: PHA-003 | B99: จ่ายยา Stat ให้หน่วยบริการ | C99: 1. สร้างใบยาของ Order Stat 2. จัดยาและยืนยันรอจ่าย 3. จ่ายยา Stat ให้หน่วยบริการ / คนไข้ 4. กรณีมีใบยามากกว่า 1 ใบ ตรวจสอบว่าทุกใบมีเลขคิว | D99: APM-OPD-007
A100: PHA-004 | B100: จ่ายยาที่ใช้ฉีดตามนัด (ไม่พบแพทย์) | C100: 1. ตรวจสอบว่ามี Order ยาฉีด / วัคซีน ของ Visit นี้ที่ห้องยา 2. สร้างใบยา > จัดยา > ยืนยันรอจ่าย > จ่ายยาให้หน่วยบริการ | D100: INJ-OPD-001
...

Sheet สรุปผล Station-OPD
A1: สรุปผลการทดสอบ Station-OPD BizSim(New)
A2: ที่มา: ชีต Station-OPD BizSim(New) · สรุปเมื่อ 26 ต.ค. 2026 · ตัวเลขในตารางเป็นสูตร นับจากชีตต้นทางอัตโนมัติ (ตารางรายละเอียดบัคเป็นข้อความ ณ วันที่สรุป)
A3: สถานะ Test Case
B4: สถานะ | C4: จำนวน (ข้อ) | D4: % ของทั้งหมด
B5: Pass | C5: =COUNTIF('Station-OPD BizSim(New)'!$E$4:$E$500,"*Pass*") -> 16 | D5: =IF($C$10=0,0,C5/$C$10) -> 0.1322314
B6: Pass with Condition | C6: =COUNTIF('Station-OPD BizSim(New)'!$H$4:$H$500,"*Condition*") -> 6 | D6: =IF($C$10=0,0,C6/$C$10) -> 0.049586777
B7: Fail | C7: =COUNTIF('Station-OPD BizSim(New)'!$F$4:$F$500,"*Fail*") -> 11 | D7: =IF($C$10=0,0,C7/$C$10) -> 0.090909091
B8: Skip | C8: =COUNTIF('Station-OPD BizSim(New)'!$G$4:$G$500,"*Skip*") -> 13 | D8: =IF($C$10=0,0,C8/$C$10) -> 0.10743802
B9: ยังไม่ทดสอบ (เหลือ) | C9: =C10-SUM(C5:C8) -> 75 | D9: =IF($C$10=0,0,C9/$C$10) -> 0.61983471
B10: รวมทั้งหมด | C10: =COUNTIF('Station-OPD BizSim(New)'!$A$4:$A$500,"*-*") -> 121 | D10: =IF($C$10=0,0,C10/$C$10) -> 1
A12: ภาพรวม: ผ่าน / ยังไม่ผ่าน / เหลือ
B13: ผ่าน (Pass + Pass with Condition) | C13: =C5+C6 -> 22 | D13: =IF($C$10=0,0,C13/$C$10) -> 0.18181818
B14: ยังไม่ผ่าน (Fail) | C14: =C7 -> 11 | D14: =IF($C$10=0,0,C14/$C$10) -> 0.090909091
B15: ข้าม (Skip) | C15: =C8 -> 13 | D15: =IF($C$10=0,0,C15/$C$10) -> 0.10743802
B16: เหลือ (ยังไม่ทดสอบ) | C16: =C9 -> 75 | D16: =IF($C$10=0,0,C16/$C$10) -> 0.61983471
B17: ลงผลแล้ว (Pass + PwC + Fail + Skip) | C17: =C10-C9 -> 46 | D17: =IF($C$10=0,0,C17/$C$10) -> 0.38016529
A19: สรุปรายหมวด
A20: หมวด | B20: ชื่อหมวด | C20: ทั้งหมด | D20: Pass | E20: Pass w/ Cond. | F20: Fail | G20: Skip | H20: เหลือ | I20: % ลงผลแล้ว
A21: REG | B21: เวชระเบียน (ลงทะเบียน / เปิด Visit) | C21: =COUNTIF('Station-OPD BizSim(New)'!$A$4:$A$500,A21&"-*") -> 8 | D21: =COUNTIFS('Station-OPD BizSim(New)'!$A$4:$A$500,A21&"-*",'Station-OPD BizSim(New)'!$E$4:$E$500,"*Pass*") -> 2 | E21: =COUNTIFS('Station-OPD BizSim(New)'!$A$4:$A$500,A21&"-*",'Station-OPD BizSim(New)'!$H$4:$H$500,"*Condition*") -> 4 | F21: =COUNTIFS('Station-OPD BizSim(New)'!$A$4:$A$500,A21&"-*",'Station-OPD BizSim(New)'!$F$4:$F$500,"*Fail*") -> 2 | G21: =COUNTIFS('Station-OPD BizSim(New)'!$A$4:$A$500,A21&"-*",'Station-OPD BizSim(New)'!$G$4:$G$500,"*Skip*") -> 0 | H21: =C21-SUM(D21:G21) -> 0 | I21: =IF(C21=0,0,(C21-H21)/C21) -> 1
A22: APT | B22: นัดหมาย | C22: =COUNTIF('Station-OPD BizSim(New)'!$A$4:$A$500,A22&"-*") -> 5 | D22: =COUNTIFS('Station-OPD BizSim(New)'!$A$4:$A$500,A22&"-*",'Station-OPD BizSim(New)'!$E$4:$E$500,"*Pass*") -> 3 | E22: =COUNTIFS('Station-OPD BizSim(New)'!$A$4:$A$500,A22&"-*",'Station-OPD BizSim(New)'!$H$4:$H$500,"*Condition*") -> 0 | F22: =COUNTIFS('Station-OPD BizSim(New)'!$A$4:$A$500,A22&"-*",'Station-OPD BizSim(New)'!$F$4:$F$500,"*Fail*") -> 2 | G22: =COUNTIFS('Station-OPD BizSim(New)'!$A$4:$A$500,A22&"-*",'Station-OPD BizSim(New)'!$G$4:$G$500,"*Skip*") -> 0 | H22: =C22-SUM(D22:G22) -> 0 | I22: =IF(C22=0,0,(C22-H22)/C22) -> 1
A23: NUR | B23: พยาบาลคัดกรอง / Walk-in | C23: =COUNTIF('Station-OPD BizSim(New)'!$A$4:$A$500,A23&"-*") -> 7 | D23: =COUNTIFS('Station-OPD BizSim(New)'!$A$4:$A$500,A23&"-*",'Station-OPD BizSim(New)'!$E$4:$E$500,"*Pass*") -> 2 | E23: =COUNTIFS('Station-OPD BizSim(New)'!$A$4:$A$500,A23&"-*",'Station-OPD BizSim(New)'!$H$4:$H$500,"*Condition*") -> 0 | F23: =COUNTIFS('Station-OPD BizSim(New)'!$A$4:$A$500,A23&"-*",'Station-OPD BizSim(New)'!$F$4:$F$500,"*Fail*") -> 0 | G23: =COUNTIFS('Station-OPD BizSim(New)'!$A$4:$A$500,A23&"-*",'Station-OPD BizSim(New)'!$G$4:$G$500,"*Skip*") -> 4 | H23: =C23-SUM(D23:G23) -> 1 | I23: =IF(C23=0,0,(C23-H23)/C23) -> 0.85714286
A24: DX | B24: แพทย์ตรวจ / กรอกข้อมูล Diagnosis | C24: =COUNTIF('Station-OPD BizSim(New)'!$A$4:$A$500,A24&"-*") -> 10 | D24: =COUNTIFS('Station-OPD BizSim(New)'!$A$4:$A$500,A24&"-*",'Station-OPD BizSim(New)'!$E$4:$E$500,"*Pass*") -> 3 | E24: =COUNTIFS('Station-OPD BizSim(New)'!$A$4:$A$500,A24&"-*",'Station-OPD BizSim(New)'!$H$4:$H$500,"*Condition*") -> 0 | F24: =COUNTIFS('Station-OPD BizSim(New)'!$A$4:$A$500,A24&"-*",'Station-OPD BizSim(New)'!$F$4:$F$500,"*Fail*") -> 4 | G24: 3 | H24: =C24-SUM(D24:G24) -> 0 | I24: =IF(C24=0,0,(C24-H24)/C24) -> 1
A25: ORD | B25: สั่ง Order (CPOE) | C25: =COUNTIF('Station-OPD BizSim(New)'!$A$4:$A$500,A25&"-*") -> 18 | D25: =COUNTIFS('Station-OPD BizSim(New)'!$A$4:$A$500,A25&"-*",'Station-OPD BizSim(New)'!$E$4:$E$500,"*Pass*") -> 6 | E25: =COUNTIFS('Station-OPD BizSim(New)'!$A$4:$A$500,A25&"-*",'Station-OPD BizSim(New)'!$H$4:$H$500,"*Condition*") -> 2 | F25: =COUNTIFS('Station-OPD BizSim(New)'!$A$4:$A$500,A25&"-*",'Station-OPD BizSim(New)'!$F$4:$F$500,"*Fail*") -> 3 | G25: =COUNTIFS('Station-OPD BizSim(New)'!$A$4:$A$500,A25&"-*",'Station-OPD BizSim(New)'!$G$4:$G$500,"*Skip*") -> 7 | H25: =C25-SUM(D25:G25) -> 0 | I25: =IF(C25=0,0,(C25-H25)/C25) -> 1
A26: LAB | B26: ห้อง Lab | C26: =COUNTIF('Station-OPD BizSim(New)'!$A$4:$A$500,A26&"-*") -> 7 | D26: =COUNTIFS('Station-OPD BizSim(New)'!$A$4:$A$500,A26&"-*",'Station-OPD BizSim(New)'!$E$4:$E$500,"*Pass*") -> 0 | E26: =COUNTIFS('Station-OPD BizSim(New)'!$A$4:$A$500,A26&"-*",'Station-OPD BizSim(New)'!$H$4:$H$500,"*Condition*") -> 0 | F26: =COUNTIFS('Station-OPD BizSim(New)'!$A$4:$A$500,A26&"-*",'Station-OPD BizSim(New)'!$F$4:$F$500,"*Fail*") -> 0 | G26: =COUNTIFS('Station-OPD BizSim(New)'!$A$4:$A$500,A26&"-*",'Station-OPD BizSim(New)'!$G$4:$G$500,"*Skip*") -> 0 | H26: =C26-SUM(D26:G26) -> 7 | I26: =IF(C26=0,0,(C26-H26)/C26) -> 0
A27: IMG | B27: รังสี (X-ray / US) | C27: =COUNTIF('Station-OPD BizSim(New)'!$A$4:$A$500,A27&"-*") -> 8 | D27: =COUNTIFS('Station-OPD BizSim(New)'!$A$4:$A$500,A27&"-*",'Station-OPD BizSim(New)'!$E$4:$E$500,"*Pass*") -> 0 | E27: =COUNTIFS('Station-OPD BizSim(New)'!$A$4:$A$500,A27&"-*",'Station-OPD BizSim(New)'!$H$4:$H$500,"*Condition*") -> 0 | F27: =COUNTIFS('Station-OPD BizSim(New)'!$A$4:$A$500,A27&"-*",'Station-OPD BizSim(New)'!$F$4:$F$500,"*Fail*") -> 0 | G27: =COUNTIFS('Station-OPD BizSim(New)'!$A$4:$A$500,A27&"-*",'Station-OPD BizSim(New)'!$G$4:$G$500,"*Skip*") -> 0 | H27: =C27-SUM(D27:G27) -> 8 | I27: =IF(C27=0,0,(C27-H27)/C27) -> 0
A28: ACT | B28: Activity / หัตถการ | C28: =COUNTIF('Station-OPD BizSim(New)'!$A$4:$A$500,A28&"-*") -> 5 | D28: =COUNTIFS('Station-OPD BizSim(New)'!$A$4:$A$500,A28&"-*",'Station-OPD BizSim(New)'!$E$4:$E$500,"*Pass*") -> 0 | E28: =COUNTIFS('Station-OPD BizSim(New)'!$A$4:$A$500,A28&"-*",'Station-OPD BizSim(New)'!$H$4:$H$500,"*Condition*") -> 0 | F28: =COUNTIFS('Station-OPD BizSim(New)'!$A$4:$A$500,A28&"-*",'Station-OPD BizSim(New)'!$F$4:$F$500,"*Fail*") -> 0 | G28: =COUNTIFS('Station-OPD BizSim(New)'!$A$4:$A$500,A28&"-*",'Station-OPD BizSim(New)'!$G$4:$G$500,"*Skip*") -> 0 | H28: =C28-SUM(D28:G28) -> 5 | I28: =IF(C28=0,0,(C28-H28)/C28) -> 0
A29: DOC | B29: เอกสารทางการแพทย์ | C29: =COUNTIF('Station-OPD BizSim(New)'!$A$4:$A$500,A29&"-*") -> 6 | D29: =COUNTIFS('Station-OPD BizSim(New)'!$A$4:$A$500,A29&"-*",'Station-OPD BizSim(New)'!$E$4:$E$500,"*Pass*") -> 0 | E29: =COUNTIFS('Station-OPD BizSim(New)'!$A$4:$A$500,A29&"-*",'Station-OPD BizSim(New)'!$H$4:$H$500,"*Condition*") -> 0 | F29: =COUNTIFS('Station-OPD BizSim(New)'!$A$4:$A$500,A29&"-*",'Station-OPD BizSim(New)'!$F$4:$F$500,"*Fail*") -> 0 | G29: =COUNTIFS('Station-OPD BizSim(New)'!$A$4:$A$500,A29&"-*",'Station-OPD BizSim(New)'!$G$4:$G$500,"*Skip*") -> 0 | H29: =C29-SUM(D29:G29) -> 6 | I29: =IF(C29=0,0,(C29-H29)/C29) -> 0
A30: DC | B30: Discharge / ส่งต่อ (พยาบาล) | C30: =COUNTIF('Station-OPD BizSim(New)'!$A$4:$A$500,A30&"-*") -> 4 | D30: =COUNTIFS('Station-OPD BizSim(New)'!$A$4:$A$500,A30&"-*",'Station-OPD BizSim(New)'!$E$4:$E$500,"*Pass*") -> 0 | E30: =COUNTIFS('Station-OPD BizSim(New)'!$A$4:$A$500,A30&"-*",'Station-OPD BizSim(New)'!$H$4:$H$500,"*Condition*") -> 0 | F30: =COUNTIFS('Station-OPD BizSim(New)'!$A$4:$A$500,A30&"-*",'Station-OPD BizSim(New)'!$F$4:$F$500,"*Fail*") -> 0 | G30: =COUNTIFS('Station-OPD BizSim(New)'!$A$4:$A$500,A30&"-*",'Station-OPD BizSim(New)'!$G$4:$G$500,"*Skip*") -> 0 | H30: =C30-SUM(D30:G30) -> 4 | I30: =IF(C30=0,0,(C30-H30)/C30) -> 0
A31: ADM | B31: Admit | C31: =COUNTIF('Station-OPD BizSim(New)'!$A$4:$A$500,A31&"-*") -> 4 | D31: =COUNTIFS('Station-OPD BizSim(New)'!$A$4:$A$500,A31&"-*",'Station-OPD BizSim(New)'!$E$4:$E$500,"*Pass*") -> 0 | E31: =COUNTIFS('Station-OPD BizSim(New)'!$A$4:$A$500,A31&"-*",'Station-OPD BizSim(New)'!$H$4:$H$500,"*Condition*") -> 0 | F31: =COUNTIFS('Station-OPD BizSim(New)'!$A$4:$A$500,A31&"-*",'Station-OPD BizSim(New)'!$F$4:$F$500,"*Fail*") -> 0 | G31: =COUNTIFS('Station-OPD BizSim(New)'!$A$4:$A$500,A31&"-*",'Station-OPD BizSim(New)'!$G$4:$G$500,"*Skip*") -> 0 | H31: =C31-SUM(D31:G31) -> 4 | I31: =IF(C31=0,0,(C31-H31)/C31) -> 0
A32: PHA | B32: ห้องยา (รับยา) | C32: =COUNTIF('Station-OPD BizSim(New)'!$A$4:$A$500,A32&"-*") -> 17 | D32: =COUNTIFS('Station-OPD BizSim(New)'!$A$4:$A$500,A32&"-*",'Station-OPD BizSim(New)'!$E$4:$E$500,"*Pass*") -> 0 | E32: =COUNTIFS('Station-OPD BizSim(New)'!$A$4:$A$500,A32&"-*",'Station-OPD BizSim(New)'!$H$4:$H$500,"*Condition*") -> 0 | F32: =COUNTIFS('Station-OPD BizSim(New)'!$A$4:$A$500,A32&"-*",'Station-OPD BizSim(New)'!$F$4:$F$500,"*Fail*") -> 0 | G32: =COUNTIFS('Station-OPD BizSim(New)'!$A$4:$A$500,A32&"-*",'Station-OPD BizSim(New)'!$G$4:$G$500,"*Skip*") -> 0 | H32: =C32-SUM(D32:G32) -> 17 | I32: =IF(C32=0,0,(C32-H32)/C32) -> 0
A33: CSH | B33: การเงิน | C33: =COUNTIF('Station-OPD BizSim(New)'!$A$4:$A$500,A33&"-*") -> 12 | D33: =COUNTIFS('Station-OPD BizSim(New)'!$A$4:$A$500,A33&"-*",'Station-OPD BizSim(New)'!$E$4:$E$500,"*Pass*") -> 0 | E33: =COUNTIFS('Station-OPD BizSim(New)'!$A$4:$A$500,A33&"-*",'Station-OPD BizSim(New)'!$H$4:$H$500,"*Condition*") -> 0 | F33: =COUNTIFS('Station-OPD BizSim(New)'!$A$4:$A$500,A33&"-*",'Station-OPD BizSim(New)'!$F$4:$F$500,"*Fail*") -> 0 | G33: =COUNTIFS('Station-OPD BizSim(New)'!$A$4:$A$500,A33&"-*",'Station-OPD BizSim(New)'!$G$4:$G$500,"*Skip*") -> 0 | H33: =C33-SUM(D33:G33) -> 12 | I33: =IF(C33=0,0,(C33-H33)/C33) -> 0
A34: CLM | B34: เบิกจ่ายตามสิทธิ (Claim) | C34: =COUNTIF('Station-OPD BizSim(New)'!$A$4:$A$500,A34&"-*") -> 10 | D34: =COUNTIFS('Station-OPD BizSim(New)'!$A$4:$A$500,A34&"-*",'Station-OPD BizSim(New)'!$E$4:$E$500,"*Pass*") -> 0 | E34: =COUNTIFS('Station-OPD BizSim(New)'!$A$4:$A$500,A34&"-*",'Station-OPD BizSim(New)'!$H$4:$H$500,"*Condition*") -> 0 | F34: =COUNTIFS('Station-OPD BizSim(New)'!$A$4:$A$500,A34&"-*",'Station-OPD BizSim(New)'!$F$4:$F$500,"*Fail*") -> 0 | G34: =COUNTIFS('Station-OPD BizSim(New)'!$A$4:$A$500,A34&"-*",'Station-OPD BizSim(New)'!$G$4:$G$500,"*Skip*") -> 0 | H34: =C34-SUM(D34:G34) -> 10 | I34: =IF(C34=0,0,(C34-H34)/C34) -> 0
A35: รวม | C35: =SUM(C21:C34) -> 121 | D35: =SUM(D21:D34) -> 16 | E35: =SUM(E21:E34) -> 6 | F35: =SUM(F21:F34) -> 11 | G35: =SUM(G21:G34) -> 14 | H35: =SUM(H21:H34) -> 74 | I35: =IF(C35=0,0,(C35-H35)/C35) -> 0.38842975
A37: กลุ่มปัญหาหลักที่พบ
A38: 1 | B38: พิมพ์เอกสารไม่ได้ — ใบนำทาง / บัตรคิว (หน้าแก้ไข Visit) และใบนัดหมาย · กระทบ REG-002, REG-003, REG-004, REG-007, APT-001 (และหมายเหตุใน APT-003, APT-005)
A39: 2 | B39: Lab / IMG: สั่ง Lab แล้วไม่เกิด Task ที่ห้อง Lab · ระบบออกคิว Lab / IMG ตั้งแต่เปิด Visit (ควรออกตอน Check-in) · วันที่ของ IMG ที่สั่งล่วงหน้าเพี้ยน · ยกเลิกนัดแล้ว Task Lab ไม่ถูกยกเลิก · กระทบ REG-005, REG-006, APT-004, DX-002, ORD-011
A40: 3 | B40: Consult: ส่งปรึกษาได้ แต่แพทย์ผู้รับมองไม่เห็นรายการ · DX-003 ทำให้ DX-004, DX-005 ทดสอบต่อไม่ได้ (Block)
A41: 4 | B41: ยา: สร้างเอกสาร DUE / PA ไม่ได้ (ORD-007) · สร้างใบยาติด Error careflow step (ORD-018) · Refill ต้องแก้บัคและทำเงื่อนไขการใช้ให้ชัด (ORD-004)
A42: 5 | B42: หัตถการ: สั่งหัตถการภายในวันแล้วไม่มีคิว (ORD-013) · หัตถการที่สั่งไม่พบในห้องหัตถการ (REG-006)
A44: รายละเอียดข้อที่ไม่ผ่าน (Fail) และ Pass with Condition
A45: TC ID | B45: ข้อทดสอบ | C45: สถานะ | D45: ปัญหา / บัคที่พบ (สรุป) | J45: หลักฐาน (ชื่อรูปในชีตต้นทาง)
A46: REG-002 | B46: เปิด Visit ตามนัดหมาย | C46: Pass with Condition | D46: 1) พิมพ์ใบนำทางไม่ได้ (Format ไม่ตรง) 2) ใบนำทางกับบัตรคิวพิมพ์ออกมาเป็นเอกสารเดียวกัน 3) ต้อง set data สิทธิ "เงินสดเบิกได้" และปุ่มปิดสิทธิ์ก่อนใช้งาน | J46: แก้ data เงินสดเบิกได้.png
A47: REG-003 | B47: เปิด Visit แบบไม่มีนัด (Walk in / ขอเอกสาร / คนไข้ต่างชาติ) | C47: Pass with Condition | D47: พิมพ์บัตรคิว / ใบนำทางจากหน้าแก้ไข Visit ไม่ได้ | J47: ไม่สามารถพิมพ์บัตรคิวหรือใบนำทางได้.png
A48: REG-004 | B48: เปิด Visit ให้คนไข้ที่มาไม่ตรงนัด | C48: Pass with Condition | D48: พิมพ์บัตรคิว / ใบนำทางจากหน้าแก้ไข Visit ไม่ได้ | J48: ไม่สามารถพิมพ์บัตรคิวหรือใบนำทางได้.png
A49: REG-005 | B49: เปิด Visit ตามนัด และ Check-in ห้อง Lab / Img ก่อนพบแพทย์ | C49: Fail | D49: 1) สั่ง Order ล่วงหน้าผูกกับนัดหมาย: Lab ขึ้นในนัด แต่ X-ray ไม่ขึ้น 2) ระบบออกคิว Lab / IMG ทันทีตอนเปิด Visit — ที่ถูกต้องคือสร้างคิวตอน Check-in ที่จุดบริการปลายทาง 3) สั่ง Lab แล้วไม่เกิด Task ที่ห้อง Lab (IMG มี Task) 4) สั่ง X-ray วันอื่น แต่หน้า CPOE แสดงเป็นวันนี้ | J49: สั่ง Order ล่วงหน้าที่หน้านัดหมายแล้วไม่มีรายการขึ้นในนัดหมาย.png · คิวห้อง LAB,Imaging ต้องไม่ออกคิวตอนเปิด Visit ต้องไปสร้างตอนเช็คอิน.png · สั่ง X-ray วันอื่นแต่หน้า CPOE ขึ้นวันนี้.png
A50: REG-006 | B50: เปิด Visit แบบไม่พบแพทย์ (หรือรับบริการ): เจาะเลือด / IMG ล่วงหน้า | C50: Fail | D50: 1) IMG ที่สั่งวันอื่น เมื่อเลือกวันที่เป็นวันนี้ คำอธิบายเปลี่ยนเป็นวันนี้ตาม (Lab / ยา / หัตถการไม่เป็น) 2) ต้องเปิด Visit ก่อนแล้วค่อยยืนยันนัด ไม่เช่นนั้นห้องรังสี Process ต่อไม่ได้ 3) หัตถการที่สั่งไม่พบในห้องหัตถการ (รอ Universal Tasklist)
A51: REG-007 | B51: รับ Refer เข้า และเปิด Visit จาก Refer | C51: Pass with Condition | D51: 1) พิมพ์ใบนำทางจากหน้าแก้ไข Visit ไม่ได้ 2) ใบนำทางจาก Regis ไปคลินิกยังไม่มี (จากคลินิกไป Lab / X-ray มีแล้ว) | J51: ไม่สามารถพิมพ์บัตรคิวหรือใบนำทางได้.png
A52: APT-001 | B52: สร้างนัดหมาย (นัด FU / นัดตรวจวันนี้ / นัดเข็มถัดไป ฯลฯ) | C52: Fail | D52: 1) พิมพ์ใบนัดหมายไม่ได้ 2) ข้อสังเกต: ระบบยังไม่มีคิวคัดกรอง มีแต่คิวเข้าห้องตรวจ (คนไข้ที่มาถึงคลินิกต้องติดต่อพยาบาลก่อน) | J52: พิมพ์ใบนัดหมายไม่ได้.png
A53: APT-004 | B53: ยกเลิกนัดหมาย | C53: Fail | D53: ยกเลิกนัดหมายแล้ว รายการ Task Lab ไม่ถูกยกเลิกตาม | J53: ยกเลิกนัดหมายแล้วแต่รายการ Task Lab ไม่ถูกยกเลิกตาม.png
A54: DX-002 | B54: ดูผล Lab / IMG แล้วสรุปการรักษา | C54: Fail | D54: 1) Icon สถานะแสดงไม่ถูกต้อง 2) สั่ง Lab แล้วไม่เกิด Task ที่ห้อง Lab (คาดว่ามาจากการ Restructure Lab) 3) X-ray: ยังไม่ชัดว่าช่อง Result by / Prelim by อยู่ตรงไหน | J54: Icon สถานะแสดงผลไม่ถูกต้อง.png · สั่ง Order Lab แล้วไม่เกิด Task ที่ฝั่ง Lab.png
A55: DX-003 | B55: ส่ง Consult ให้แพทย์ท่านอื่น | C55: Fail | D55: ส่ง Consult ได้ แต่แพทย์ผู้รับมองไม่เห็นรายการปรึกษา
A56: DX-004 | B56: รับ Consult และตอบกลับ | C56: Fail | D56: Block by DX-003 (ผู้รับมองไม่เห็นรายการปรึกษา)
A57: DX-005 | B57: ดูผล Consult ที่ตอบกลับ และสรุปการรักษา | C57: Fail | D57: Block by DX-003 (ผู้รับมองไม่เห็นรายการปรึกษา)
A58: ORD-004 | B58: สั่งยาแบบ Refill | C58: Pass with Condition | D58: ต้องแก้บัค และทำวิธีใช้ / เงื่อนไขให้ชัดเจน เพื่อให้ User ใช้งานได้ถูกต้อง
A59: ORD-007 | B59: สั่งยาที่ต้องมีเอกสารประกอบการสั่งยา (DUE / PA) | C59: Fail | D59: สร้างเอกสาร DUE / PA ไม่ได้
A60: ORD-011 | B60: สั่ง Lab ต้องการทราบผลภายในวัน | C60: Fail | D60: สั่ง Lab แล้วไม่เกิด Task ที่ห้อง Lab (ปัญหาเดียวกับ DX-002)
A61: ORD-013 | B61: สั่งหัตถการภายในวัน (รวม ODS) | C61: Fail | D61: สั่งหัตถการแล้วไม่มีคิว
A62: ORD-018 | B62: แก้ไข Order หลังเภสัชย้อนกลับใบยา | C62: Pass with Condition | D62: ตอนสร้างใบยาเจอ Error 500: "Failed to create OPD prescription ... medication request is not in authorised careflow step" — ใบยาสร้างได้ แต่หน้าจอไม่เปลี่ยนให้ | J62: สร้างใบยาแล้วติด Error (สามารถสร้างได้แต่ไม่เปลี่ยนหน้าให้)
A64: ข้อที่ Pass แต่มีหมายเหตุ
A65: TC ID | B65: ข้อทดสอบ | C65: สถานะ | D65: ปัญหา / บัคที่พบ (สรุป) | J65: หลักฐาน (ชื่อรูปในชีตต้นทาง)
A66: REG-001 | B66: ลงทะเบียนคนไข้ใหม่ (ยังไม่มี HN) | C66: Pass | D66: กรอกที่อยู่ปัจจุบันตาม 43 แฟ้ม บางช่องยังขึ้นสีแดง แต่บันทึกได้
A67: APT-003 | B67: เลื่อนนัดหมาย และพิมพ์บัตรนัดใหม่ | C67: Pass | D67: พิมพ์ใบนัดหมายไม่ได้ (ซ้ำ APT-001) · ปุ่มของนัดหมายที่เสร็จสิ้นแล้วไม่ enable | J67: ไม่ enable ปุ่มนัดหมายที่เสร็จสิ้นแล้ว.png
A68: APT-005 | B68: คนไข้ไม่มาตามนัด (No-show) และทำนัดใหม่ | C68: Pass | D68: พิมพ์ใบนัดหมายไม่ได้ (ซ้ำ APT-001)
A70: ข้อที่ Skip และเหตุผล
A71: TC ID | B71: ข้อทดสอบ | C71: สถานะ | D71: ปัญหา / บัคที่พบ (สรุป) | J71: หลักฐาน (ชื่อรูปในชีตต้นทาง)
A72: NUR-001 | B72: คัดกรองก่อนพบแพทย์ (V/S + ฟอร์มคัดกรอง) | C72: Skip | D72: อาจให้ พน. ทดสอบ หรือทำรอบหน้า (รออัพเดท Form ใหม่)
A73: NUR-002 | B73: เปิด Pre-assessment form จากหน้าคำขอ Walk-in (SBH-2699) | C73: Skip | D73: อาจให้ พน. ทดสอบ หรือทำรอบหน้า (รออัพเดท Form ใหม่)
A74: NUR-004 | B74: บันทึกประวัติการแพ้ยา | C74: Skip | D74: อาจให้ พน. ทดสอบ หรือทำรอบหน้า (รออัพเดท Form ใหม่)
A75: NUR-005 | B75: เช็คสถานะผล Lab / IMG ก่อนส่งเข้าห้องตรวจ | C75: Skip | D75: ซ้ำกับข้อ DX-002 ดูผล Lab / IMG แล้วสรุปการรักษา
A76: DX-001 | B76: เรียกคิว ลง OPD Note + Diagnosis และกดตรวจเสร็จ | C76: Skip | D76: อาจให้ พน. ทดสอบ หรือทำรอบหน้า (รออัพเดท Form ใหม่)
A77: DX-008 | B77: ตรวจสอบยาเดิม (Med reconcile) และระบุยาที่ใช้ต่อ / หยุด | C77: Skip | D77: ซ้ำกับข้ออื่น (Dup)
A78: ORD-005 | B78: สั่งยา Compound (ยาผสม) | C78: Skip | D78: รอทดสอบหลัง Master Data เสร็จ
A79: ORD-006 | B79: สั่งยานอกบัญชียาหลัก หรือยาประเภทอื่นๆ (A-F) | C79: Skip | D79: รอพูดคุยกับคนทำใบยานอกบัญชีเนื่องจากของเก่าดูครอบคุมมากกว่าอาจต้องหารือเพิ่มเติม (มีรูป: ใบยานอกบัญชีแสดงไม่ถูกต้อง) | J79: ใบยานอกบัญชีแสดงไม่ถูกต้อง.png
A80: ORD-008 | B80: CDSS แจ้งเตือน (แพ้ยา / ยาซ้ำ / Interaction) | C80: Skip | D80: รอแก้ไข CDSS
A81: ORD-010 | B81: สั่งการรักษาผ่าน Order Set (SBH-2529) | C81: Skip | D81: ไม่ได้ระบุเหตุผล
A82: ORD-012 | B82: สั่ง IMG ต้องการทราบผลภายในวัน | C82: Skip | D82: หน้า Result ยังพิมพ์เอกสารไม่ได้ รอนัดคุยกับ มน.
A83: ORD-014 | B83: สั่งหัตถการล่วงหน้า (วันอื่น รวม ODS) | C83: Skip | D83: Flow ยังไม่เคลียร์ รอคุยกับพี่เบส
A84: ORD-015 | B84: พยาบาลสั่ง Order แทนแพทย์ (รคส.) | C84: Skip | D84: ซ้ำกับข้ออื่น (Dup)
A86: ยังไม่ทดสอบ 75 ข้อ: DX-007 (ดูข้อมูลใบส่งตัว Refer เข้า) และทุกข้อในหมวด LAB, IMG, ACT, DOC, DC, ADM, PHA, CSH, CLM

Sheet Bug list (OPDBIzSim)
A1: No. | B1: Title Bug | C1: Module/Page | D1: Type Issue | E1: Priority | F1: Status | G1: Card | H1: DEV Status | I1: QA Status | J1: Assign | K1: หมายเหตุ
A2: 1 | B2: (Pre-Assessment) Paint Scroe ตกขอบ | C2: OPD/Pre-Assessment | D2: Bug | E2: Low | F2: No Pass | K2: Test EMR - ไม่ใช้ของเก่า - ภูทำเสร็จน่าจะหาย
A3: 2 | B3: (OPD Note) บันทึกแล้วไม่ Save ให้ หรือ ช้า | C3: OPD Note | D3: Bug | E3: High | F3: No Pass | K3: Test EMR - ไม่ใช้ของเก่า / Set default view
A4: 3 | B4: สั่งยา แต่ขึ้นเป็นหมวด Procedure ในเอกสารนัดหมาย | C4: Appointment/เอกสารนัดหมาย | D4: Bug | E4: High | F4: No Pass | G4: SBH-1547 [Bug] [EMR] ใบนัดภาษาไทยดึงข้อมูลไม่ครบ / ผิดประเภท | K4: wait recheck ตอนขึ้น sync main
A5: 4 | B5: ไม่สามารถปริ้นบัตรคิวห้องยาได้ {"error":{"class":"NotFound","message":"print template not found"}} | C5: Section Discharge/ OPD Note | D5: Config | E5: Low | F5: No Pass | J5: Kim
A6: 5 | B6: ไม่สามารถ Discharge ได้ "message": "ErrSomeProductIsNotFound", | C6: Section Discharge/ OPD Note | D6: Config | E6: Low | F6: Pass | K6: สร้างสามารถ Discharge ได้แล้ว
A7: 6 | B7: ขาดรวมปุ่ม ปริ้นเอกสารต่างๆ (เอกสารผูกกับ Visit) | C7: Section Discharge/ OPD Note | D7: Improvement | E7: High | F7: No Pass | G7: SBH-1732 [OPD][Pharmacy] เพิ่มปุ่ม/จุด Print ใบ Refill ยา (ปัจจุบันและย้อนหลัง) | J7: Pooh | K7: ทำรวมกับการ์ดเอกสาร Refill เพราะเป็น หนึ่งในเอกสารที่พยาบาลควรกินได้จากการ DC คนไข้ // เอกสารที่ inscope มี template หมดยัง
A8: 7 | B8: ไม่สามารถชำระได้เนื่องจากไม่มี Queue การเงิน (ไม่มีให้ปริ้นคิวที่ Discharge และไม่มีรายการคนไข้ชำระเงินที่ห้องการงาน) | C8: Discharge, รายการคิว | D8: Bug | E8: Low | F8: No Pass | K8: มีคิวแล้วแต่ชื่อคิวเป็น NUH ต้องแก้ไขเพิ่ม
A9: 8 | B9: ไม่สามารถสร้าง Order Imaging วันอื่นๆ ได้ | C9: CPOE/ Imaging | D9: Bug | E9: High | F9: Pass | K9: Retest แล้วสามารถใช้งานได้ทั้งบน Prod และ Dev-X | L9: #VALUE!
A10: 9 | B10: ยังไม่มีใบนำทาง | C10: Register / จัดการ Visit | D10: Improvement | E10: High | F10: No Pass | G10: https://linear.app/cortexcloud/issue/SBH-2360/registration-opd-ใบนำทาง-form-for-sbh-and-improvement | H10: Done | J10: Pooh | K10: Dev-X มีแต่บน Prod ไม่มี (ปุ่มบน Prod เป็นพิมพ์คิวทั้งหมด)
A11: 10 | B11: Lab มีรายการนัดหมายแต่ไม่สามารถทำอะไรต่อได้ | C11: Lab / นัดหมาย | D11: Improvement | E11: High | F11: No Pass | G11: [Lab] Re-Structure ตอนรับออเดอร์ (นัดหมายล่วงหน้า)](https://linear.app/cortexcloud/issue/NUH-2435/lab-re-structure-ตอนรบออเดอร-นดหมายลวงหนา) | K11: ** Retest ** // Nita ตั้ง Meet Discuss 1/10/26 // น่าจะเสร็จ 16/10 แอคชั่น+ธาดา
A12: 11 | B12: X-Ray ไม่มีรายการขึ้นที่ห้องปฏิบัติการ ในกรณีที่เพิ่ม Order ผ่าน Appointment | C12: รังสี / นัดหมาย | D12: Improvement | E12: High | F12: No Pass | G12: depend on [Lab] Re-Structure ตอนรับออเดอร์ (นัดหมายล่วงหน้า)](https://linear.app/cortexcloud/issue/NUH-2435/lab-re-structure-ตอนรบออเดอร-นดหมายลวงหนา) ที่ต้องแก้ในลักษณะเดียวกัน | K12: ** Retest ** // follow up จารย์ค้อป
A13: 12 | B13: Lab ไม่สามารถส่งผลกลับมาได้ (Save Result แล้วขึ้น Error) "class": "InternalServerError", "message": "failed to process lab task result" | C13: Lab / รายละเอียด Lab Task | D13: Bug | E13: Urgent | F13: No Pass | K13: Dev-x สาารถทำได้แต่ Prod ยังไม่สามารถทำได้
A14: 13 | B14: ไม่สามารถพิมพ์ใบคำสั่ง Imaging/ Activity ได้ "class": "ServiceUnavailable", - "message": "imaging order document template is unavailable: record not found" | C14: CPOE / Order | D14: Bug | E14: High | F14: No Pass | K14: ไม่มี Template >> Dev - X มีไหม
A15: 14 | B15: ไม่สามารถปริ้นป้ายติด Speciment ได้ {"error":{"class":"NotFound","message":"print template not found"}} | C15: Lab / รอเก็บ | D15: Bug | E15: Low | F15: No Pass | J15: Kim | K15: ไม่มี Template
A16: 15 | B16: ไม่สามารถพิมพ์ใบยิมยอมได้ไม่มี Template | C16: Imaging / รายละเอียดรังสี | D16: Config | E16: Low | F16: No Pass | J16: Kim | K16: ไม่มี Template
A17: 16 | B17: แพทย์ ไม่สามารถพิมพ์ สรุป ได้ (หน้า OPD Summary) "class": "IllegalArgumentException", "message": "Template not found: tmh_opd_summary", "detail": "INVALID_REQUEST" | C17: ประวัติการรักษา / OPD Summary | D17: Bug | E17: Low | F17: No Pass | K17: Retest แล้ว Dev-X มีแต่บน Prod มีแล้วแต่ Format ยังไม่ถูกต้อง // Retest อีกครั้งแล้วคุยกับเตชิน
A18: 17 | B18: ไม่สามารถพิมพ์ใบสรุปใบให้คำปรึกษาได้ (ไม่มี Template) | C18: Consult / รับ/ส่ง | D18: Bug | E18: Low | F18: Pass | K18: มี Template บน Prod แล้ว Retest
A19: 18 | B19: ไม่สามารถพิมพ์ฟอร์มตอบกลับการให้คำปรึกษา (ไม่มี Template) | C19: Consult / รับ/ส่ง | D19: Bug | E19: Low | F19: Pass | J19: Kim | K19: มี Template บน Prod แล้ว
A20: 19 | B20: ไม่สามารถพิมพ์ OPD Slip (ไม่มี Template) - น่าจะหาย | C20: Consult / รับ/ส่ง | D20: Bug | E20: Low | F20: Pass | J20: Kim | K20: มี Template บน Prod แล้ว
A21: 20 | B21: ต้อง Mapping คำศัพท์เพิ่มเติม | C21: Cashier | D21: Data Config | E21: Low | F21: No Pass
A22: 21 | B22: ยังไม่สามารถพิมพ์ฉลากยาได้ | C22: ห้องยา / Prescription | D22: Data Config | E22: Low | F22: No Pass | G22: [SBH-2374: [Bug] [ Pharmacy ] Sticker ยาภาษาไทย] | K22: Retest แล้ว Prod มียังไม่มี Template
A23: 22 | B23: ยังไม่สามารถพิมพ์ฉลากยาได้ ที่กำหนดจำนวนเป็น "0" ได้ | C23: ห้องยา / Prescription | D23: Improvement | E23: Medium | F23: No Pass | G23: SBH-2372 [Pharmacy] ยังไม่สามารถพิมพ์ฉลากยา/ใบยาได้ ที่กำหนดจำนวนเป็น "0" ได้ | H23: Done | I23: Pending | J23: Pooh | K23: เสร็จแล้วรอ Test
A24: 23 | B24: ยังไม่มีฉลากยา ภาษาอังกฤษ | C24: ห้องยา / Prescription | D24: Improvement | E24: Medium | F24: No Pass | G24: รอเปิดการ์ด | K24: Retest แล้ว Prod ไม่มียังไม่มี Template
A25: 24 | B25: ยังไม่มีใบส่งไปรษณีย์ ภาษาอังกฤษ | C25: ห้องยา / Prescription | D25: Improvement | E25: Medium | F25: No Pass | G25: รอเปิดการ์ด | K25: Retest แล้ว Prod ไม่มียังไม่มี Template // เท่าที่ทราบมี Table แต่ไม่ Complete
A26: 25 | B26: ในกรณีที่ใบยาแรกเป็น Stat พบว่าเมื่อมีการสร้างใบยามากกว่า 1 ใบ รายการที่ 2 จะไม่แสดงเลขคิว | C26: ห้องยา / Prescription | D26: Bug | E26: High | F26: No Pass | H26: Done | I26: Done | J26: Pooh | K26: Retest แล้วหายแล้ว
A27: 26 | B27: หัตถการไม่สามารถสั่ง วันอื่นๆ ได้ (ติดในส่วนเลือกตารางหัตถการ) | C27: ห้้องยา / ใบยารอจัด | D27: Bug | E27: High | F27: No Pass
A28: 27 | B28: เอกสารเมื่อกด Preview แล้วจะปริ้นพบว่า หน้า Print ขาว (เคยแก้ไขแล้ว) | C28: เอกสาร / Preview Print | D28: Bug | E28: Medium | F28: No Pass | J28: Kim | K28: workaround → save locally and print
A29: 28 | B29: ในกรณีที่ลบรายการหัตถการออกจากหน้า Order พบว่า ICD9 ไม่หายไปและ Section ICD9 ไม่หายไป | C29: CPOE / Order | D29: Bug | E29: High | F29: No Pass | G29: SBH-2534 [Bug][CPOE][Order] - Section ICD9 ไม่หายไปเมื่อมีการยกเลิกรายการ Activity | J29: Pooh | L29: #VALUE!
A30: 29 | B30: ปรับ Route การเข้า Pre-assessment form จากหน้า คำขอ Walk-in | C30: รายการผู้ป่วยนอก/ Walk-in | D30: Bug | E30: Low | F30: No Pass | G30: SBH-2699 [EMR] [Pre-assessment] ปรับ Route การเข้า Pre-assessment form จากหน้า คำขอ Walk-in | J30: Pooh | K30: หายแล้ว / retest on prod. by Best // *** ต้องไปแก้ UI EMR อยู่ดี | L30: #VALUE!
A31: 30 | B31: Check in OR ไม่ได้ >> ติด QUEUE | D31: Bug | E31: Low | F31: No Pass | K31: ** ติด Config หรือเปล่า Dev-X ไม่เปน
A32: 31 | B32: Pre-OP / Post-OP ติด Default ชื่อแพทย์ พยาบาล | D32: Bug | E32: Low | F32: No Pass | K32: ** เชค Dev-X **
A33: 32 | B33: เอกสาร นัดหมายขาดสถานทีให้บริการ (เคสคนไข้ไม่พบแพทย์แต่ทำนัดหมายแทน) | D33: Bug | E33: Low | F33: No Pass
A34: 33 | B34: ติดปัญหาไม่สามารถเปิด Visit คนไข้ไปห้องหัตการโดยไม่พบแพทย์ได้ | D34: Config | E34: High | F34: No Pass | K34: เช็คต่อที่ Dev-X // workaround - แอดแพทย์ = ไม่ระบุแพทย์ / หมออื่นถ้าอนุญาต
A35: 34 | B35: Imaging ที่มาจากนัดหมายไม่ไปแสดงที่รอเช็คอิน | D35: Bug | E35: High | F35: No Pass | K35: Retest แล้วบน Dev-X สามารถใช้งานได้แต่บน Prod ไม่สามารถใช้งานได้ // Owner น่าจะจารย์ค้อป
A36: 35 | B36: ไม่สามารถบันทึกหัตถการได้ | D36: Bug | E36: High | F36: No Pass | K36: Retest แล้วติดบัค เป็นทั้ง Dev-X และ Prod
A37: 36 | B37: QUEUE | D37: Improvement | E37: High | G37: SBH-2233:[OPD] [Queue] Queue Improvement | J37: Frame | K37: 5 MD -> BA = P'mod , Bess
A38: 37 | B38: Task + Bug ด้านบนเพื่อ E2E
A39: 38 | B39: Migration ต่อ จาก Integration | J39: Frame/Mod
A40: 39 | B40: Intergation | J40: Frame
A41: 40 | B41: -RAX +/- ขึ้น E2E ทันไหม | J41: Frame
A42: 41 | B42: - GEM Lap Micro / - | J42: Frame | K42: Vap บอกน่า จะเสร็จ ปลายเดือนหน้า
A43: 42 | B43: -Blood Bank + มี Timeline | J43: Frame
A44: 43 | B44: -Hivent | D44: Improvement | E44: High | G44: SBH-1153: \[Inventory\]\[Integration With SSB\] implement api สำหรับ integrate กับระบบ SSB ] | J44: Frame/Tada
A45: 44 | B45: -JF X-Ray | J45: Frame
A46: 45 | B46: Drug Refill | D46: Improvement | E46: High | H46: Done | I46: Pending | J46: Pooh | K46: Ver 2.80 เสร็จวันอังคาร
A47: 46 | B47: Compound | D47: Improvement | E47: High | J47: Por | K47: Ver 2.90 , kick off form BA team 29 Sep
A48: 47 | B48: Masterdata | E48: High | J48: SBH Team | K48: 19-22/10/2569 >> ที่ ENV. UAT
A49: 48 | B49: CDSS | D49: Improvement | E49: High | K49: เตชินไม่มี / แอคชั่นจะส่งทีเดียวตอน Golive / ของเราทำ 3 อันหลัก
A50: 49 | B50: Syntax | D50: Improvement | E50: High | K50: แอคชั่นส่งที่เดียวตอน Golive และไม่ใช้ Syntax // Plan Dev ซักคนทำ - เฟรมดึง data
A51: 50 | B51: Order Set | D51: Improvement | E51: High | G51: SBH-2529 [OPD][order set] - Refactor Order set | J51: Frame/Techin
A52: 51
A53: 52 | B53: พิมพ์ใบนำทางไม่ได้ (Format ไม่ตรง)
A54: 53
A55: 54
A56: 55
A57: 56
A58: 57
A59: 58
A60: 59
A61: 60
A62: 60
A63: 61
A64: 62
A65: 63
... A114: 112

Sheet Bizsim Cut-off
A1: Feature group/Module | B1: in-scope | C1: push to before go live | D1: Start (Dev) | E1: End (Dev) | F1: planned test date | G1: Detail | H1: Owner/Assignee | I1: Status (Dev) | J1: Status (Test)
A2: Masterdata | B2: as planned | D2: 46296 | E2: 46317 | H2: Team | I2: In progress
A3: CDSS | B3: Drug allergy | C3: other CDSS | D3: 46296 | E3: 46317 | H3: Mod + Por | I3: In progress
B4: Drug duplication | C4: other CDSS | D4: 46296 | E4: 46317 | H4: Mod + Por | I4: In progress
B5: Drug interaction | C5: other CDSS | D5: 46296 | E5: 46317 | H5: Mod + Por | I5: In progress
A6: Syntax | B6: as planned | D6: 46296 | E6: 46317 | H6: Best + Frame | I6: In progress
A7: Order Set | B7: as planned | D7: 46315 | E7: 46317 | F7: 46321 | H7: Pooh | I7: In progress
A8: ฉลากยาภาษาไทย | B8: Full | D8: 46315 | E8: 46317 | F8: 46321 | H8: Pooh | I8: In progress
A9: ฉลากยาภาษาอังกฤษ | B9: Partial พบระบบการแปล และ มีคำแปลภาษาอังกฤษใน Table | C9: กฎการแปลอาจยังไม่มีคำแปล สวยงาม/สมบูรณ์ | D9: 46315 | E9: 46317 | F9: 46321 | H9: Pooh | I9: In progress
A10: Queue | B10: ระบบของคิวไปยังจุดบริการต่างๆ และ ใบนำทาง | D10: 46307 | E10: 46314 | F10: 46321 | H10: Fame | I10: In progress
A11: Refill | B11: Full | F11: 46321 | H11: Pooh | I11: Done | J11: Pending
A12: Compound | B12: 3 แกนหลัก | C12: Render ชื่อยา/Label Compound | D12: 46296 | E12: 46317 | F12: 46321 | I12: In progress
A13: EMR form | B13: OPD note and Pre-as via EMR | D13: 46307 | E13: 46317 | F13: 46321 | H13: Pooh | I13: In progress
A14: Activity | B14: การบันทึกข้อมูล | C14: Queue | D14: 46321 | G14: แนะนำหน้างานใช้ Queue กระดาษไปก่อน | H14: Dev | I14: Pending
B15: Sync การบันทึกจาก App หัตถการ กับ Left Panel | D15: 46321 | H15: Dev | I15: Pending
B16: Location (Master data) | D16: 46321 | H16: Dev | I16: Pending
A17: Bug E2E | B17: TH SBH-2374 [Bug] [ Pharmacy ] Sticker ยาภาษาไทยหายไปจาก SBH PRD | D17: 46314 | E17: 46317 | F17: 46321 | H17: Pooh | I17: Pending
B18: EN SBH-1309 [Pharmacy] ฉลากยาภาษาอังกฤษ | D18: 46314 | E18: 46317 | F18: 46321 | H18: Pooh | I18: Pending
B19: Order set SBH-2529 [ Bug ][OPD][order set] - Refactor Order set | D19: 46314 | E19: 46317 | F19: 46321 | H19: Pooh | I19: Pending
B20: SBH-2758 [EMR] จุด Print เอกสารรวม ณ จุด Discharge ผู้ป่วยโดยพยาบาล | D20: 46314 | E20: 46317 | F20: 46321 | H20: Pooh | I20: Pending
B21: SBH-2699 [EMR] [Pre-assessment] ปรับ Route การเข้า Pre-assessment form จากหน้า คำขอ Walk-in | D21: 46314 | E21: 46317 | F21: 46321 | H21: Pooh | I21: Pending
B22: SBH-2534 [Bug][CPOE][Order] - Section ICD9 ไม่หายไปเมื่อมีการยกเลิกรายการ Activity | D22: 46314 | E22: 46317 | F22: 46321 | H22: Pooh | I22: Pending
A23: ไล่ Template | D23: 46321 | E23: 46323 | F23: 46324 | H23: Kim | I23: Pending
A24: Main ER feature testing by QA | D24: 46314 | F24: 46314 | H24: Jame + Ne | I24: In progress
A25: Main OPD feature testing by QA | D25: 46314 | F25: 46314 | H25: Jame + Ne | I25: In progress
A26: Run E2E | D26: 46321 | H26: Team | I26: Pending

Sheet Bug list & รายการติดตาม(เก่า)
A1: No. | B1: Bug List | C1: Result
A2: 1 | B2: เปิด pre assesment ไม่ได้ | C2: แก้แล้ว
A3: 2 | B3: บันทึก pre assesment ไม่ได้
A4: 3 | B4: ยังไม่มี Retrive OPD Note
A5: 4 | B5: order img ไม่ได้
A6: 5 | B6: order lab ไม่ได้
A7: 6 | B7: สั่งหัตถการ ไม่ได้อาจจะเกิดจาก master
A8: 7 | B8: ค่า DF 0บาท จะเป็นบัค
A9: 8 | B9: ส่ง order เป็น 0 ไม่ได้
A10: 9 | B10: ปุ่มลบรายการที่ 2 แต่รายการที่ 1 ไม่มี
A11: 10 | B11: admit request ใช้ไม่ได้ ให้ใช้ admite order แทนนน
A12: 11 | B12: เมื่อเลือก section ใหม่แล้วควรจะ defult แสดงที่ section นั้นๆ เช่น ต้องการเพิ่ม consult tab ตรงกลางควรแสดง section consult เลย | C12: เปิดการ์ดเพิ่ม
A13: 12 | B13: หน้า walk-in request ตรงช่องลงตารางควรแบ่งแยกเป็น วันนี้ กับ นัดหมายครั้งถัดไป -- ปัจจุบันสามารถสามารถเลือกได้แค่วันนั้นที่คนไข้มารับบริการเท่านั้น ถ้าคนไข้ไม่ได้ตรวจในวันควรมีหน้าทำนัดครั้งต่อไปได้เลย | C13: เปิดการ์ดเพิ่ม
A14: 13 | B14: discharge summary | C14: รอติดตามวันจันทร์ แต่เขียน test case เท่าที่มีไปก่อน | D14: แก้ diag เพิ่มปริ้นท์ นัดหมาย คิว เอกสาร
A15: 14
A16: 15
A17: 16
A18: 17
A19: 18
A20: 19
A21: 20
A22: 21
A23: 22
A24: 23
A25: 24
A26: 25
... A114: 113

Sheet CDSS only
A1: Case_id | B1: Use case Scenario | C1: Test case ID | D1: Test Step | E1: Status test | H1: Details
A2: Case_id | B2: Use case Scenario | C2: Test case ID | D2: Test Step | E2: Pass | F2: Fail | G2: N/A
A3: OPD-00X | B3: CPOE
B4: CDSS testing | H4: https://docs.google.com/document/d/1CAEvKbEtSDWCjELiigJ7vS2jZ2z2rX35/edit
B5: การตั้งครรภ์ Pregnancy | D5: will test with 1. Simvastatin x Pregnancy : for Cat.X 2. Tramadol x Pregnancy : for Cat.C
B6: การให้นมบุตร Lactation | D6: will test with isotretinoin x lacatation
B7: ปรับขนาดยาตามค่าไต Renal | D7: will test with amoxicillin x kidney patient
B8: ปรับขนาดยาตามค่าตับ Hepatic | D8: will test with methotrexate
B9: ความเสี่ยงต่อการหกล้ม Fall Risk | D9: will test with Alprazolam
B10: ขนาดยาเด็ก Prediatric
B11: MKdose | D11: will test with paracetamol/ibuprofen syrup
B12: MKday | D12: will test with Cefixime/Clindamycin
B13: ยาที่มีความเสี่ยงสูง High Alert Drug | D13: will test with methotrexate
B14: ยาเสพติด Additive Drug | D14: will test with Morphine tablet
B15: ยาวัตุออกฤทธิ์ต่อจิตประสาท Psychotrotic Substance | D15: will test with Alprazolam
B16: เภสัชพันธุ์ศาสตร์ Pharmacogenomics | D16: will test with Carbamazepine x HLA-B*15:02 positive
B17: ขนาดยาสูงสุด/ต่ำสุด Dose Range | D17: will test with paracetamol
B18: Warfarin (ยาในกลุ่มต้านการแข็งตัวของเลือด) | D18: what's needed to show?
B19: Interactions with underlying desease | D19: will test with Asthma x Bisopolol
B20: Interactions with gender | D20: will test with finasteride x female // OCPs in males
B21: Interactions with age | D21: will test with FQs in patients < 18 yo
B22: Drug Duplicate | D22: will test with paracetamol x norgesic ibuprofen x diclofenac
B23: Drug Interaction | D23: will test with Fluconazole and simvastatin
B24: Medication related data records
B25: Naranjo | D25: test record validity
B26: Drug Allergy/Side effect | D26: test record validity
B27: Med reconcile | D27: test record validity
B28: Order types
B29: Monthly_calendar | D29: vitamin D
B30: titration/interval order | D30: under development
B31: variable dose over frequency | D31: under development

Sheet Sheet2

Sheet Sheet1

Sheet List Mock up data
A1: No. | B1: Case Mock up | C1: Note | G1: Feature | H1: role_permission_name
A2: 1 | B2: mock up imagin | G2: menu ประวัติการรักษา | H2: menu:patient:medical-record-history
A3: 2 | B3: mock up Lab | G3: menu document
A4: 3 | B4: ข้อมูลคัดกรองรพ. | C4: ทั้งตัวที่เป็นสีฟ้าและตัวที่เป็นสีเขียว (ตอนนี้บันทึกตัวคัดกรองไม่ได้) | G4: allergy
A5: 4 | B5: Mock การ visit ต่างๆ | C5: ให้หลากหลายจะได้เห็นหลายๆ case
A6: 5 | B6: Mock คนไข้ | C6: ตั้งแต่เริ่มจนจบ ให้มีการสั่งยาด้วย เพราะต้องใช้ remed
A7: 6 | B7: Mock case แพ้ยา | C7: mock การแพ้ยา (แดง ส้ม เทา) -> ถ้าติ๊กปฏิเสธแพ้ยาแล้วไม่รีเฟรชหน้าต่างจะไม่ขึ้นให้
A8: 7 | B8: Mock case U/D | C8: mock U/D
A9: 8 | B9: Mock form OPD Note Med | C9: List มาว่าฟอร์มอะไรบ้าง
A10: 9 | B10: Mock up 1 userแพทย์ ต่อคนไข้ 1-2 คน
A11: 10 | B11: เอกสารรายการยาที่สามารถสั่งได้ในระบบ | C11: จัดเตรียมเป็นเอกสาร print แนบ test case
A12: 11 | B12: mock up dr fee
A13: 12 | B13: mock up ประวัติการสั่งยา
A14: 13 | B14: mock up ใบรับรองแพทย์
A15: 14 | B15: mock up ประวัติการสั่งยา | C15: รายละเอียดการ mock up ประวัติการรักษา โรคของคนไข้ shift complain diagnostic ยาที่สอดคล้องกับโรค **หมายเหตุ ขอไม่เกิน 5 โรคต่อ 1 HN
A16: 15
A17: 16
A18: 17
A19: 18
A20: 19
A21: 20

Sheet Document
A1: No. | B1: Doc | C1: Status
B2: Test case
B3: Data for test
B4: รายชื่อ

Sheet feedback
A1: no. | B1: วันที่ | C1: ชื่อ | D1: ตำแหน่ง | E1: คลินิก | F1: Module | G1: Feature group | H1: รายละเอียด feedback | I1: prority | J1: Type | K1: หมายเหตุ
A2: 1 | B2: 46156 | C2: พี่จิม พี่ยุ้ย | D2: IT | G2: LAB | H2: ตัว SBH ปัจจุบันสามารถทำ Link ตัวรูป X-ray ตัว cortex จะมีเมื่อไหร่? | I2: High | J2: Improvement | K2: มีีปุ่มรองรับแล้ว ขาดการเชื่อมกับ PACS - ของสระบุรีกรุณาต่อไปที่ Intranet เนื่องจากเขารวมไว้หลายเครื่อง
A3: 2 | C3: พี่จิม พี่ยุ้ย | G3: IMG | H3: case: HN6903210 ส่วนของ Imaging result ผล x-ray บางส่วนขาดตัว sumary กับ detail ไม่มาด้วย | I3: High | J3: Improvement | K3: โต๊ะบอกว่าหน้า Result ต้องมีการ Improve อยู่แล้ว แต่จะเป็นท่าส่งผลมาเป็น HTML ล้วน หรือเป็น Fill ยังไม่สรุป
A4: 3 | C4: พี่จิม พี่ยุ้ย | G4: LAB | H4: ส่วนการดูข้อมูลผล Lab result: ตัวหนังสือมีตัดตกทำให้คำอ่านขาด เช่น หมายเหตุ เป็น หมา-(เป็นบรรทุด1) ยเหตุ(เป็นบรรทัด2) | I4: Medium | J4: Improvement | K4: Mock up data ใหม่ ให้ข้อมูลคมกว่านี้
A5: 4 | C5: พี่จิม พี่ยุ้ย | G5: LAB | H5: หน้า Lab result ในส่วนช่อง search ตัวประเภท Lab เคยที่ส่งตรวจ อนาคตอยากให้กรองได้ตามประเภทของ Lab (ตัว search ปัจจุบันเหมือนจะให้ search เป็นรหัสทำ Lab เลยไม่แน่ใจ Logic ว่า search โดยใช้อะไร) | K5: Order ID ต้องตรงกับ Result ID ถึงจะ fillter ได้
A6: 5 | C6: พี่จิม พี่ยุ้ย | G6: V/S | H6: กรณี V/S หากคนไข้ใช้เครื่อง เครื่องจะสามารถเชื่อมต่อผลกับตัวโปรแกรมได้ไหม (ต่อเอาไว้รึยัง พี่จิมแจ้งว่าเอิร์ธเคยคุยเรื่องต่อเอาไว้แล้ว) | I6: High | J6: Improvement | K6: ต่อแล้ว labotron
A7: 6 | C7: พี่จิม พี่ยุ้ย | G7: Pre assessment | H7: กรณีกดฟอร์มคัดกรองซ้ายมือ ถ้ามีไว้ดูอย่างเดียวแล้วไม่ได้แก้ไขทำไมถึงมีปุ่มเซฟขวาบนกันนะ แล้วแบบนั้นจะแตกต่างจากทางขวามือยังไง | I7: Low | J7: Improvement | K7: แยก view กับ input
A8: 7 | C8: พี่จิม พี่ยุ้ย | G8: Pre assessment | H8: ส่วน GCS (เช่น ลืมตาไม่ลืมตา) ควรจะไม่เลือกได้ แต่ปัจจุบันกดเลือกคือต้องเลือกอันใดอันหนึ่ง ไม่เลือกไม่ได้ | I8: High | J8: BUG | K8: ต้องสามารถยกเลิก ตัวเลือกที่เลือกไว้ได้
A9: 8 | C9: พี่จิม พี่ยุ้ย | G9: Pre assessment | H9: กดหน้าประวัติการรักษา แล้วหน้าฟอร์มคัดกรองหายไป | I9: Urgent | J9: BUG | K9: Bug | L9: แท็บฟอร์มคัดกรองหายไป เมื่อกดแท็บOPD Note
A10: 9 | C10: พี่จิม พี่ยุ้ย | G10: ประวัติการรักษา | H10: ในส่วนหน้าประวัติการรักษา ปรกติจะมีเรียงกันเป็น คลินิก ชื่อแพทย์ EN แต่ถ้ากดซ้ำๆ จะเหลือแค่ VN (อาจจะบัคเรื่องการยิงข้อมูลไหมนะ) | J10: BUG | L10: ลองสร้างVisitและAssigne walkin ผ่านAPIและผ่านFE เพื่อเช็คความแตกต่าง ว่าpractitionerจะขึ้นไหม
A11: 10 | C11: พี่จิม พี่ยุ้ย | H11: ส่วนของการสั่ง Lab มีดักไว้ไหมว่าห้ามสั่งซ้ำภายใน xx นาที | I11: Medium | J11: Improvement | K11: ไม่มี
A12: 11 | C12: พี่จิม พี่ยุ้ย | G12: Order Med | H12: ส่วนของการสั่งยา ถ้ามีนัดทำนัดเรียบร้อย ตอนสั่งยาแล้วใส่วิธีการใช้แล้วพอกดที่จำนวนเม็ดสำหรับยาบางตัวระบบยังไม่คำนวณจำนวนเม็ดที่จะต้องสั่งให้ | I12: High | J12: BUG | K12: Bug | L12: อาจเกิดจากDataที่ไม่setให้Auto cal
A13: 12 | C13: พี่จิม พี่ยุ้ย | H13: ส่วน แบบฟอร์มอนุมัติใช้ยานอกบัญชียาหลักแห่งชาติ ส่วนติ๊กสิทธิ Bug ติ๊กแล้วติ๊กเลยเอาออกไม่ได้ ในส่วนนี้ถ้าแพทย์ยังไม่ได้กรอกเด้งเตือนได้ไหม เพราะตอนนี้ต่อให้ไม่กรอกส่วนนี้ก็สั่งยาได้เลย ในเอกสารที่กรอกตัวสิทธิควรดึงสิทธิหลักในระบบมาเลย ปัจจุบันยังต้องกรอกเอง | K13: ติ๊กแล้วยกเลิกไม่ได้ - redirec ไปยัง session ที่มีปัญหา - prefill ข้อมูลใน form
A14: 13 | C14: พี่จิม พี่ยุ้ย | H14: กรณีแจ้งเตือนสั่งยาซ้ำ และสั่งยาคู่ปฏิกิริยา ถ้าใส่ยาซ้ำไปสองรอบ(โดยใส่เหตุผลและยืนยันสั่ง) หลังจากนั้นถ้าสั่งยาคู่ปฏิกิริยา ในหน้าเตือน Alert จะขึ้นสัญลักษณ์แค่ตัวเดียว (ยาที่ซ้ำอีกตัวจะไม่ขึ้นเตือนยาคู่ปฏิกิริยา(I) แล้วถึงลบยาที่ซ้ำตัวแรกไปยาที่เหลือก็ไม่ขึ้นเตือนยาคู่ปฏิกิริยาอยู่ดี) | K14: bug
A15: 14 | B15: 46156 | C15: อ.ชานนท์ | H15: หน้าผลแล็บแบบรายการขอเป็นชื่อกลุ่มแล็บ (เสิรชเป็นตัวแต่มีฟิลเตอร์เป็นกลุ่ม) | I15: Urgent | J15: Improvement
A16: 15 | B16: 46156 | C16: อ.ชานนท์ | H16: ขอผล Lab แบบเป็นกราฟ | I16: Medium | J16: Improvement
A17: 16 | B17: 46156 | C17: อ.ชานนท์ | H17: CBC เป็น Hemato | I17: Urgent | J17: Masterdata
A18: 17 | B18: 46156 | C18: อ.ชานนท์ | H18: ผล Lab นอก เป็นห้อง Lab เป็นคนใส่ ซึ่งจะใส่ในหน้า Lab task list อ.ชานนท์แนะนำว่า ให้หมอแนบเอกสารทิ้งไว้แล้วให้ห้อง LAB คีย์กรอกผลเอาเอง | I18: Low | J18: Improvement
A19: 18 | G19: Allergy | H19: Userแพทย์และพยาบาล ลงแพ้ยาบัก ไม่ได้ (Error FORBIDE) | I19: Urgent | J19: BUG | K19: https://linear.app/cortexcloud/issue/SBH-353/bugopd-patient-info-เพมขอมลผปวยไมได-ud-maternal-status
A20: 19 | G20: นัดหมาย | H20: นัดหมายในหน้าคนไข้บัก submit ไม่ได้ แต่ในหน้าตารางแพทย์สามารถทำได้ | I20: Urgent | J20: BUG
A21: 20 | G21: Order Lab | H21: Item ใน Lab Result ต้องสอดคล้อง กับ Order ซึ่งเข้าใจได้ว่า LIS ต้องส่งข้อมูลกลับมา ทั้งนี้เขาต้องส่งรหัส order กลัยมาด้วยเพื่อใช้ในการ Search LAB | I21: High | J21: BUG
A22: 21 | G22: นัดหมาย | H22: จำนวนนัดถูกเลื่อนไม่ตรงกับที่ pop up แจ้ง | I22: Medium | J22: BUG
A23: 22 | B23: 46156 | C23: อ.ชานนท์ | G23: Pre assessment | H23: ขอ Time Stamped Virtal Sign | I23: High | J23: BUG
A24: 23 | B24: 46156 | C24: อ.ชานนท์ | H24: Virtal Sign ที่ระบุไปแล้วใส่บอกว่าอันนี้มาจากเครื่อง หรือ Manual กรอก | I24: Medium | J24: Improvement
A25: 24 | B25: 46156 | C25: อ.ชานนท์ | H25: Pain Score ถือเป็น Virtal Sign ตัวที่ 5 เพิ่มทุกครั้งที่เพิ่ม Virtal Sign | I25: Low | J25: Improvement
A26: 25 | H26: แนวโน้ม BP และ น้ำหนักเป็นกราฟ ในระยะเวลา 1 ปี และผูกเป็น Visit ในการดูประวัติการรักษา | I26: Low | J26: Improvement
A27: 26 | H27: บันทึกของแต่ละ section ควรอยู่ด้านล่าง | I27: Medium | J27: Improvement | K27: เห็นด้วยอย่างมาก +1
A28: 27 | B28: 46156 | C28: อ.ชานนท์ | H28: ช่อง CC ทำไมขยายไม่ได้แล้ว | I28: Urgent | J28: Improvement
A29: 28 | B29: 46156 | C29: อ.ชานนท์ | H29: DX มีอย่างน้อย 3 ตัวเป็น Default | I29: Urgent | J29: Improvement
A30: 29 | B30: 46156 | C30: อ.ชานนท์ | H30: ถ้ากด Retrieve ประวัติ จะเอา CC, Present Illness, PE, Dx, | I30: High | J30: Improvement
A31: 30 | B31: 46156 | C31: อ.ชานนท์ | G31: OPD Note | H31: Dx ใส่เลขแล้วควร Enter ได้เลย | I31: High | J31: BUG
A32: 31 | B32: 46156 | C32: อ.คเชนทร์ | D32: แพทย์ | H32: ทำแบบ JF (IMG) | I32: Medium | J32: Improvement
A33: 32 | H33: แยก Pre lim กับ ผล (IMG) | I33: Low | J33: Improvement
A34: 33 | H34: ควรแยก CBC Hemato (LAB) | I34: High | J34: Improvement
A35: 34 | H35: เชคคอมเม้น ผล lab ว่า คอมเม้น ตรงไหน ที่ผล lab หรือ ด้านล่าง (LAB) | I35: Low | J35: Improvement
A36: 35 | H36: mock up data ยังไม่ดีพอ (LAB) | I36: Low | J36: Improvement
A37: 36 | H37: เพิ่ม เวลา report time (LAB) | I37: Urgent | J37: Improvement
A38: 37 | H38: ทำเป็่น thread ได้มั้ย เพราะ บางท่านอยากได้แบบนั้น กดเป็นตัวๆไป (LAB) | I38: Medium | J38: Improvement
A39: 38 | H39: ไม่มี filter ถ้ามีจะดูง่ายขึ้น (LAB)
A40: 39 | H40: กรณี record แล้ว ข้อมูลเยอะมาก จะต้องทำยังไง ระบบจะช้ามั้ย แสดงผลออกมาแบบไหน จะ สกอยาวๆ หรือว่ามีเป็นเพจ เพราะมันคือการดูเปรียบเทียบ (LAB)
A41: 40 | H41: UI ฝั่ง list ถ้าดึงขยายได้ จะดูได้ง่ายขึ้นเพราะชื่อมันยาว(LAB) | I41: Low | J41: Improvement
A42: 41 | H42: ฝากคุย patho จากคุยเรื่อง ชิ้นเนื้อเดิม ผลจะแสดงอย่างไง (LAB)
A43: 42 | H43: รายการใน lab group checklist ข้อมูลมีเยอะเกินไป | K43: ฝาก revise รายการและการจัดประเภท/จารน่าจะมีดูอยู่กับพี่เตย
A44: 43 | H44: จารย์บอก การ search ง่ายดี | K44: *** แต่จารย์ใช้ ctrl + F ของ browser
A45: 44 | H45: activity ต้อง freetext ได้ เพราะกรอกได้ทั้งหมอ+พยาบาล
A46: 45 | H46: A-F อยากได้ freetext
A47: 46 | G47: Order Activity | H47: Activity ลบOrderไม่ได้ | I47: Urgent | J47: BUG
A48: 47 | H48: เอาDesign Order check list ของHostxp | J48: Improvement
A49: 48 | H49: Diagnosis ต้องกด+ทุกครั้ง (ปรับให้default มา1ช่องกรอก) | J49: Improvement
A50: 49 | G50: Discharge | H50: Discharge dropdown เลือกอันล่างสุดไม่ได้บางครั้ง (FE) | I50: High | J50: BUG
A51: 50 | G51: OPD Note | H51: [OPD Note] เพิ่มเติมของform PE ไม่มา | I51: High | J51: BUG
A52: 51 | G52: OPD Note | H52: [OPD Note] body charge กดปิดExplandไม่ได้ | I52: Low | J52: BUG
A53: 52 | G53: OPD Note | H53: [OPD Note] body charge วาดแล้วลบไม่ได้ | I53: High | J53: BUG
A54: 53 | H54: ใบรับรองแพทย์ เมื่อติ๊กนอนพักรักษาควรเลือกได้ตั้งแต่วันไหนถึงวันไหน | J54: Improvement
A55: 54 | H55: กรณีห้ามสั่งยาคู่ปฏิกิริยาซ้ำ ตอนนี้ใน SBH มีข้อมูลเตือนมากกว่านี้ สามารถดึงข้อมุลจากอันเก่าไปใช้ได้ไหม
A56: 55 | H56: ควรเอาตัวส่งกำสั่ง(ที่หมอต้อง sign) เอามาไว้ข้างล่าง เพราะหมอกด discharge ไม่ได้
A57: 56 | H57: ส่วน admit ควรเลือกแผนกที่แอดมิด แต่ไม่เลือกหอ + ควรมีใบออเดอร์ด้วย (อ.เสนอว่าสร้างให้ส่วนนี้แพทย์จบงานได้)
A58: 57 | H58: คลินิก consult ควรเพิ่มที่ตั้งเพิ่มเติม
A59: 58 | G59: consult | H59: diagnosis ใช้เป็น free text ได้ไหม เพราะไม่ได้เอาไปทำอะไรเลยข้อมูลส่วนนี้ ไม่ต้องเอาไปผูก | I59: Urgent | K59: การขอ Consult คือไม่รู้ว่าเขาเป็นอะไรถึงขอ จึงควรเป็น Free text
A60: 59 | G60: เอกสาร Fillter | H60: หมวดหมู่ของเอกสารใบรับรองแพทย์มีอย่างอื่นโผล่มาด้วย
A61: 60 | G61: custom form | H61: ใบตายหลังลงข้อมูลเสร็จแล้วไม่รู้ว่าข้อมูลไปอยู่ที่ไหน (ตายแล้วไปอยู่ไหนน้า)
A62: 61 | H62: สิ่งที่อยากดูในตารางที่ออกตรวจ ชื่อตัวเอง วันที่ออกตรวจ
A63: 62 | H63: concept คลิกน้อยที่สุด scroll นิ้วน้อยที่สุด เห็นในทีเดียว ควร copy ของเดิมมาได้เลยแล้วค่อยให้แก้เอา | I63: High | J63: Improvement
A64: 63 | H64: รูป body chart ไม่ควรใหญ่เกินไป?
A65: 64 | H65: ในกรณีที่แพ้ยา เวลาตอนพิมพ์สั่งยา ควรแจ้งเตือนมาเลย ไม่ต้องมาเสียเวลา กดตอนกดเพิ่มออเดอร์
A66: 65 | H66: ยาใกล้เคียง กับยา ที่แจ้งว่าแพ้ยา ไม่ควรอนุญาติให้สั่ง ระบบควรแจ้งเตือนแพ้กลุ่มยาเดียวกัน | I66: Medium | J66: Improvement
A67: 66 | H67: ประวัติตรวจร่างกาย diagnosis ยา treatment สามารถก็อปปี้มาได้ ถ้าเลือก visit ไหนก็จะขึ้นมาให้เลย และสามารถเติมข้อมูลได้ | I67: Urgent | J67: Improvement | K67: Retrive
A68: 67 | H68: ข้อมูลควร Alert ของยา ควร มี level ของมันเอง ว่ามีความรุนแรงขนาดไหน เช่น drug minor/ drug interaction | I68: Urgent | J68: Improvement | K68: คุยเรื่อง Policy ดีๆ
A69: 68 | H69: การสร้างประวัติการแพ้ยาคนไข้ ส่วนใหญ่แพทย์ไม่ค่อยได้ลงเอง จะเภสัชเป็นคนลงข้อมูล แต่ถ้าแพทย์อยากใส่ก็สามารถใส่ได้แล้วให้เภสัช หรือแพทย์ที่เกี่ยวข้องเป็นคนคอนเฟิร์ม
A70: 74 | B70: 46156 | C70: พี่นาตยา | D70: Physiotherapist | G70: display/layout | H70: layout ดี อาจจะตัวเล็กมองยากหน่อย | K70: แจ้งแล้วว่าซูมเข้าออกได้ตาม Browser
A71: 75 | G71: form | H71: custom form เฉพาะของกายภาพ | K71: มีแล้ว จะถูกเพิ่มเข้าไปในระบบ
A72: 76 | G72: UI | H72: ปุ่มบันทึกในหน้า OPD note / order section อยากให้ fix อยู่ตรง order section
A73: 78 | B73: 46156 | C73: วจมนต์ | D73: แพทย์์ | G73: OPD Note | H73: การลงข้อมูลการรักษา ในส่วนของ Phisical Examination ในส่วนของ Body Chart วาดแล้วลบไม่ได้ | J73: BUG
A74: 79 | H74: การสั่งยา Syntag ยัง งงๆ ในยาตา ยังสั่งยาตาลำบาก
A75: 80 | H75: สั่งยาพร้อมนัดหมาย ยังไม่ link จำนวนตามเวลานัด
A76: 81 | H76: การสั่งหัตถการ โดยเฉพาะพวกพวกตา หาลงค่อนข้างยาก ต้องพิมพ์ให้ถูก
A77: 82 | C77: อ.เปิ้ล | H77: ประวัติการรักษาต้องดูจาก OPD Note ก่อน ไม่ใช่ order ช่วยทำให้เลื่อนน้อย ๆ อยากดูเป็น summary ไว้ในหน้าเดียว | J77: Improvement | K77: Visit Sum มี Design อยู่แล้ว
A78: 83 | H78: body chart ควรย่อได้ ไม่ควรขึ้นมาเป็น default ถ้าจะใช้ค่อยกดขยาย
A79: 84 | G79: OPD Note | H79: รูปใหญ่มากเกิน | I79: Low | J79: BUG
A80: 85 | H80: สั่ง activity ไม่ได้ขึ้น error ขวาบน
A81: 86 | G81: allergy | H81: ย้ายModal alert ให้มาแสดงตั้งแต่เลือกยา | I81: High | J81: Improvement | K81: ซ้ำข้อข้างบนไปตามหาอีกที
A82: 87 | H82: แจ้งเตือนแพ้เป็นกลุ่มยาไม่ได้ | I82: High | J82: Improvement | K82: CDSS
A83: 88 | H83: ประวัติการรักษาควรดูได้ในรูปแบบเดิม ปัจจุบันเลื่อรเยอะ | K83: ซ้ำข้อข้างบนไปตามหาอีกที
A84: 89 | H84: order การระบุ dx ควรใช้ในการสั่งยาจ2 | I84: Low | J84: Improvement | K84: ถ้า order ยา จ2 ต้อง Require Dx (ตุลย์บอกว่า ICD เป็น Freetext ได้เถอะ)
A85: 90 | H85: med interaction ไม่ครบ | I85: Low | J85: Improvement
A86: 91 | H86: activity ไม่ครบ | I86: Low | J86: Improvement
A87: 92 | H87: Feature copy ประวัติ OPD note , รายการ Order ครั้งก่อนมาในครั้งเดียว | J87: New feature
A88: 93 | B88: 46157 | C88: อ.ศรัณย์ | H88: เพิ่ม Palative care: Leaving will ในหน้าลงประวัติติดตัวผู้ป่วย | I88: High | J88: New feature
A89: 94 | B89: 46157 | C89: อ.ศรัณย์ | G89: OPD Note | H89: Order ให้ไปประเมิณบางอย่างเพิ่ม คืออะไร เช่นให้ไปประเมิณเพิ่ม หรือ ตรวจความดันตา ตรวจVA ปกติตอนนี้เขียนใน OPD card เอา | I89: High | J89: BUG | L89: ??
A90: 95 | B90: 46157 | C90: อ.ศรัณย์ | H90: ที่ลงผล Kit test | I90: High | J90: New feature
A91: 96 | G91: ประวัติการรักษา | H91: เปิดหน้าจอประวัติ 2 visit พร้อมกัน 2 อัน | I91: Medium | J91: BUG | L91: ??
A92: 97 | B92: 46157 | C92: อ.อภิชัย | D92: แพทย์ | G92: Order med | H92: ในส่วนการสั่งยา ยาบางอย่าง dose จะ common อยู่แล้ว อยากจะให้ดึงข้อมูลตรงนี้เอาไว้ให้ได้ไหม ตอนที่หมอสั่งหมอจะได้กดแค่ ok ไม่ต้องกรอกเพิ่ม
A93: 98 | G93: DF | H93: dr.fee จะสามารถเบิกได้ตามสิทธิ อยากให้ผูกให้เลย ไม่อยากให้คุณหมอไปยุ่งในส่วนของค่าตรวจ | J93: Improvement | K93: ต้อนนี้ระบบทำได้ตามนี้ แต่ต้องทำพิ่ม ในกรณีที่ Min-Max เท่ากัน ขึ้นเลขมาเลย
A94: 99 | H94: อยากให้เน้นสีสันหน่อย เช่นสร้าง order admit ตรงแถบที่จะสร้างทางขวาเป็นสีเขียว หลังกดแล้วตรงหน้าต่างก็อยากให้เป็นสีเขียว เพราะตอนนี้เป็นสีเดียวกัน | I94: Medium | J94: Improvement
A95: 100 | G95: allergy | H95: ในส่่วนของหน้าต่างการแพ้ยา อยากให้ตัวหนังสือหรือแถบเป็นสีแดงไปเลย เพราะสีปัจจุบันดูเรียบๆ ทำให้ดูออกยากว่าคือแพ้ยา | I95: Low | J95: Improvement | K95: https://linear.app/cortexcloud/issue/SBH-266/custom-cpoe-สตวอกษร-banner-แพยาขอพนหลงสแดงออน
A96: 101 | B96: 46157 | C96: คุณกิ๊บ | D96: นักวิชาการสาธารณสุขชำนาญการ คุณกิ๊บ คุณน้ำ | G96: Pre assessment | H96: ในส่วนของฟอร์มคัดกรองเบื้องต้น อยากให้แทรกรูปได้ เพราะบางทีคนไข้ก็มีกราฟ หรือไฟล์ภาพที่เกี่ยวข้องกับการรักษามาด้วย ก็อยากแนบใส่ในส่วนนั้นไปเลย | I96: High | J96: Improvement
A97: 102 | H97: อยากให้ mockup data ข้อมูลการตรวจในอดีตมาให้เยอะกว่านี้ ตอนนี้บางส่วนไม่มีเลยทำให้เห็นภาพไม่ชัดว่าข้อมูลในอนาคตจะแสดงยังไง | J97: Improvement
A98: 103 | G98: Patient Banner | H98: ในส่วนแสดงข้อมูลเชื้อดื้อยาด้านบน บาง HN ไม่แสดง | I98: Medium | J98: BUG | K98: ยังไม่รู้ว่าต้องใส่ตรงไหน
A99: 104 | H99: ใบนัดหมาย(ที่ปริ้นให้คนไข้) ในอนาคตจะเป็นแบบปัจจุบันของ SBH ที่รวมนัดLAB นัดหมอ พร้อมรายละเอียดที่ต้องเตรียมล่วงหน้าเช่นจะเจาะเลือดก็ให้งดน้ำงดอาหารก่อน ข้อมูลเหล่านี้จะปรากฎในใบนัดที่จะให้คนไข้ไปด้วยไหม | J99: Improvement
A100: 105 | H100: ระบบสามารถที่จะแจ้งเตือนในกรณีเหล่านี้ได้ไหม คนไข้เด็กต้องฉีดวัคซีนต่อเนื่อง ถ้าคนไข้มาเกินนัดแล้วลืมว่าตัวเองมีนัดฉีดวัคซีน อยากให้ alert เลยว่าคนไข้คนนี้ยังไม่ได้ฉีด คนไข้ที่มีสิทธิติดตัวในเชิงรุก เช่น การฉีดวัคซีน การตรวจคัดกรองมะเร็งเต้านม ฯลฯ อยากให้ alert สิทธิขึ้นมาว่าคนไข้คนนี้มีสิทธินะ (และหากเป็นไปได้ก็อยากให้แสดงเฉพาะคนไข้ที่ยังไม่ได้ใช้สิทธินั้นๆ คนไข้ที่ใช้สิทธิแล้วก็ไม่แสดง) | I100: High | J100: New feature | K100: PP
...

Sheet Lean Feedback
A1: No. | B1: สรุปประเด็น (Consolidated) | C1: รายละเอียด | D1: Priority | E1: แก้ไขเสร็จใน | F1: Status | G1: Note | H1: Update | I1: Type | J1: คำแนะนำเพิ่มเติม | K1: หมายเหตุ | L1: จำนวนที่แจ้ง | M1: อ้างอิง no. เดิม | N1: SBH | O1: Internal | P1: External | Q1: Core team | R1: comment from md team 27/5 & 6/6 | S1: Plan | T1: assign to design team
A2: 1 | B2: Filter & Search ผล Lab ใช้งานไม่ได้ / ค้นหาแล้วไม่ขึ้นข้อมูล | C2: หน้า Lab result ในส่วนช่อง search ตัวประเภท Lab เคยที่ส่งตรวจ อนาคตอยากให้กรองได้ตามประเภทของ Lab | D2: Low | E2: Before Go-live | F2: To-do | G2: กำลังอยู่ระหว่างการดำเนินการเพิ่มเติมตามข้อเสนอแนะ | H2: กำลังอยู่ระหว่างการดำเนินการ | I2: BUG | J2: ต้องแก้ที่ root cause: ทำให้ Result ID ผูกกับ Order ID / LIS ต้องส่งรหัส order กลับมาด้วย. ระยะสั้น: ทำ filter แบบ dropdown ตามกลุ่ม Lab. เพิ่ม Auto-clear text หลังเลือกผลแล้ว. | K2: https://linear.app/cortexcloud/issue/SBH-642/emrlab-result-filter-and-search-ผล-lab-ใชงานไมได-คนหาแลวไมขนขอมล | L2: 6 | M2: 4, 14, 161, 173, 181, 238 | N2: FALSE | O2: TRUE | P2: FALSE | Q2: FALSE | R2: filter lab เชื่อมกับ order อยู่ แต่ยังไม่เชื่อม LIS แก้ด้วยการ sync กับ Order ID migration ผล labเก่า ยังไม่มี ผูก master data แล้ว แต่ยังดึงผ่านการ search ไม่ได้ ต้องมีให้ test before go live | S2: to complete
A3: 2 | B3: ไม่มี filter ในหน้าผล Lab / filter เฉพาะรายการที่ผลออกแล้ว | C3: หน้าผล Lab ไม่มี filter ถ้ามีจะดูง่ายขึ้น; อยากให้ filter เฉพาะรายการที่ผลออกแล้วได้. | D3: High | E3: Before Go-live | F3: Completed | H3: กำลังอยู่ระหว่างการดำเนินการ | I3: Improvement | J3: เพิ่ม filter ในหน้าผล Lab รวมถึงตัวกรองสถานะ 'ผลออกแล้ว'. | K3: https://linear.app/cortexcloud/issue/SBH-642/emrlab-result-filter-and-search-ผล-lab-ใชงานไมได-คนหาแลวไมขนขอมล | L3: 2 | M3: 38, 142 | N3: FALSE | O3: FALSE | P3: FALSE | Q3: FALSE | R3: filter ตาม lab type/group ตาม status ไม่เอาแล้ว | S3: to complete update to card
A4: 3 | B4: report time / timestamp ของผล Lab | C4: อยากให้เพิ่มเวลา report time ในผล Lab. | D4: Urgent | E4: 46191 | F4: Completed | H4: กำลังอยู่ระหว่างการดำเนินการ เพิ่ิ่ม report time ตาม feedback | I4: Improvement | J4: เพิ่มฟิลด์เวลาออกผลในการแสดงผล Lab. | K4: https://linear.app/cortexcloud/issue/SBH-643/emrlab-result-report-time-timestamp-ของผล-lab | L4: 1 | M4: 36 | N4: FALSE | O4: FALSE | P4: FALSE | Q4: FALSE | R4: - | S4: to complete
A5: 4 | B5: ตัวหนังสือผล Lab ตัดตก / mockup data ไม่คมชัด-ไม่พอ | C5: ตัวหนังสือในผล Lab ตัดตกทำให้คำอ่านขาด (เช่น 'หมายเหตุ' กลายเป็น 'หมา'+'ยเหตุ'). mockup data ยังไม่ดีพอ ทำให้ประเมินการแสดงผลจริงไม่ได้. | D5: Medium | E5: 46191 | F5: Completed | H5: กำลังอยู่ระหว่างการดำเนินการ set up text display | I5: BUG | J5: เตรียม mockup data ชุดใหม่ที่สมจริง/ครบกว่าเดิม และแก้ CSS ของช่องผลให้ไม่ตัดข้อความ. | K5: https://linear.app/cortexcloud/issue/SBH-644/emrlab-result-lab-patho | L5: 3 | M5: 3, 35, 102 | N5: FALSE | O5: FALSE | P5: FALSE | Q5: FALSE | R5: - | S5: to complete
A6: 5 | B6: UI หน้าผล Lab / Patho ขยายไม่ได้ | C6: ฝั่ง list ผล Lab/Patho ขยายความกว้างไม่ได้ ทั้งที่ชื่อยาว, การแสดงผล Patho อยากให้ปรับเพื่อสะดวกต่อการอ่านและ copy ลงประวัติ | D6: Medium | E6: 46191 | F6: Completed | H6: กำลังอยู่ระหว่างการดำเนินการ set up test box size/display | I6: BUG | J6: ช่อง HTML ของผล Patho ยังไม่ล็อกขนาด – ต้อง fix layout ให้ resize ได้ ป้องกันปัญหาในอนาคต. | K6: https://linear.app/cortexcloud/issue/SBH-644/emrlab-result-lab-patho | L6: 4 | M6: 40, 163, 182, 183 | N6: FALSE | O6: FALSE | P6: FALSE | Q6: FALSE | R6: list ทางซ้ายชื่อแลปโชว์ไม่เต็ม ขอ lab no. (LN-1dajdajwfxx) อยู่ตามหลังหรืออยู่ใน report เอา LN ไปอยู่ตรง report พอ ช่อง list ทางซ้าย ขอเป็น ชื่อแลป+วันที่ดีกว่า ขอปุ่ม print จากหน้านี้ด้วยได้มั้ย (ขอ ทุก Lab ที่มี report e.g. lab, patho, x-ray) required design layout template?? due date เอาเป็น before go live** หรืออยากดูก่อนนะ อยากได้แบบตาม card SBH 644 | S6: update to card/ need design | T6: TRUE
A7: 6 | B7: ผล Patho / ชิ้นเนื้อ – การแสดงผล | C7: ฝากทีมคุยกับ Patho เรื่องการแสดงผลชิ้นเนื้อเดิมว่าจะแสดงรูปแบบใด | D7: Medium | E7: Before Go-live | F7: To-do | G7: ได้รับตัวอย่างแล้ว กำลังอยู่ระหว่างการดำเนินการเพิ่มเติมตามข้อเสนอแนะ | H7: ได้รับตัวอย่างแล้ว กำลังอยู่ระหว่างการดำเนินการ | I7: Improvement | J7: ตั้งวงคุยกับทีม Patho เพื่อสรุป format การแสดงผล. | K7: https://linear.app/cortexcloud/issue/SBH-644/emrlab-result-lab-patho | L7: 1 | M7: 41 | N7: FALSE | O7: FALSE | P7: FALSE | Q7: FALSE | R7: - | S7: to complete
A8: 7 | B8: แสดงผล Lab เป็นกราฟ / แนวโน้มย้อนหลัง | C8: อยากดูผล Lab แบบกราฟ และดูแนวโน้มย้อนหลังได้ (อ้างอิง SBH ดูย้อนหลังได้ 5 ปี) | D8: Medium | E8: Before Go-live | F8: To-do | G8: กำลังอยู่ระหว่างการดำเนินการเพิ่มเติมตามข้อเสนอแนะ | H8: มีความเห็นจากทีม Design ว่าการทำ Lab แบบกราฟจะทำให้ Bias และไม่เป็นที่นิยม ในส่วนนี้อยากขอความคิดเห็นจากที่ประชุมเพิ่มเติม | I8: Discussion | J8: ทำ trend view ของ Lab; กำหนด scope ปีย้อนหลัง พิจารณาด้าน performance/limit. | K8: https://linear.app/cortexcloud/issue/SBH-645/emrlab-result-แสดงผล-lab-เปนกราฟ-แนวโนมยอนหลง | L8: 2 | M8: 15, 190 | N8: FALSE | O8: FALSE | P8: TRUE | Q8: FALSE | R8: trend graph ยังอยากได้ ยืนยัน!! อันที่พี่ ขต concern bias | S8: update to card/ need design | T8: TRUE
A9: 8 | B9: หน้าเปรียบเทียบผล Lab – จำกัดจำนวน/ดูยาก/ปรับช่วงวันที่ | C9: หน้าเปรียบเทียบผล Lab ดูยาก, ไม่ทราบ limit จำนวนครั้ง, อยากตั้งค่าได้ว่าเอาผลของวันไหน (scope วันที่) และเปิดดูหลาย Lab ในเมนูเดียวกรณีเทียบหลาย visit. | D9: Low | E9: Before Go-live | F9: To-do | G9: กำลังอยู่ระหว่างการดำเนินการเพิ่มเติมตามข้อเสนอแนะ | H9: กำลังอยู่ระหว่างการดำเนินการ | I9: Improvement | J9: ออกแบบ UI เปรียบเทียบใหม่ + ให้ผู้ใช้เลือก scope วันที่. กรณีข้อมูลเยอะต้องพิจารณา paging vs scroll และ performance. ทำ icon เปิด new tab สำหรับเทียบหลาย visit. | K9: https://linear.app/cortexcloud/issue/SBH-646/emrlab-result-หนาเปรยบเทยบผล-lab | L9: 5 | M9: 112, 119, 212, 220, 260 | N9: FALSE | O9: FALSE | P9: FALSE | Q9: FALSE | R9: need search with multi select set default as preference รอช่อง search ใช้ได้ (ข้อ 2 - SBH-642) | S9: update to card/ need design ส่วนอื่นๆ ใน feedback น่าจะต้อง work around/ ยังต้องคุยกับโต๊ะ | T9: TRUE
A10: 9 | B10: การแสดงผล Lab – เลือกดูทีละรายการ / เช็คตำแหน่งคอมเมนต์ | C10: อยากเลือกดูผล Lab ทีละตัว (เป็น item) ได้, และต้องการความชัดเจนว่าคอมเมนต์ผล Lab แสดงตรงไหน (ที่ตัวผลหรือด้านล่าง) | D10: Low | E10: Before Go-live | F10: Completed | H10: กำลังอยู่ระหว่างการดำเนินการ | I10: Improvement | J10: ระบุตำแหน่ง comment ให้ชัดในดีไซน์ และเพิ่มโหมดเลือกดูทีละรายการ. | K10: https://linear.app/cortexcloud/issue/SBH-649/emrlab-result-comment-ผล-lab | L10: 2 | M10: 34, 37 | N10: FALSE | O10: TRUE | P10: FALSE | Q10: FALSE | R10: Thought Bubble ที่อยู่ตามค่า lab ย่อยๆ ไม่เอาแล้ว แบบไม่เปรียบเทียบ comment ควรอยู่ใน"ใบ lab" comment เป็น specimen Not รายตัว แบบเปรียบเทียบ comment เป็น specimen Not รายตัว | S10: to complete card updated/ need designer to check and remove thought bubble | T10: TRUE
A11: 10 | B11: แยกผล Lab / แยก Pre-lim ออกจากผลจริง | C11: อยากให้แยกผล Lab ออกจากกันให้ชัด และแยก Preliminary report ออกจากผลจริง. | D11: None | E11: - | F11: Won't do | H11: ผล Lab มี status เป็น Prelim ให้ตามการส่งมาของ LIS ซึ่งทีมมีความคิดเห็นว่าควรเรียงกันตามเวลารับ Specimen เพื่อให้เห็นภาพรวม ไม่ตกหล่นผลตัวไหน ในส่วนนี้อยากขอความคิดเห็นจากที่ประชุมเพิ่มเติม | I11: Discussion | K11: ผล LAB จะ sort ตามเวลาเก็บ Specimen | L11: 2 | M11: 32, 211 | N11: FALSE | O11: FALSE | P11: TRUE | Q11: FALSE | R11: อิงจาก feed back ข้อ 2 เอา status แต่ไม่ต้อง filter status | S11: to complete
A12: 11 | B12: Auto-clear text หลังเลือกผล Lab จาก search | C12: อยากให้ Auto Clear Text หลังจาก search แล้ว Click ชื่อที่ต้องการแล้ว เพราะ Text ที่พิมพ์ไม่หายไปเอง (LAB) | D12: None | E12: 46191 | F12: Completed | H12: ไม่แนะนำให้เคลียร์หลังจากเลือก เนื่องจากต้องแสดงไว้ให้เห็นว่าเลือกอะไร ซึ่งมีผลในด้านการทำงานของระบบ เป็นข้อจำกัดของระบบการ search | I12: Improvement | J12: เคลียร์ข้อความในช่อง search อัตโนมัติหลังเลือกผลแล้ว (เกี่ยวข้องกับงาน filter/search Lab). | K12: ควรค้าง search ไว้เพื่อให้เปลี่ยนหน้าแล้วยังเก็บสิ่งที่ค้นหาไว้ | L12: 1 | M12: 239 | N12: FALSE | O12: FALSE | P12: TRUE | Q12: FALSE | R12: เมื่อ select แล้ว clear text ที่พิมพ์ค้างไว้ด้วย แก้ตามข้อ 1 (SBH-642) | S12: to complete
A13: 12 | B13: Masterdata Lab – CBC แยกเป็น Hemato / แก้ผังหมวด Lab | C13: ควรแยก CBC ออกเป็นกลุ่ม Hemato (CBC เป็น Hemato) | D13: Medium | E13: Before Go-live | F13: Completed | H13: กำลังอยู่ระหว่างการดำเนินการ | I13: Masterdata | J13: ปรับ masterdata จัดหมวด Lab ให้ CBC อยู่กลุ่ม Hematology. | K13: https://linear.app/cortexcloud/issue/SBH-654/lab-result-lab-result-hemoto | L13: 2 | M13: 16, 33 | N13: FALSE | O13: TRUE | P13: FALSE | Q13: FALSE | R13: master data | S13: to complete
A14: 13 | B14: ป้องกันสั่ง Lab ซ้ำในช่วงเวลาสั้น ๆ | C14: ต้องการให้ระบบดักไม่ให้สั่ง Lab ซ้ำภายใน xx นาที (ปัจจุบันไม่มีการดัก). | D14: Medium | E14: Before Go-live | F14: Completed | H14: กำลังอยู่ระหว่างการดำเนินการ | I14: Improvement | J14: เพิ่ม validation เตือนเมื่อสั่ง Lab รายการเดิมซ้ำภายในช่วงเวลาที่กำหนด (config ได้). | K14: https://linear.app/cortexcloud/issue/SBH-655/lab-result-lab-order-dup-lab | L14: 1 | M14: 10 | N14: FALSE | O14: TRUE | P14: FALSE | Q14: FALSE | R14: เตือนด้วย แต่ไม่ต้องห้าม | S14: to complete/ ใช้ design ของ alert อื่นๆของระบบได้หรือไม่ | T14: TRUE
A15: 14 | B15: รองรับการบันทึก Lab นอกโรงพยาบาล | C15: ผล Out Lab ให้ห้อง Lab เป็นคนคีย์ผลเอง (หมอแนบเอกสารไว้), และอยากมีช่องเพิ่ม Lab นอก รพ. เพื่อสะดวกต่อการค้นหา. | D15: Low | E15: Before Go-live | F15: To-do | G15: กำลังอยู่ระหว่างการดำเนินการเพิ่มเติมตามข้อเสนอแนะ | H15: กำลังอยู่ระหว่างการดำเนินการ | I15: Improvement | J15: เพิ่ม flow: หมอแนบเอกสาร -> ห้อง Lab คีย์ผล. เพิ่ม tag สำหรับ Lab นอก รพ. | K15: NUH จะทำ LAB นอก วีคหน้า | L15: 2 | M15: 17, 123 | N15: FALSE | O15: TRUE | P15: FALSE | Q15: FALSE | R15: - กรณีแลปคนไข้เอามาเอง รพ ไม่ได้สั่ง ถ้าทำ ทำ outside แลปแยก อ.คเชนทร์ ไม่แนะนำ ไม่ผ่านมาตราฐาน LA ให้เก็บเป็น scan document / outside document - outlab คือแพทย์เราสั่งจริง แต่ไม่มีเครื่องมือ | S15: recheck ว่าตามที่ใคร | T15: รอติดตาม NUH
A16: 15 | B16: Lab group / ชุด Lab ให้เลือก + revise รายการ checklist | C16: อยากมี Lab เป็นกลุ่มให้เลือก. รายการใน Lab group checklist มีข้อมูลเยอะเกินไป ควร revise การจัดประเภท | D16: Medium | E16: Before Go-live | F16: Completed | H16: กำลังอยู่ระหว่างการดำเนินการ | I16: Masterdata | J16: ฝาก revise รายการและจัดประเภท Lab group (ประสานพี่เตย). ทำชุด Lab สำหรับเลือกเร็ว. | K16: Order set | L16: 2 | M16: 42, 134 | N16: FALSE | O16: FALSE | P16: FALSE | Q16: FALSE | R16: ตอนนี้หมอยังจัดกลุ่มเองไม่ได้ | S16: to complete
A17: 16 | B17: พิมพ์ชื่อ Lab ลงไปได้เลย (cbc, cr ฯลฯ) / เพิ่มปุ่มทำ Lab ตามวันนัด | C17: อยากพิมพ์ชื่อ Lab ลงไปได้เลย เช่น cbc, cr; และเพิ่มปุ่มสั่งทำ Lab พร้อมวันนัด. | D17: None | E17: - | H17: ปัจจุบันทำได้อยู่แล้ว ในส่วนนี้อยากขอความคิดเห็นจากที่ประชุมเพิ่มเติม ว่ามีความเห็นต้องปรับส่วนการ order LAB หรือไม่ | I17: Discussion | L17: 2 | M17: 152, 226 | N17: TRUE | O17: FALSE | P17: TRUE | Q17: FALSE | R17: ทีมอยากได้ : ต้องการ multi select เป็นชุด ที่เรามีจะมี solution เป็น - lab checklist - order set | S17: recheck ว่าตามที่ใคร
A18: 17 | B18: แก้ไขรายการ Lab ที่สั่งไม่ได้ | C18: รายการ Lab แก้ไขไม่ได้ ทั้งที่รายการอื่นแก้ได้หมด | D18: High | E18: 46191 | F18: Completed | H18: แก้้ไขเรียบร้อยแล้ว | I18: BUG | J18: ตรวจสอบสิทธิ/สถานะของ order Lab ที่ทำให้แก้ไม่ได้. | K18: https://linear.app/cortexcloud/issue/SBH-656/buglab-orderแกไขรายการ-lab-ทสงไมได | L18: 1 | M18: 125 | N18: FALSE | O18: FALSE | P18: FALSE | Q18: FALSE | R18: แก้ไข้เรียบร้อยแล้ว | S18: แก้ไข้เรียบร้อยแล้ว
A19: 18 | B19: เชื่อมรูป X-ray กับ PACS | C19: ปัจจุบันมีปุ่มรองรับ link รูป X-ray แล้ว แต่ยังขาดการเชื่อมต่อกับ PACS (SBH ปัจจุบันทำได้ผ่าน Intranet) | D19: High | E19: Before Go-live | F19: Completed | H19: กำลังอยู่ระหว่างการดำเนินการ | I19: Improvement | J19: พัฒนาการเชื่อมต่อ PACS; ของสระบุรีให้ต่อผ่าน Intranet เนื่องจากรวมหลายเครื่อง. | K19: https://linear.app/cortexcloud/issue/SBH-409/emr-integration-emr | L19: 1 | M19: 1 | N19: FALSE | O19: FALSE | P19: FALSE | Q19: FALSE | R19: - | S19: -
A20: 19 | B20: ผล Imaging ขาด summary/detail – ปรับปรุงหน้า Result | C20: case HN6903210: ผล x-ray บางส่วนขาด summary และ detail. หน้า Result ต้อง improve. | D20: High | E20: Before Go-live | F20: Completed | H20: กำลังอยู่ระหว่างการดำเนินการ | I20: Improvement | J20: ทีมยืนยันต้อง improve หน้า Result – ยังไม่สรุปว่าจะส่งผลเป็น HTML ล้วนหรือเป็น field. | K20: Check X-ray Result (อาจจะต้องคุยกับ PACs เพิ่มเติม) | L20: 1 | M20: 2 | N20: FALSE | O20: TRUE | P20: FALSE | Q20: FALSE | R20: ปรับ format | S20: -
A21: 20 | B21: ผล IMG ชื่อรายการเยอะเกินไป / ทำแบบ JF | C21: หน้าผล IMG ชื่อรายการเยอะเกินไป; เสนอให้ทำรูปแบบคล้าย JF | D21: Medium | E21: 46191 | F21: Completed | H21: แก้้ไขเรียบร้อยแล้ว | I21: BUG | J21: ออกแบบหน้าผล IMG ให้กระชับ; อ้างอิงรูปแบบ JF. | K21: https://linear.app/cortexcloud/issue/SBH-658/bugimaging-imgผล-img-รายละเอยดเยอะเกนไป-ทำแบบ-jf | L21: 2 | M21: 31, 180 | N21: FALSE | O21: FALSE | P21: FALSE | Q21: FALSE | R21: แก้ไข้เรียบร้อยแล้ว | S21: แก้ไข้เรียบร้อยแล้ว
A22: 21 | B22: Filter ผล IMG ไม่ได้ | C22: หน้าดูผล IMG กรองข้อมูลไม่ได้ ข้อมูลแสดงมาทุก modality. | D22: None | E22: 46191 | F22: Completed | H22: แก้้ไขเรียบร้อยแล้ว | I22: BUG | J22: เพิ่ม filter ตาม modality; ตรวจสอบ masterdata modality. | K22: Check X-ray Result (อาจจะต้องคุยกับ PACs เพิ่มเติม) | L22: 2 | M22: 210, 230 | N22: FALSE | O22: FALSE | P22: TRUE | Q22: FALSE | R22: แก้ไข้เรียบร้อยแล้ว | S22: แก้ไข้เรียบร้อยแล้ว
A23: 22 | B23: Img/Lab check list – เลือกวันอื่นไม่ได้ | C23: Img/Lab check list เลือกวันอื่นไม่ได้. | D23: High | E23: 46191 | F23: Completed | H23: กำลังอยู่ระหว่างการดำเนินการ | I23: BUG | J23: แก้ bug การเลือกวันที่ใน Img/Lab checklist. | K23: https://linear.app/cortexcloud/issue/CTXN-2452/opd-order-checklist-ไมสามารถorder-checklist-ของรายการimaging | L23: 1 | M23: 265 | N23: FALSE | O23: TRUE | P23: FALSE | Q23: FALSE | R23: รอแก้ - comment : สั่งแล้วอยากเห็น waiting list/ดูคิว/ตอบรับ ปฏิเสธ - comment : e.g. x-ray ไม่ควร on paper แล้ว แต่เขาต้องรู้งานรู้คิว หมออาจจะไม่ต้องดูได้ก้ได้นะ - workaround : ??? ทำคล้ายระบบ consult ได้มั้ย // อยากให้ reply มาด้วย | S23: -
A24: 23 | B24: CT image – การจองห้อง | C24: CT image ไม่รู้จะได้ห้องวันไหน – ต้องการระบบจองห้อง CT / OR. | D24: Medium | E24: Before Go-live | F24: Completed | H24: กำลังอยู่ระหว่างการดำเนินการ | I24: New feature | J24: พิจารณาฟีเจอร์จองห้อง CT/OR และแสดงวันที่นัด. | K24: NUH บอกว่าจะทำจองห้อง CT | L24: 1 | M24: 279 | N24: TRUE | O24: FALSE | P24: FALSE | Q24: FALSE | R24: โอเคแล้ว | S24: -
A25: 24 | B25: Timestamp ของ V/S – บันทึก/แสดงเวลาได้ | C25: ขอ time stamped Vital Sign และให้บันทึกเวลาได้แบบ form graphic sheet ของ IPD. | D25: High | E25: 46191 | F25: Completed | H25: ปัจจุบันหน้าสรุปมี แต่หน้ากรอกยังไม่มี จึงต้องแก้ Widget กำลังอยู่ระหว่างการดำเนินการ | I25: Improvement | J25: เพิ่มการบันทึก timestamp ต่อค่า V/S และแสดงผลตามเวลา. | K25: https://linear.app/cortexcloud/issue/SBH-659/หารปมาใส-vital-signs-vs-timestamp-ของ-vs-บนทกแสดงเวลาได | L25: 2 | M25: 22, 278 | N25: FALSE | O25: FALSE | P25: FALSE | Q25: FALSE | R25: ต้องการ audit ด้วย (ต้องดูได้ว่าใครแก้เวลา) comment: แก้ได้ แต่ จบเคสแล้วห้ามแก้ ฝากไปคิด: ลงผิดลบได้มั้ย | S25: update to card/ need design | T25: ตามกับเฟรม
A26: 25 | B26: เชื่อมต่อเครื่องวัด V/S เข้าระบบ + ระบุที่มาของค่า | C26: เครื่องวัด V/S เชื่อมผลเข้าโปรแกรมได้ (ต่อแล้วกับ Labotron) อยากให้ระบุได้ว่าค่า V/S มาจากเครื่องหรือกรอก manual | D26: High | E26: 46191 | F26: Completed | H26: กำลังอยู่ระหว่างการดำเนินการ | I26: Improvement | J26: การเชื่อมต่อทำแล้ว (Labotron). เพิ่ม flag แสดงที่มาของค่า (device/manual). | K26: ติดต่อขอเครื่องมาเทสต์แล้วส่งตอนส่งมอบ | L26: 2 | M26: 5, 23 | N26: FALSE | O26: FALSE | P26: FALSE | Q26: FALSE | R26: โอเคแล้ว | S26: - | T26: recheck
A27: 26 | B27: กราฟแนวโน้ม V/S (BP / น้ำหนัก) | C27: อยากได้กราฟแนวโน้ม BP และน้ำหนักย้อนหลัง 1 ปี ผูกกับ Visit ในประวัติการรักษา. | D27: Low | E27: - | F27: Completed | H27: ทีม Data กำลังศึกษาเพิ่มเติมการใช้งานใน OPD จึงอยากขอความคิดเห็นจากที่ประชุมเพิ่มเติม | I27: New feature | J27: ทำกราฟ trend V/S (สำคัญกับ IPD มากกว่า – จัดลำดับตามนั้น). | K27: https://linear.app/cortexcloud/issue/SBH-660/vital-signs-vs%E0%B8%81ราฟแนวโนม-vs-bp-นำหนก | L27: 2 | M27: 25, 256 | N27: FALSE | O27: FALSE | P27: TRUE | Q27: FALSE | R27: กราฟ BW // SBP DBP SBP DBP plot คู่กัน ปัจจุบัน SBH มี ต้องไปขอดู | S27: update to card/ need design | T27: โจอี้ดูให้ รอติดตาม
A28: 27 | B28: Pain Score เป็น V/S ตัวที่ 5 | C28: ให้ถือ Pain Score เป็น Vital Sign ตัวที่ 5 และเพิ่มทุกครั้งที่บันทึก V/S. | D28: Low | E28: - | F28: Completed | H28: ทีม Data กำลังศึกษาเพิ่มเติมการใช้งานใน OPD | I28: Improvement | J28: เพิ่ม Pain Score เข้าชุด V/S มาตรฐาน. | K28: https://linear.app/cortexcloud/issue/SBH-661/vital-signs-vspain-score-เปน-vs-ตวท-5 | L28: 1 | M28: 24 | N28: FALSE | O28: FALSE | P28: FALSE | Q28: FALSE | R28: - ใน status รายการผู้ป่วยนอก pain score ไม่ต้อง include - ส่วนบน banner บังคับแค่ BP (น่าจะหมายถึงว่าค่าต้องปกติ) - Pain score ไปอยู่พวก pre-assessment / OPD note พอ | S28: update to card/ need design | T28: โจอี้ดูให้ รอติดตาม
A29: 28 | B29: ช่อง V/S (น้ำหนัก/ส่วนสูง) ใหญ่เกิน – ปรับขนาด | C29: ช่อง V/S เช่นน้ำหนัก ส่วนสูง ควรมีเพียงบรรทัดเดียว และช่องดูประวัติ V/S ใหญ่เกินไป. | D29: Low | E29: Before Go-live | F29: Completed | H29: กำลังอยู่ระหว่างการดำเนินการ | I29: Improvement | J29: ปรับ layout ช่อง V/S ให้กระชับ บรรทัดเดียว. | K29: https://linear.app/cortexcloud/issue/SBH-662/หารปมาใส-vital-signs-vs-ชอง-vs-นำหนกสวนสง-ใหญเกน-ปรบขนาด | L29: 2 | M29: 135, 158 | N29: FALSE | O29: FALSE | P29: FALSE | Q29: FALSE | R29: รอปรับแก้ | S29: update to card/ need design | T29: TRUE
A30: 29 | B30: V/S vอยากให้มีภาษาไทยในหน้าคัดกรอง | C30: อยากให้มีภาษาไทยในหน้าคัดกรอง V/S. | D30: Low | E30: - | F30: Won't do | H30: ในส่วนนี้อยากขอความคิดเห็นจากที่ประชุมเพิ่มเติม | I30: Discussion | K30: ขอความเห็นจาก คณะกรรมการ UAT | L30: 1 | M30: 206 | N30: FALSE | O30: FALSE | P30: TRUE | Q30: FALSE | R30: อ.ชานนท์ เสนอถ้าอยากจะช่วย RN ก้ให้เป็น point over ทีมแพทย์บอกไม่ต้องทำ!! เป็น med term ที่ต้องรู้อยู่แล้ว ไม่รู้ก้ต้อง training | S30: no action needed
